0,1,2,3,4,5,6,7,8,9,10,11
437541.0244065792,5.988099080519705,-82.52054282748703,5.190232924414701,190.83632433971044,0.8070496183249697,-0.15479643832083306,1.7198417457694066,34.93501096665809,1.1385992720406628,0.05784422032449327,0.5192146178143175
367338.88364609104,5.9878222544184005,-75.60691061003806,4.823393512443984,180.51524572589068,0.7975951576433953,-0.15183109734668088,1.6725722801557918,33.90904497544593,1.1509617563944234,0.05694408206975166,0.5115386450581273
369209.11812577944,5.986506466768788,-75.78617641113009,5.034673345548113,242.27461524896125,0.7972940401980009,-0.17559618333582055,1.9377065938017843,44.51121371596209,1.1263359172168286,0.06565855086479515,0.586031408590264
440610.78176378674,5.989740883203696,-82.83175002331936,4.841967898850745,191.25006204917636,0.7904462001216828,-0.15603788952107056,1.7216080844815382,36.06001170778632,1.1245866959569004,0.05927819025056451,0.5274513604378118
362869.51777817635,5.985618901354545,-75.12219813920684,5.146995435956178,260.43642408610947,0.7928548503216852,-0.18240359264142092,2.008991800813772,49.26965534832573,1.131202549005614,0.06887512972169363,0.6165836511898565
351901.834744799,5.974209879805866,-73.84570765987075,6.7288652907003055,318.586400345241,0.7806915186772923,-0.20306974050235022,2.2218629989013046,57.09222280272272,1.0999812128789013,0.07483766611896771,0.663650747288163
253623.7235615829,5.958357161203745,-62.53189477114408,7.254847826129491,441.1220337483595,0.7819222410844349,-0.23914389527621083,2.6144486942126517,77.9531392841345,1.0875954212595604,0.08743845488324573,0.7754762519026172
187727.71944485017,5.989130331247604,-54.05710445142047,3.327923474781288,2.496932656423591,1.1376824337343758,0.02225864782297042,0.19626289856646773,0.43821930904276435,1.3179869302377407,-0.005625035766866099,0.058240426891619484
238441.0169147514,5.9646157564216935,-60.65223908292323,6.851772290503498,29.243856558161564,0.8342855006041197,0.06616802679419913,0.6727236066553905,4.865608580435087,0.9942019385397214,-0.021350741140923748,0.1937955440338667
187877.11802286774,5.989177544731536,-54.079052639718014,3.3220527837342955,2.4659193363087017,1.1542403843180282,0.021879865570128398,0.1950673245637428,0.43619924483044253,1.3150780140377656,-0.00566645088925209,0.05810075674685766
206175.47386979253,5.9765265946350326,-56.521889682880655,5.173757424906759,17.17292564523755,0.8587877684861112,0.050869552022761694,0.5154990318941833,2.783423136438476,0.9608876020085722,-0.01609969996544719,0.14658203476022624
268787.2337675927,5.970742961156879,-64.50499489200335,6.237480388847422,337.62018190873175,0.7897154052304027,-0.20846148074254015,2.287325764592915,59.76343041954741,1.1063997330927353,0.07639418833960916,0.6790182089904854
263900.43109440117,5.962262679428011,-63.83097451652962,7.003636778143527,410.8184145755425,0.7935266506772362,-0.22926537548808607,2.5231874911201424,70.61666068077568,1.0898088818608733,0.08301940863770023,0.7381059811151828
340335.58192522224,5.978379308730274,-72.66722959800805,6.100590965798352,311.7637124820705,0.8142065311247371,-0.19657264796162244,2.198332823210741,53.10725753152093,1.0862799207599891,0.0725359587457551,0.640030455645543
256734.22150371544,5.961001697755705,-62.94715656847414,7.00911484707998,433.5802477819936,0.7752933129799424,-0.23846679347838512,2.591876725463962,80.72623658371799,1.1119879146561253,0.08860518701844089,0.7891912595459506
361088.8521277836,5.981332623438787,-74.88527832301362,5.848795173486924,246.35565947415475,0.7727076422476579,-0.1793881160008107,1.9537469342576965,47.172200085386685,1.128230427457824,0.06763999912615279,0.6032890216847125
216829.6442106419,5.982132050987474,-58.022565580881704,4.620072965177344,17.513048728790537,0.8295800950250943,0.0528514088715839,0.5204307014076329,3.155950425329382,1.1207061550296415,-0.01659778551792166,0.15614216667443445
257379.37639942882,5.96345517063531,-62.99885426985537,7.259277989345846,55.7536489347497,0.7898811649217901,0.09034221813621265,0.928972038453092,9.47640190334786,1.0165455023783039,-0.02991435258604844,0.2704431943666964
217542.41260301427,5.9820790610297205,-58.11714863582709,4.6365106883603415,18.933030529186716,0.809523720150232,0.05522402013788687,0.5410904819143955,3.355298171971116,1.1080763220175576,-0.017177425903613524,0.1609913134546402
237006.6702041229,5.9651347729123945,-60.47405281741176,6.791035103451594,44.733310317474995,0.8093971791997097,0.08039189678025495,0.8321629147244063,7.401616325114014,0.9667185895834222,-0.026589099072496396,0.2389940320394344
324635.269159556,5.982815563571575,-71.0222185132495,5.317006495604847,220.36635957497379,0.802651007823671,-0.16669487470797734,1.848090145827594,42.68380389349648,1.1278914850891977,0.0645565122426176,0.5738463859300762
334524.5990953066,5.978267870953722,-72.0447356029986,6.041765698716677,272.1873572693471,0.8155831171592094,-0.18367693212075092,2.054066756933732,44.44968201554641,1.079013991062055,0.06628711547846758,0.5855503044726393
419542.21350919735,5.9871115458816835,-80.79401472851896,5.260634004478072,206.00426161855023,0.8217377217794817,-0.15819028511819597,1.7871184687882533,32.09435116645011,1.0542984729278622,0.05635253369095225,0.49755553502549
325908.33966285264,5.977178960396591,-71.0991088084612,6.102010641966241,295.6373591604169,0.7797890157697605,-0.19614139161550115,2.1402949075715356,53.1409403542478,1.1163951486305368,0.07182446555547452,0.6403162052183526
939272.6022667884,5.976728250486294,-120.64952044611252,10.946580586724068,13.540925952073419,0.8394701573093933,-0.038691886314614184,0.45834474572592643,2.440350380200601,0.928566035620407,0.015944039923118547,0.13715328992134018
374390.62046695617,5.98782499602785,-76.32940420377547,4.865747495796967,98.6124042317563,0.821266294722355,-0.11034379052942632,1.2363830571521068,17.029405480429123,1.1302442950825244,0.04105916813622883,0.36243120040610943
382004.51564971777,5.975516173320345,-76.9460448216173,6.937344112591026,216.847439158147,0.8102972651896814,-0.165089941901935,1.833299361241601,39.58481612367101,1.107102014886589,0.06280603215324518,0.5525502495622866
429394.2091749583,5.985717861906194,-81.71515687536944,5.64957123970358,86.04811108917603,0.8133726823512168,-0.10306820458596622,1.1549366566923924,14.934205587069636,1.136997827827561,0.03839611117621726,0.33941010561785734
351118.91762703797,5.979548564522769,-73.82115513715186,6.05558767907994,211.79068843331447,0.8183920615513121,-0.16200908671050268,1.8119002628714878,38.37841987316722,1.1123910421077539,0.06146612487396801,0.5441078208885594
331107.0802625298,5.9808638094275945,-71.70030029504446,5.71096022595791,113.4880982520617,0.8352603078377048,-0.11682036415213647,1.326500862309492,20.20460576956075,1.10966523912694,0.04519956582639565,0.3947220310849126
339422.27625774767,5.964570059288919,-72.40395438914042,7.819236237803605,251.7115997517614,0.8123309647502135,-0.17727379387238185,1.9752386559925776,41.00381296520331,1.070735354946902,0.06397673048463591,0.5623604420184151
404364.5103365325,5.983706479380805,-79.27207796660153,5.842356447989901,95.87494397405644,0.8613255663747442,-0.10539311428842575,1.219400791805229,15.508456102712174,1.1033373731184315,0.03972622852483773,0.3458057837423071
310995.7305701319,5.969532119827251,-69.36457938673493,6.9183391547148405,242.14583600511125,0.7932863466747362,-0.1758415232767046,1.9371650539568361,43.532346178353784,1.1061503190480488,0.06559860008656362,0.579476727906369
850860.1676836497,5.977789810542754,-114.85411877774695,10.159799202947848,8.427169514334645,0.9958783187605891,-0.0264422796234976,0.36190513882755465,1.4237257590542014,0.9099826277018928,0.012235501035560214,0.10475280429191265
814237.290668392,5.9638758079239675,-112.08141009773185,12.657613408446249,20.21483839380883,1.020024629632962,-0.04160627315606094,0.5604692390643096,2.4958230060885263,0.8489862875365795,0.016626414137219988,0.13864407519978728
315055.52403549367,5.98229785614522,-69.95665523530758,5.367397073340098,85.53307489937337,0.8357293329444955,-0.10128220689141235,1.1516059264652618,14.366280693991449,1.1019860632967837,0.038306365404259614,0.3328200569246444
322698.2821343303,5.966487737864988,-70.61859921435968,7.427927258027528,214.51592637732583,0.8246687606470648,-0.16198224130153058,1.8236153934282988,35.82727333016909,1.076758774977592,0.059894241285906376,0.5256550701293878
393340.35681506316,5.983125073524029,-78.17471045320889,5.8870808379293305,62.85094720833862,0.878486469000467,-0.08474155416053795,0.9873524796792418,10.703927994538038,1.1421085681680059,0.03305592983147443,0.2872833844139007
295186.7565255043,5.971664023323645,-67.6013013804404,6.508234966707221,207.65800678862834,0.8129397473560767,-0.16069317501985597,1.7941109384802145,35.94645490289328,1.0959359387977756,0.059765163837966845,0.5265546544474512
833215.8635970099,5.977620887164858,-113.65273046186522,10.102213978425363,26.113952280452594,0.9011568882612013,-0.05110095047138767,0.6367253703465824,4.169887344259305,0.880755961655607,0.021119035654628162,0.17925186529027906
309691.28555116063,5.978931703136439,-69.32169322367888,5.781797760129447,121.70873442186814,0.8299065993579129,-0.12126145593923726,1.373679232806985,20.441429040885115,1.0973917489455163,0.045486688512459184,0.3970259759135231
318540.51957964967,5.961350049570925,-70.10628202403564,7.893341446966748,278.6018274762439,0.7682090115382653,-0.19134087216198073,2.0776289911715717,51.056050636846095,1.1119674823461367,0.07066369456551944,0.6276002213756072
360237.94686413044,5.980150121846841,-74.7812734340757,6.039790007114683,146.25430212030662,0.8320270637417371,-0.13260926731226347,1.5058679400441115,25.29446663728912,1.0890021123521954,0.050655580186152585,0.4416412942647296
291197.20638906205,5.96718926879157,-67.09674520391727,6.926985843041567,260.4686641288054,0.8128744048924315,-0.1798911922488814,2.009343682888485,43.90009253174625,1.0849708304171977,0.06607615703950064,0.5818963948807029
844219.0923493085,5.9786127620505045,-114.42016088973185,9.947366481929905,36.94110424438365,0.8201850460850668,-0.06528249755123605,0.7569299500825473,6.8218674053335,0.9921545580332176,0.026975378172957212,0.22927749143034934
315079.8186097628,5.977142689192503,-69.90190889054516,6.07003288586376,137.33962214177123,0.8389163625920553,-0.1279382938604725,1.4593023637784073,24.162296276525353,1.1009164965596034,0.049423532648623716,0.4316540907727908
323495.368377832,5.957990167758623,-70.61090506771993,8.289464181783357,302.20972410938714,0.8131842752303866,-0.19389263814631047,2.164355004171413,51.77204386806415,1.0838635217338821,0.0717683779982584,0.6319164443490535
364390.29122606857,5.978569124158746,-75.19182596728947,6.307741918640636,154.64607730020796,0.836984280181406,-0.13608483207168195,1.5484914840888768,25.10171390221164,1.0673201503930538,0.05066195945744255,0.43993238767447074
295909.20799524157,5.9642426088788,-67.60531249892341,7.2871871698592905,277.51562740819855,0.7998940147461442,-0.1874685511461325,2.073894216343802,45.99020890229157,1.0857839915349685,0.06739979765549062,0.5956137794956995
365206.2979712509,5.979830026887704,-75.29563875713946,6.075787188105952,258.10627960503035,0.7853568081540131,-0.18480198921947877,1.9996896868287146,49.157999602860976,1.1329692414983277,0.0675347359004012,0.6160242944431773
366242.2488359794,5.979260593050323,-75.39343603642186,6.193943871568728,223.4316274691146,0.7905923448236134,-0.17042025227107693,1.8606655037434263,40.411397377247425,1.1195904559329466,0.06134136170340904,0.5585259880740707
354025.62999199075,5.986597002116634,-74.21350355841021,4.899628374753658,180.30592012868624,0.7787895421571754,-0.1544078772492335,1.671358193043642,32.567567899747914,1.131173301099279,0.054791326778711145,0.5014299898556218
320763.08316585264,5.978482738792536,-70.55064423015762,5.87620397673307,286.69332558348503,0.7568499959683666,-0.1977693488802701,2.1072423915832337,56.92183635057236,1.1479627981823064,0.07216684995261993,0.6629432798186906
354069.86139650084,5.973375460670651,-74.05678019038952,6.923502881681792,203.72527477678338,0.7733076370637595,-0.1651518280942334,1.776494382784357,37.189466151634086,1.1189406587327853,0.058891356632376116,0.5357933486183266
354419.6322041726,5.972011545581078,-74.07430695592616,7.127678597511668,193.4071888877577,0.7960685596474928,-0.15745337515339192,1.7312411042440103,34.66938895204178,1.0911361114445233,0.05779678780759141,0.5172176838691332
326921.33156987955,5.979932113159721,-71.2357158514495,5.798154267602148,136.10164179822905,0.8151585449274545,-0.13145051963404283,1.4523460035354072,25.39443100514079,1.1107610860883161,0.04921270520762492,0.44268736358045035
290386.36867499753,5.966166042523985,-66.98922322554182,7.052019723835493,254.41777331791207,0.7942531022559195,-0.18245910662221082,1.9854436236022923,49.43024970365243,1.124993323755939,0.0681301168065301,0.617682857940637
840916.1287391366,5.9948357766557505,-114.52388995632666,4.8572770993831185,0.6801264741805852,1.4371422548906736,-0.008456101754978435,0.10273981945760413,0.07176778982815252,1.0410929526070682,0.001987920213053514,0.023595212040983544
353540.5633566766,5.964286120544542,-73.89274852464179,7.995812524197969,241.53099733125015,0.7947516092099293,-0.17730437177619207,1.9345503335529508,41.06296814084067,1.116532895882908,0.0615439472485859,0.563042432821347
315295.8020804104,5.970084279863211,-69.84717370070663,6.918759536920629,184.23587953315,0.8007879548442528,-0.15430557061278788,1.6896376560030055,31.739291739130003,1.1252802290180675,0.054114606053672076,0.49500992527787663
811509.075611029,5.998801201549992,-112.58147538564506,2.289258922386631,14.89655424960587,0.8872333092565989,-0.04074014746430626,0.4807274701269716,2.847553115743606,1.09851099051847,0.016039212258413642,0.14828773511951848
340111.6326486742,5.969690778608159,-72.54083122994848,7.216097602143982,257.758990367516,0.710455879211724,-0.19283539645920245,1.9975732112653242,49.750294682973674,1.185001657840018,0.06550627964314339,0.6199863744777349
341593.21797339607,5.968706190737585,-72.68785578792506,7.339594797270662,276.80805530077424,0.7828313390584154,-0.19086557659383413,2.070916752490573,48.79456659858981,1.1023896365515082,0.06760128089344737,0.613708088893285
319652.78307289217,5.97788657405196,-70.41993867252786,5.967157855407796,202.52382678802735,0.7988764689234495,-0.16187587095078215,1.771505290979074,33.97132875711966,1.1061526474897316,0.05615148224041838,0.5121015689852955
283930.82932341914,5.962815870840367,-66.2115270209099,7.242437278826948,348.4997569682642,0.7726010225316068,-0.21666433174392674,2.323438243203181,66.28167147869897,1.1333894339302903,0.07841865222055998,0.7153153664022929
813327.9562325492,5.995120349479741,-112.6352895045429,4.641214750621619,18.528706662638967,0.8628487557503893,-0.0467625211170328,0.5360264062735276,3.8226111063530706,1.0928816250441145,0.0190222020895807,0.17176235063612316
363725.469658717,5.974633491849945,-75.07740347327173,6.825976203373458,214.85624194474977,0.7934314664611026,-0.16739603942971798,1.8245841571081232,37.81693731745743,1.1117449607298662,0.05929168284694209,0.5403048390842098
363032.8441314696,5.973932154376847,-74.99610114771745,6.9262545575185515,222.83609328833225,0.8133835971715333,-0.16784315490144452,1.85839786724558,40.05542143034685,1.095875651136878,0.061707490660989496,0.5559902566780361
340613.2070115082,5.981884861095409,-72.73734320875379,5.600023436270208,146.0768083034085,0.8012885722811118,-0.1372257352266676,1.5045328934032178,25.77197717474714,1.114301857383772,0.04903396708928853,0.44602605501158626
303534.7134470159,5.96903631683376,-68.5241656095765,6.867941840242676,263.6186922991589,0.783121992696743,-0.18717409317659414,2.0208928536708415,48.93854596689684,1.1333543988704449,0.06717050439292777,0.6146710613864795
848421.4470543999,5.996021393992535,-115.05772232718894,4.278509448918442,8.55782663276796,1.3314682136823799,-0.02260204046169991,0.3649728605033079,1.5730777561590559,1.1644401728613891,0.01320644020016991,0.11006934135912669
324163.92489000235,5.93604287251124,-70.42583798926265,10.259759739702364,288.0593542370527,0.809179122198739,-0.1885160723580685,2.1131467295047535,47.506551633569416,1.0707592670825046,0.06636340571217632,0.6055913085733167
320759.30067017715,5.974191140809024,-70.4941059548608,6.514990299024097,279.73812358910243,0.7095913862471431,-0.20383970067276258,2.0807108298630457,30.178736214068717,1.1913359191952877,0.0432143166609288,0.48363612303873754
284584.591925657,5.976988782383296,-66.41350063253421,5.9900903641573455,47.32879505621472,0.9556964486717211,0.06977889221033418,0.8571133699547882,5.316881952828619,0.41204587774759266,-0.021598499085439274,0.20266140504232638
363871.21861028724,5.984941005731908,-75.20937483969831,5.388666533335843,126.57614313555109,0.7897646566907415,-0.12842225169829363,1.4004499140496693,25.46796416895552,1.1754903098687177,0.048550644273493974,0.4434087335750094
244755.8301168669,5.933998984267427,-61.0963415640795,9.568014060471315,412.27142513441106,0.139698456029348,-0.32964980014758416,2.516559561581611,66.10125689847027,1.5630394270295995,0.028151740621062786,0.7180693204832688
227471.98383714329,5.946736219369171,-59.033160321850545,8.326807903996265,90.10078773269352,0.7978030946109695,0.1107992401334502,1.1813332877343237,14.34987586863285,0.9219970659839256,-0.037520775994557054,0.33271699173991764
233296.9654606486,5.946637950749519,-59.781996558524334,8.448548561689105,81.41651944459026,0.7972300226396808,0.10573904358277791,1.1229213556540467,13.090645340631278,0.9333447006147724,-0.035845641370769434,0.31778256201119665
271475.76413257164,5.927721124714946,-64.2548503152461,10.635930873071262,139.23153410049952,0.7952720197324341,0.1370331481283874,1.4685757170246037,22.409194510761676,0.9232681335331381,-0.04720542955039701,0.4157444882813097
261277.47625885106,5.941602072240171,-63.25672475723007,9.002629589880074,257.31090424991737,0.7920206089257249,-0.19334009508807962,1.9957711508427742,51.391569271849235,1.1920673005250992,0.06759861220929331,0.6300214778590486
287510.6729126279,5.983586746850329,-66.84177156433529,4.9529625882929125,42.22861375901297,1.1567156386672879,0.12669406588718488,0.8023532287300597,294.45198252701084,0.6875384450654707,-0.1188600918043791,1.5120444411684886
304982.25066548557,5.9849750569238935,-68.85931948525499,4.872554430254762,150.28262076935675,0.7724702544060232,-0.14169217831197248,1.5258077454667767,30.001487382144813,1.1685708559405392,0.05276499389126388,0.481250948666765
320145.4997654569,5.98062279257433,-70.5042214424374,5.606085321417705,245.17393921993664,0.7696297636401914,-0.181884159284499,1.9487844808784993,47.11484225662716,1.1701138879490849,0.06574912508107869,0.6031266514431047
302716.5867619113,5.977309434797107,-68.52238939474572,5.884625713646093,246.24709678950947,0.7859809406774205,-0.17996638731749837,1.9532595799770118,46.142148626073336,1.145464328193103,0.06585237682259237,0.5967822053379385
295169.25816393417,5.975876060328199,-67.63889854347818,6.082685479008152,198.74907460441733,0.7554609632413212,-0.16551698307077917,1.754439631052938,39.03053969488148,1.1991543679336591,0.058915750601971406,0.5490492015268467
269871.2000660226,5.976415358580404,-64.6873591183401,5.6818193676414595,236.65518594548337,0.7744830027064189,-0.1784068301999055,1.9146561788833523,46.08899124615311,1.173972401107492,0.06490107579029615,0.5965384266514885
273843.1255868247,5.980366018523963,-65.20078598828,5.258929910604234,166.53243444318028,0.7916060173422009,-0.14748505803280115,1.6063366539526367,29.770423289830536,1.1587029188147606,0.052634794728454594,0.4793860764933568
292569.276780221,5.9502401287931646,-67.02034879204977,8.925681905767481,225.6066278784487,0.827891572652832,-0.1746558559196592,1.8693846293884337,41.22072773989375,1.1954651049555995,0.061294301989619646,0.5641630473644347
240394.79885045887,5.975939216723111,-61.052927487069454,5.358057231596078,329.4219015281004,0.7544395790098507,-0.213157056577234,2.258712305852142,65.31048806302886,1.1666280368903499,0.07781372179661747,0.7100585980696041
317586.6640296874,5.980578684040206,-70.20994875137671,5.731903854123916,169.57404489571397,0.7665077345522938,-0.15204759850941696,1.6206406076866795,38.64833033343623,1.1800913530978956,0.05922662132752866,0.5462895642936043
304913.6944129018,5.9831466455293025,-68.8275541544924,5.200410013836094,238.9771878053129,0.7765594970132941,-0.17915543780959398,1.9240379124542388,50.107996897375465,1.187738278535443,0.06676146853883227,0.6221025896741504
234377.52765069518,5.959970282222999,-60.07538971191103,7.2867290675670935,49.62677016482278,0.8274849467608327,0.0816878860742141,0.8767812572666469,7.586858617532406,0.8667213977346628,-0.027346919662852184,0.24191833112524863
240604.44299454291,5.956866033390213,-60.8326683225681,7.670129499959781,54.997270526125675,0.8263972163046582,0.08584296094737025,0.9230186011270314,8.28179542988083,0.8534705752855629,-0.02855505351766481,0.25275706857484176
278246.68834015983,5.938986553671919,-65.19752886168177,9.843105995831303,93.50016918437133,0.8128580882229623,0.11156772607578427,1.2035334586142927,14.534853890411322,0.8789199052922712,-0.038123936620776386,0.3348135473295152
235998.6656353935,5.960568836299068,-60.288689005441036,7.263134898804807,47.48137131718289,0.8224077465856805,0.08035248902830398,0.857577929017497,7.397304732502254,0.8868624025718685,-0.027012442555699512,0.23887605817630383
229189.70462514026,5.9505465470616326,-59.30414179791632,8.006740933766409,63.1580588774517,0.8072477581710635,0.09270541527744963,0.9890654052884564,9.96035958892257,0.8980571458204684,-0.03137157209664964,0.2771842956457712
237850.5617625104,5.944403697645624,-60.34533683750429,8.65189860709036,75.73248575682301,0.8027427014052526,0.10153828561581009,1.0830558926041451,11.981129306709443,0.8987330710415949,-0.034447506182536024,0.3039999046487871
219862.89252104115,5.95806739167371,-58.16526605384404,7.222154839575634,51.618297780464985,0.8144396233664688,0.0838166021453774,0.8941536109777608,7.990668425625639,0.8855401176574554,-0.027992425766738337,0.24828113334462998
226053.08449391153,5.954648993346098,-58.94042917260629,7.622680248203363,57.21781528893271,0.8108058140749599,0.08832672649928365,0.9413961723288949,8.926298920896661,0.892649408454806,-0.029643814036737392,0.26240799265430254
262235.8886235568,5.936355348519716,-63.26321919000928,9.757092674558193,95.51583861345102,0.804456919785743,0.1133145052188705,1.2163859589958177,15.05968530156659,0.8964247034269763,-0.038781239485703334,0.34080758043570786
220798.21144305373,5.959195682455913,-58.30011290193632,7.146250024956601,48.66802345543472,0.8135898594537625,0.08163413494604635,0.8682014365933625,7.685419919484404,0.906603326806503,-0.027437195001796297,0.24349444234192555
232700.91245827993,5.951109590508741,-59.76221737529774,8.026775912424915,74.30820300731533,0.7950440452078392,0.1010989546738269,1.0727742881674418,12.291580946882775,0.9520590764751082,-0.034809675121945466,0.30792249457521986
242848.4067211926,5.9424946823997935,-60.955360043650614,8.885405841465868,102.26104881143229,0.7877503414152346,0.11836114255968593,1.2584989183986592,16.747555515420142,0.9384638390063792,-0.040633358414590044,0.35942900223572855
222698.7895126472,5.958736648035677,-58.54590691622984,7.214247673268749,59.92165923404515,0.7903803715009561,0.09150300983495568,0.9632772834044722,9.880158849706163,0.9551289897707756,-0.031056129617917694,0.27608740975728047
229862.72033783363,5.955332751232192,-59.44192191111766,7.63301544549991,66.93266120164586,0.7877863251335729,0.09674168003246317,1.0180687003440452,11.13166104589545,0.9605953473373098,-0.033007768620686634,0.2930470766476632
359747.8075365683,5.892808651605504,-73.43593379639111,15.10705531236789,149.02852482827555,0.7928133208217787,0.13941674227396128,1.5195833877795324,24.385101933941964,0.9581070688662053,-0.048493641071444514,0.4337706486549724
293941.904513445,5.981530618901408,-67.56121606326678,5.322061825567193,223.05710353401068,0.7478943715464336,-0.17565313126080884,1.8586051813650981,47.313705516275455,1.1910393022552344,0.06507660225550249,0.6044860297680841
410442.7538110453,5.989435175088149,-79.94115062062203,4.751890755121228,152.8900766945529,0.7942557843043525,-0.14182466280598946,1.5390884358516754,26.94742473084792,1.167244949822647,0.049892082511767216,0.45611131953985584
307965.8731203407,5.9405629633030586,-68.60807482532365,10.242013291736846,134.82184753775408,0.7990357520916249,0.13478804012201984,1.445137900692343,21.70797119654082,0.9340429633863361,-0.04640085208649332,0.4091949240870695
394375.87387951487,5.9889811604423215,-78.35316550966772,4.785862929716543,140.27516746355414,0.7851704231230758,-0.13721749866405492,1.4741000134585216,27.273222917804176,1.1934048441985887,0.04979344594574624,0.45890376636740865
434227.07483214774,5.981296056695813,-82.10137234961914,6.645502431080955,83.80264103756294,0.7924141730197252,-0.10626123095793356,1.1393528062050076,16.305885206128877,1.2521386256495484,0.037025455941725564,0.3549913291690224
392651.5781951175,5.988006377433154,-78.17056493759117,4.954158519522082,179.74750293086845,0.7627827110235189,-0.15728323506189376,1.6684773649238651,34.91620241443882,1.201145788622232,0.05581273619308046,0.5192954552482093
397325.1334239773,5.98430299339153,-78.59119738741465,5.6239579445506305,240.92762300499433,0.7944532306661481,-0.17755013707961637,1.9320895575195385,48.404557437598044,1.1422104265043955,0.06794897344513794,0.611182085788668
293780.9735265045,5.952678023464724,-67.17329704292683,8.836055439750748,71.62644549653216,0.8174801043776427,0.09740616745772043,1.0534112442083166,11.156560406877388,0.8505533953652558,-0.033506053542831996,0.2933223014956662
379236.0948886388,5.984521560099539,-76.7822953423269,5.481159056136409,212.02686057755946,0.7886747682251711,-0.16715014349807727,1.8124515237801366,39.284419946729884,1.1678549299291954,0.06013880045701303,0.550720306065991
440512.43564686517,5.9770291155812085,-82.63463616364749,7.38401740815055,122.33930741231735,0.7449790298853807,-0.131740971810218,1.376297930923373,27.905916687978703,1.2361642405325115,0.048214997328397846,0.46442468512930724
374727.6141402649,5.982893294627429,-76.30638847104991,5.696845569862371,278.63996479774875,0.770190548681823,-0.19415462717634946,2.0775113551340305,50.87967631869694,1.1747900193920324,0.06793875350841755,0.6268028374309917
340175.89685723255,5.9790714176083615,-72.66077531977885,5.971609357859659,256.17508800636193,0.7725325546249131,-0.1844422325038353,1.9921638519379892,48.35857133681552,1.13146475863242,0.06797530064747218,0.6108851750294462
244488.8913012034,5.954196390760419,-61.298031989814405,7.9177143644484635,66.66789070770213,0.80032428971759,0.09558213199776198,1.016144600118806,10.923014899438446,0.9282076178484834,-0.03286498174305523,0.29026874939767716
322488.00392276846,5.9807660763870985,-70.76476888333134,5.587713860064615,234.9349967450856,0.7912146247042444,-0.17516676419083488,1.9079245081671536,45.25151189866495,1.145163959334946,0.06543483470191343,0.5909701507824682
384073.22384786844,5.9757073391174504,-77.14346446792763,7.073189698327898,129.92442438245814,0.7719529697040725,-0.13293663328152633,1.4185897865513066,27.674934768229544,1.2117214894622805,0.04931572479477132,0.4623617492448523
319820.5502542966,5.977181388192809,-70.43294611646786,6.032926245042295,295.8008117754203,0.7620336983626347,-0.20041315343838095,2.1404957958192363,57.96835637012104,1.1596459326725146,0.07343853528139653,0.6689428717590865
389966.65561676,5.986825292059651,-77.88957218003557,5.14232822979096,180.1316760343688,0.8020531711493609,-0.15218639796557598,1.6707473592112232,31.42606871345906,1.1340029020668185,0.05473411565347022,0.4924635401809269
288908.132265517,5.9418164373335545,-66.47325110861672,9.772228696642918,110.57163149052099,0.8017815417119039,0.12219145633935508,1.3087211276804,17.56348337717686,0.913545050824668,-0.04172460914619343,0.36806761726045883
369653.3522361918,5.986683190883495,-75.830458420252,5.057193338693631,172.124772274145,0.7829023770866624,-0.15134741136494592,1.6329554580136731,33.07943840645167,1.17925708397161,0.05508496901679187,0.505369922669348
416974.5133839573,5.978107258104428,-80.41018540093722,7.030565795953701,99.85665598647738,0.7730938791625279,-0.11682320799015891,1.243628798260798,23.282651799647116,1.2134364600003735,0.04447359451890435,0.42416720355929355
367636.8024094952,5.98527972637825,-75.60774322415836,5.272020694012744,219.78812845973061,0.7648683298824008,-0.17298870944808276,1.8450648805900505,46.614397208230564,1.1762189510763057,0.06531162573302193,0.5999244700238614
429741.3116207418,5.987325038888799,-81.76940023890356,5.33602648457517,157.50721294487323,0.7874228724591665,-0.14399673100925103,1.5621508069716874,29.13158017196291,1.1725867003762294,0.05176751440628637,0.4742473980378334
323706.25095266063,5.9364084122719625,-70.2913393611399,10.818400156787828,138.49013955394202,0.7995272743905937,0.13613111812871354,1.464710465999124,21.923072747711238,0.9010905745112466,-0.046723553672234776,0.4112066577449006
408534.80868737504,5.986459843109329,-79.71290868941801,5.404495722335507,144.37065325608228,0.7368077207103596,-0.1429597914419439,1.4951100143993288,31.096305221914704,1.2144929727323668,0.052214773202652734,0.49011580468865135
457335.18501585175,5.976104817283551,-84.18070319420642,7.7117751264939205,76.03602066799733,0.7742405216222934,-0.10244855075961012,1.0851576463282715,15.76338330214765,1.2673864645728006,0.035677399748802505,0.3491110929134058
405458.1091331173,5.985987355429454,-79.40790194031314,5.446839876714791,185.16714357598062,0.7433963106382406,-0.1611300422619203,1.6933026096523236,39.94108665335137,1.202243831893085,0.05945294882153806,0.5554323418344768
403167.31760147656,5.987331484006715,-79.20305003602721,5.134803064737759,176.7221495558764,0.786640697675792,-0.15238441347750764,1.6547092123209095,31.693132982488542,1.1489071230303942,0.05465006965936017,0.4945866671392576
301135.46618073224,5.941773485470985,-67.86538252969544,9.97654815916057,117.97521656481472,0.7948005757577924,0.12674260318355174,1.351776265275984,19.45953268703151,0.943198622857961,-0.043958319938868534,0.3874213019770411
383891.81329133577,5.986788379518455,-77.27773353113717,5.144072605210672,162.41879002475662,0.7674842333245957,-0.14835233485667565,1.5861226872090934,31.95141086777254,1.1839629663301767,0.054065017347575794,0.4966863913010697
428703.10739002976,5.979274331334804,-81.54968706672537,6.937909792464763,96.65958695788024,0.7899762003248019,-0.11389989013236096,1.2236555321023619,19.639383635105894,1.226262129999929,0.041201414633735715,0.3895319346105577
381063.1675541401,5.98555919191835,-76.97874502343467,5.327739450317775,213.59559602060324,0.7644704828264561,-0.17038692190059584,1.818900625286375,43.7052855531017,1.1840825302452902,0.06293303644913732,0.5809362928126445
367898.03240854305,5.987296827601302,-75.65852226303377,4.918817475522538,193.0834126915138,0.7443113643900616,-0.16379941121394304,1.7291900058093292,38.731338722991325,1.192131961515038,0.05912861855169672,0.5468933993398875
395114.0064588891,5.988940885044978,-78.42570654255591,4.802593489048034,143.03761864485335,0.7674592431491829,-0.13896458889059593,1.4885065113597256,28.118029276092184,1.1961023971752167,0.050340542072118,0.46598061498667037
473698.7730079567,5.98133553053435,-85.75170228955149,6.941821280719719,99.37811085908115,0.7701813125916999,-0.11613069983560761,1.2406839415132425,22.115840314761492,1.2236555625852414,0.043450292807375994,0.41339094633775836
386033.9186233186,5.98819989334278,-77.51346489993958,4.84177009937353,207.72619337409995,0.7569475254823337,-0.16882613548139833,1.7936609232094924,43.05210487169752,1.1811342552017818,0.06269173047741353,0.5765538277037837
324094.2323689507,5.980058745322158,-70.93129132597508,5.720514976337858,249.3669878505953,0.7556987664398236,-0.18483287708098428,1.965247056406781,47.24933401142776,1.176669470427417,0.06557324583753812,0.604016201268318
349444.73155479965,5.983517148516885,-73.69124816889243,5.44737311503942,199.7631032022011,0.7487749549046523,-0.1660193433997493,1.7589019487030846,38.580279447901475,1.1891453386603423,0.05892047186727352,0.5458358830103313
437641.8722236641,5.9780940951685455,-82.37955112632444,7.1947070628378516,124.99101290000708,0.7743187430613758,-0.12969563695730513,1.3914609654305254,26.920690581234258,1.209687939307664,0.04846785542969335,0.45603592200169824
341347.385742142,5.980715832965341,-72.80355386838374,5.761548954431902,259.3421984863089,0.7669140327489865,-0.18700516115245458,2.0043080903521098,50.364681868260995,1.165970032519735,0.06812978003538472,0.6235642790988907
355816.2008408153,5.978391346419552,-74.30190131365312,6.233425969231703,238.57826753305767,0.803608616633835,-0.174960071629607,1.9228037870618488,44.81876256989805,1.1280922972516185,0.0656944690319195,0.5880738213149287
283882.8795453949,5.97687691739725,-66.35263770102125,5.744341825989273,248.27549483973615,0.7622154397890643,-0.18354470784919957,1.9610242086959124,48.34332952440269,1.1670788601034434,0.06671693847523276,0.6109264374946365
307067.76221443416,5.981143146543358,-69.05306422090382,5.441333136673893,189.2255703041576,0.788294522416132,-0.15731054055057986,1.7122800383798638,35.503898003002035,1.157073229375987,0.05760473378026479,0.5235034840328747
394014.0173217341,5.975535059411362,-78.13092784718413,7.212983736998522,126.84667030136987,0.7679316763391193,-0.1311727108685266,1.401703586134496,27.11245272515773,1.2100643907202482,0.048767956248035094,0.457643664174087
299877.75234669587,5.977671453178514,-68.20626583797436,5.787502125848066,267.1924336391295,0.767161109081349,-0.18962738521131667,2.0344343760341146,54.15011847375581,1.159436453577336,0.07091826294768082,0.6465434251128851
400919.04313102923,5.983100724924993,-78.92650665663646,5.913255947636133,190.607795459436,0.7769937827618869,-0.1592315913615147,1.7183981216138964,40.06702366071796,1.1632894278553145,0.06116899380642944,0.5561312583788723
323634.8199817549,5.982831260776541,-70.90922292114594,5.355013252472073,205.29642652684814,0.7710773539454971,-0.16611836549051984,1.7833006906096238,38.932103387148345,1.1828140370313562,0.05947510337496765,0.5482880354253896
348644.75995072804,5.984585821589856,-73.61601092858962,5.3157604528327465,162.20421358839766,0.7698679346499315,-0.1475130024923265,1.585143763642406,31.882149448474866,1.1907677183369616,0.053677441312136184,0.4961834588742274
421262.69611616887,5.977401869806261,-80.8116645627724,7.190583940758413,114.89240744080769,0.7787505335358431,-0.1239783977730418,1.3341001548415505,24.39552567414823,1.2167890081103558,0.04580976485651668,0.43415608918115356
341808.7530466398,5.984229235865422,-72.89141991340351,5.253824260634266,215.26196014667835,0.7791805532274378,-0.16893310827527333,1.8261789978587268,42.205655029032584,1.166975980331961,0.06248389773802125,0.5708129662488244
426656.98961068795,5.985148458298935,-81.44651125321164,5.742931946964615,181.9695954163144,0.7754703788510011,-0.1550477453349248,1.6790578087268078,35.79803106141804,1.1667275792120646,0.05758218819002463,0.5256961187516767
346138.0121245981,5.983766970580966,-73.34243611300093,5.412347407292191,183.45135385046652,0.7742250955376409,-0.15681631293337955,1.685774613615806,37.27785218988076,1.1819530150675324,0.05842493651042292,0.5364883475222892
373653.6083051025,5.984708010078746,-76.21017614092924,5.508782291556556,143.81162234302033,0.7642874314470456,-0.13952696768546324,1.4925109126563172,30.87837178242888,1.1959298415982025,0.05251966049526634,0.48834308105233515
442684.4391397639,5.9789925252282945,-82.8635822631175,7.111335745299083,109.1905163998736,0.7745695205397471,-0.1212149181084668,1.3005417188141188,24.13725477107378,1.216397354340383,0.045312181925585227,0.4318785813954619
364529.172524628,5.985038283572251,-75.28335200001172,5.308976581191985,194.23950961755196,0.7978891195510003,-0.15852972504609902,1.7348950008721153,36.19018938525068,1.1671648888966317,0.0578644975842354,0.5285712388047565
402970.166099232,5.982674558287629,-79.12328751410301,5.992847258281268,209.78574676210917,0.7403392947930121,-0.17040431774743928,1.802460724024517,41.340795416683314,1.1726608238323364,0.06183669231394059,0.5649346755833894
325396.28099522623,5.981676840730495,-71.08873587070573,5.541527123045245,205.13915946908205,0.7690503625293984,-0.16607763854970992,1.782615377662315,40.19879248463224,1.1794045697145663,0.06055067522998908,0.5571235787645159
353005.972499677,5.983466515483949,-74.06137570868792,5.534523325817951,164.51876246865766,0.774118711330261,-0.14831995918999083,1.596435671512841,33.17453077156702,1.1888965369117348,0.05478103997398749,0.5061373917349278
417833.6207745265,5.979920932590536,-80.5196443359991,6.725860584801375,129.18333491830387,0.7698652546939114,-0.1322100064875655,1.4145706494491734,26.911272478829744,1.2116235524240295,0.048285746459723555,0.4559745639064581
344055.3273558642,5.982874369890072,-73.11452076180231,5.489202465509681,217.30317097921403,0.7759845699029795,-0.17013596723524196,1.8347794960711623,42.097867907317365,1.1678128768912357,0.06242792153514687,0.5700810009452328
500632.2061334838,5.99094223399274,-88.30353199057981,4.986427461051835,11.701137716361101,0.9371378704765769,-0.03692321407316522,0.4259893814177173,2.762855954442698,1.244278908697663,0.015704640567542203,0.14607592686246382
330841.76522708253,5.987162943657278,-71.74198095807539,4.742441342211002,129.32400239071984,0.7861128512027569,-0.13145753054429327,1.4154174137045912,25.82542550358268,1.1977192314028753,0.048168012343547846,0.44658815404532554
299272.9555471353,5.987251793130842,-68.22915968255933,4.574024424487768,7.125552114355953,0.9133871858228293,-0.031380904582809004,0.3321927010251375,2.475719665594884,1.2632306989126088,0.012960743724435085,0.13846869324713637
310048.857613034,5.987269841241732,-69.44994615278378,4.6063412356328435,95.64495531317574,0.7848257379259982,-0.11359752277624507,1.2171885760174843,19.660512087853096,1.2147166189893732,0.04173121855467404,0.38968738250589324
299268.5302303891,5.905624206012321,-67.15867284847938,12.875692062205736,219.23268360045938,0.7930149840819809,0.17102151626277035,1.8428950925737366,35.56359619234616,0.9326924783131393,-0.05982287747558461,0.5237001227642071
326142.6780454125,5.989131646048847,-71.25556531314469,4.315525039174552,134.66300816664335,0.779984989657778,-0.13452669519807353,1.4443033167873316,25.770412286364007,1.195352260389691,0.048209408754334396,0.446102229197273
482728.4965410937,5.992706000998812,-86.74066631996192,4.323142933516259,48.83576395154175,0.8488937870568701,-0.07608145454922433,0.8702128613256149,7.954789818842648,1.1242539819065458,0.027956289933789666,0.2477200866156115
315920.7913947995,5.976404802075364,-69.98998032057304,6.137183415015427,220.5279061166961,0.7757169295150175,-0.17090657409650456,1.8483883455605246,41.71608266813931,1.1453862656067078,0.06268710270914694,0.567430368414285
290076.1394887825,5.987946344027792,-67.18709615759872,4.281797452216906,65.54497804634913,0.7750785984948939,-0.0931776607866669,1.0076994618955246,13.227530847720253,1.1850223098571622,0.034878310530775336,0.3195678147159587
299718.77302043745,5.9816715838683585,-68.22910536286622,5.281572666094329,179.46607461676462,0.7989051229421139,-0.15231366352631903,1.6676204495598328,32.854157707284635,1.1447692603488682,0.055721517478740455,0.5035555774470457
305141.9710018939,5.931214231137935,-68.18950476114279,10.864379288973645,149.98368362365798,0.79755084975483,0.14174462409646946,1.52427147128043,24.4007062399801,0.9417684434146086,-0.04908139432205365,0.43384505786196026
315375.9460762326,5.978549732674015,-69.95507095377,5.834141350202138,218.2902422829706,0.7804044523174881,-0.16962442527084837,1.8390249019583584,42.02549069077274,1.1370015328312795,0.06332947178689267,0.5694853150212527
475721.85921854543,5.9888321180221,-86.05744238445777,5.222131799897647,166.4177038388071,0.709641068320878,-0.1539486294630339,1.6051717795824265,34.27480363239302,1.1648529183683085,0.056552019313777145,0.5143673516948802
322084.65877350536,5.9671695002878735,-70.57169837976599,7.225522896742894,404.59160090257177,0.7870109994897247,-0.2307319379902696,2.5036985714925706,67.13980246135154,1.1289378594929422,0.07896271190060385,0.7199267996530001
299566.58359785506,5.982187829016856,-68.21696163612964,5.212870020564683,193.08415477427164,0.7758912294413405,-0.16383324728000143,1.7291901530582703,38.74569702646525,1.1783530193686302,0.06077155443789795,0.5468158521755394
312083.7601936668,5.94497998423004,-69.1443139582536,9.765889630161709,39.680809086289024,0.8720359860727576,0.07190147640115988,0.7841191361423335,5.703254418877896,0.6714911231190592,-0.02342511694849609,0.20978069273275085
508778.64760288293,5.992746392863635,-89.0492257388074,4.461139329136512,42.47678603014163,0.8339568201257397,-0.07194843968652001,0.8114944261962852,6.816354735261162,1.1704713762969587,0.025383624493013675,0.2293653046492113
344158.36294377595,5.98292013195509,-73.12604930097353,5.482274585250881,221.13997654192374,0.7750500120811521,-0.17186294999214805,1.8508849936955982,40.595986169810786,1.1654849947865544,0.06115107973091061,0.5598363041098627
311793.07039598766,5.987679991057982,-69.6523374747689,4.50761680250332,92.82767388602774,0.7858876317650414,-0.1104558148054808,1.1992630726595568,18.801368635395285,1.1853988787824719,0.04150788771035516,0.3810023460844437
323666.9147607713,5.985445021037655,-70.94374029668207,4.927601430105888,187.47248586516167,0.7658536215715539,-0.15893271441450724,1.7041120808010217,36.75841616956935,1.176055259973002,0.05797206564827125,0.532742307245476
308028.3496903694,5.930961039956861,-68.49841795569554,10.995894755719878,132.33553224550093,0.8016584609969217,0.13289487220583185,1.4318106174621514,20.905854927096186,0.8966572884163573,-0.04585767738151374,0.4015271660088667
340242.3871492612,5.9846097057456635,-72.73008675927815,5.159629753681738,225.8288973819601,0.7658733884862354,-0.17450976740924973,1.87032694004869,42.334340004629034,1.1664585489312596,0.062361676029025516,0.5717062643080056
526977.6136162856,5.992189078965376,-90.61929756164082,4.708303536228368,42.502786028110215,0.9065510133502176,-0.06792109245502716,0.8120915939036295,7.480782942364467,1.1364428699373703,0.027295148116732313,0.2402053114036158
359773.1970157912,5.982713606369211,-74.76295038319316,5.65309237249274,212.21080439061186,0.7706274521603012,-0.16865740205362317,1.8131046575793224,38.656555339695394,1.1718473740376338,0.059410636668183706,0.546328394687711
326809.9663496278,5.986513283129115,-71.29568092739454,4.83028004489235,98.70317727934507,0.7978677695405048,-0.11315213529471735,1.236702769168086,19.41360137933289,1.1804047806969205,0.04233843608811111,0.38713849925530675
338610.34920089453,5.98487907307304,-72.55547302461618,5.146847621425198,182.38187231196616,0.7755666022989689,-0.15591772617772398,1.6808945289749857,35.40289022943694,1.1756781823750067,0.056938672566765644,0.5228222140305544
323493.85876522,5.930717368321225,-70.19693969493233,11.268593553438551,139.31322089623401,0.8024532423315516,0.13612827387319673,1.4690943365066655,22.157628746192195,0.9012851568113924,-0.04726476124089307,0.4133672905836502
354841.65526840556,5.984533665710281,-74.27272229746616,5.288060711859438,217.55877235253627,0.7677079726203573,-0.17082088826271846,1.8358039225749339,43.51633051238205,1.1634307104747414,0.06350580985455599,0.5796018842642782
518056.8209886609,5.991262369894926,-89.83624991822236,4.907751886405539,85.00064637966665,0.8148628424171622,-0.10309980730980439,1.147826436973366,16.304081040145903,1.1521463123058029,0.039619779445928614,0.35469128295293056
355391.63229649886,5.977351744856,-74.24288531689378,6.402205436828237,257.0061939083466,0.754810452832281,-0.1879051969704597,1.9950973451862961,50.8821009828258,1.184592199750044,0.06777706431471377,0.6268354516786727
319017.40606517403,5.983519423233458,-70.40812049025095,5.229104971087333,157.99958639183873,0.7765091258914032,-0.14533451196590894,1.5644875892777514,29.37081777620125,1.183669456567397,0.05171251733047236,0.47621983308963295
331228.12222901185,5.981740603159366,-71.7259054535744,5.552827810513911,249.60929592021378,0.742668523522255,-0.18656697644129008,1.9660462893978097,52.964662883774885,1.1857055843285829,0.0690986537690141,0.6395403074293294
316157.952598652,5.934954766081167,-69.45594978510312,10.762855048878638,91.17833757485776,0.8113756279330078,0.10971289986186064,1.1885388526300071,14.292557117108851,0.8352635140747506,-0.03817374264722602,0.33196892603030825
346378.72811422165,5.980642980626205,-73.33802092469992,5.805369379547778,282.25357341080957,0.771733895850242,-0.19441928959493202,2.091031617259122,51.65019904777047,1.1525198210457237,0.06938992251552428,0.6314287122977512
408619.58764673176,5.984257263270196,-79.69815141351349,5.734607070136772,162.351972073572,0.8185134859899936,-0.1416333528815138,1.5864077524398017,29.32749781236993,1.1243571694894428,0.05307070012759492,0.4757148068403032
375976.3150830386,5.982469113579027,-76.42712662170459,5.790012048554749,179.42083385946282,0.7940176734296251,-0.1516077188409567,1.6674728269575936,34.54962594360065,1.1399731523130876,0.057301880294725646,0.5163675504900255
379578.17549639737,5.983091857292575,-76.80104666286077,5.701598339088075,209.4783024768169,0.7634883325619917,-0.1667847683509356,1.8014664352261434,38.297028651511795,1.1446684229920263,0.05975494766132505,0.5437139712844687
363331.23330491694,5.97803621249311,-75.0772467002243,6.360624835893619,199.07218221492596,0.7962591204160291,-0.15958223752913936,1.7564271566374197,35.982555107647364,1.1213077309465245,0.058950772953256576,0.5269141468462473
344474.3075360525,5.963538121256097,-72.93429930056833,7.9371935081576055,255.03916902007916,0.8160350160767295,-0.17830602721622046,1.9882640610837143,42.95364022136482,1.0829584463057509,0.06483517174085252,0.5756489509542659
314526.78071119305,5.960264226237788,-69.65692982992488,7.898928742640572,280.6052904759706,0.7841803936021035,-0.19082624544030502,2.0851961556981147,51.178170578525645,1.108020267161807,0.07038896959097782,0.6283906830982234
319639.7096761891,5.957940309333328,-70.19388641422339,8.196875853491884,314.3557465351435,0.8061616199011086,-0.19986519247490953,2.2072295858040194,52.05222398778051,1.0899238501781228,0.0707169641247014,0.6337642392006044
304536.6909975807,5.946802758819269,-68.38924743486614,9.016464502777934,282.7106599621424,0.7848046765840031,-0.19156037045319585,2.0930023139930616,48.474735281633556,1.091040947656234,0.06850042724503998,0.6115689338537473
328243.0589775237,5.965227303441431,-71.21422919047225,7.5717473102777815,233.40249624843085,0.7920665691602353,-0.17348014785982785,1.9017935330051643,43.42465445115929,1.116537177789988,0.06465673093691181,0.5788563034503759
298201.0842936019,5.96041773312713,-67.8267649188263,7.676060365435117,264.3855984980949,0.79641902610182,-0.1843885791597586,2.02411112056828,45.19841896194143,1.1053534076798552,0.06577264306642212,0.5905815841729443
302192.6486579785,5.959539831965163,-68.26909320535705,7.816076266208383,283.1222997369967,0.7831249090263568,-0.19212332328565307,2.0944867061025354,50.657476793677716,1.1145889205708934,0.06946487964251558,0.6252488848025705
285630.28273605846,5.948739235534056,-66.25694571069593,8.543436828396727,317.473745626582,0.7897557639555122,-0.2023534077617143,2.2180127082103396,51.1550934445438,1.0735129415022047,0.07005174985710502,0.6282849034295318
372089.9135384255,5.975600661547833,-75.94787750962607,6.769401806713152,219.66600880774976,0.7850148030813702,-0.16852784884489402,1.8449606369201494,40.617722646578265,1.124814555053006,0.06201617722251027,0.5598928039715272
341752.90883127553,5.972270359723969,-72.74870024707282,6.893171465314604,239.43580891964535,0.807320331761044,-0.17365555162450144,1.9264029339054303,40.12364950487863,1.0947322275866052,0.06211897427775285,0.5564236199080195
347776.26700854406,5.969798439016451,-73.35646756768853,7.268620089065185,234.3475951873878,0.8041729875067275,-0.17215794717716407,1.9057919130971985,39.42256575213689,1.0971321652112456,0.06167318873188278,0.5515298838052305
329078.9091810285,5.964243848577742,-71.294792931686,7.675314767590052,283.24510423739014,0.8098764296351513,-0.18834824514551066,2.0952874963259402,45.91850620394149,1.0657505522020312,0.06690161652248057,0.5951995492479575
348465.4460651246,5.974839519308721,-73.48737112523479,6.66174750869327,185.90070432293658,0.7757310108127853,-0.1559949224401827,1.6971635422724487,32.18143938436022,1.1226470639020918,0.055023821084632024,0.49838727341652755
318794.3101106975,5.972742750396926,-70.26786039573105,6.602188340671603,215.74587280625425,0.8055906576182403,-0.16524015390931945,1.8285855063774696,37.170764756410065,1.0997279228511778,0.05997261442277018,0.5355370063578719
323395.35318886646,5.971525665331727,-70.75924448818661,6.795712842452236,241.5949626898949,0.7795692173709039,-0.1778447612603356,1.934759037431241,44.83693540528243,1.1287367965666004,0.06520004524415234,0.5882495320473528
310807.60383536364,5.966330012943908,-69.30979763022935,7.247120972097188,242.3458777226881,0.7934436520376684,-0.17610026651126431,1.9379481508935328,40.78862505124462,1.0863457628149191,0.06282983803240288,0.5609933552776456
830065.8075990742,5.994734367897838,-113.78146050269967,4.8536058356780725,18.709332658979214,0.9674783251868834,-0.04156503220413274,0.5390785387069491,1.8759953518003694,0.38036030245082963,0.01209054339436161,0.12045759605093173
538741.5332779267,5.985425335982892,-91.52681036300717,6.378043762920364,98.57346526165601,0.8326477864855794,-0.10820549350560114,1.236325994990231,15.161072821731036,1.0691408638892472,0.038411880712135686,0.34200936952067607
755050.7009894629,5.9213122056041145,-107.07520482071126,18.236439223792797,6.654155738969184,1.7068896423265232,0.035820759429068774,0.3204497723752012,1.3165765910555602,0.8243172062580721,-0.009152683911662397,0.10100486619383624
398256.0014818103,5.973710224588329,-78.54836191341221,7.273572978454283,289.25019550747504,0.8157905380216732,-0.1897380199221519,2.1174356633910554,49.72320469412195,1.0588765088515995,0.07125512841261153,0.6191811070662039
347664.96148466115,5.966640498339967,-73.30656327099254,7.642827002739083,319.12706194218384,0.8011731910582658,-0.20152309274919483,2.2239039515984995,58.674385498934626,1.080328073275987,0.07729434621794468,0.6726211569324647
402464.75479146384,5.985963393654725,-79.11865695086206,5.361894805796589,186.57429867401112,0.8090208484892782,-0.1526746176759763,1.7005628121004288,32.76185746052288,1.1003039164970239,0.0570068997962671,0.5026949619659553
284815.10225888796,5.967655172245323,-66.36641318721209,6.76277853100071,334.5525737642032,0.780969912043611,-0.20965650135242114,2.2767143247465937,63.34688456653318,1.1345570155739353,0.07803225469952088,0.6991484126439461
283774.59048991615,5.950306298509601,-66.05703462548468,8.393220650766743,388.5509009492258,0.8084298831586489,-0.22123303582052598,2.4540097333126627,65.8965694316071,1.075127443536765,0.08102616923624183,0.7129177432097832
301726.9687083955,5.946073295380877,-68.0664713669421,9.024375974100945,418.9966481142259,0.7777925006807043,-0.234251389065529,2.547930319593856,72.61206019910435,1.085684157095624,0.08434394682622956,0.7484435977007733
351872.43344435154,5.967863886405196,-73.76544165402115,7.527708160867798,325.58206718253837,0.7627260486824103,-0.20858432324599807,2.245821092567966,57.0184921131276,1.0989068925595045,0.07474682423950944,0.6632268706105907
178931.12879574188,5.989130993784196,-52.775112790309585,3.25366829956107,5.363029816446595,1.07645963942467,0.029604479312076784,0.28795992027822004,0.883973753795463,1.1857964479553054,-0.00846038879803429,0.08267083387091938
201829.8190103568,5.9792953701719584,-55.94959364804098,4.820154837338458,25.629111176759025,0.868782821542619,0.060677452562228715,0.6298992847173415,4.293791286385444,0.9900311888073006,-0.020237919416937134,0.18203206047990514
182282.714755475,5.9884179839996765,-53.260420605655625,3.3904299082785294,67.9178154334386,0.1659022857389746,-0.1309317302551725,1.021798780660784,36.15869824872523,1.3253792179467758,0.04214743168616979,0.5298239557347568
216847.24961616172,5.976483096684006,-57.960511917615676,5.368177856634178,35.48355116795852,0.878587075165927,0.07356598443756501,0.7409578482836146,5.84248734085955,1.006030969186005,-0.02370660229451989,0.21232623332531167
186111.3120889904,5.986053882586034,-53.794532158482966,3.7599948457966743,148.85414748003808,0.14142900693985944,-0.1957741846007231,1.5124544697343842,84.86078033007084,1.2916244448361998,0.06498310651791926,0.8116354121130738
207287.41825997067,5.974715378842099,-56.65365331404396,5.406429180536613,35.92980380677674,0.8229933445105159,0.0721925233879104,0.74578242406735,5.974132496193019,0.9803716053998135,-0.023798338400572376,0.2147243563638736
187472.01900121444,5.986043935887648,-53.9892291559641,3.79650260618525,12.573387392380903,0.8993430882286968,0.04437578453538263,0.44101016740299864,2.101822738325085,1.0694187190034015,-0.013594735702694889,0.12741928152496623
377249.6870497393,5.9880362664654765,-76.62301000926327,4.841559384384081,138.4936990206172,0.7881045055641288,-0.13402198411609398,1.4649239417016604,22.343623321376555,1.1599057964705513,0.04558023425241643,0.4153095224573465
246080.49199862743,5.971494045127521,-61.68744505445663,6.2981592653686045,44.546989102098564,0.8109538350449377,0.07995495047845799,0.830454038833142,7.1085708758263335,0.9480079228650673,-0.02601246132524376,0.23422011404487858
271662.8089490274,5.962721068663264,-64.70720414188628,7.596652023675095,66.10439787213052,0.8039076663340395,0.0961819024166512,1.0117461432590455,10.861351206592731,0.9503804530339782,-0.032553221034342675,0.28947295918927374
290235.67551494227,5.943879768458766,-66.65872066545461,9.568039985590886,135.87521460975165,0.7969431737995545,0.13648456422252736,1.4506626734035575,21.793599129174847,0.9209267194597636,-0.046253780681099636,0.4100281465575056
370717.02720574505,5.98382236233996,-75.90503652730564,5.556885807550927,132.58811813191767,0.8770694769570336,-0.1239999746904128,1.4339851296606916,23.792733907235885,1.125255855414829,0.04819735051640856,0.4284364002433486
367902.90250466927,5.988929634568885,-75.67955916307434,4.592077581899744,102.96696405603039,0.8516278679693726,-0.1114668879889191,1.2635006712533003,19.97749282433423,1.1422803509411785,0.04364557805772544,0.39264389235809866
347240.2249351381,5.9836791611050355,-73.46183804773517,5.3839451390091595,174.05563378812803,0.8805849300906929,-0.14183477444968967,1.6430161821163862,25.88097099784554,1.0431532844647358,0.05120279909418766,0.44673634202467627
409901.1165951483,5.995024611523763,-79.9618818246705,3.2867007555633854,52.97018887485392,0.8419201537084837,-0.08016652637411516,0.9062188086873395,9.415347353987292,1.1551141982665794,0.030261023787144414,0.2695211895981086
356402.20181909064,5.982402224049606,-74.4078161205901,5.679903484016416,155.4598308782452,0.7640674728282651,-0.14480250179445373,1.5518028524740661,30.831448107262748,1.1295716031055365,0.055354164562114117,0.4876541856722042
324651.6207988536,5.965960980124583,-70.83139619762984,7.4561979370506135,229.14315353158653,0.7842298969326834,-0.17187874627449914,1.8843618204872825,39.729826467122635,1.1028433850791322,0.06252062702551621,0.5536067561642758
300790.12853514816,5.966860814231387,-68.18784695026463,7.089660545398242,203.9408105900229,0.804006230262993,-0.15978259396693534,1.7779327006763515,34.8213424381356,1.0808178961206587,0.059184730944178816,0.5182073961465617
284968.2340288359,5.9552561622653055,-66.2470090332771,7.9976528335170265,307.5280243597976,0.7992210257900633,-0.19777999422348513,2.183118973969764,51.21756650420243,1.082486055253807,0.07106911831245881,0.6285590017940806
341657.64113978436,5.988090072829166,-72.92141178435755,4.568188501505823,125.54351503777367,0.8205670706440458,-0.12365831721506718,1.3951078965616788,21.7214115606467,1.0925837119026354,0.04680109246520319,0.4092776387265933
288774.7950654903,5.952044739554818,-66.65283316471323,8.33702608939123,299.9926418046767,0.7810083645327888,-0.19742224729654267,2.1560170417857223,52.132210623879445,1.0864045227017427,0.07206942031097417,0.6341047974547254
378597.2255286133,5.9801391566468824,-76.662418057529,6.201234268856186,147.04343195856012,0.8273376144132215,-0.13332240790496372,1.5098936253600532,23.98342855410336,1.089461698512483,0.04890766064395243,0.43009135809647286
349194.2428987378,5.982234434523209,-73.65106377202676,5.628574467982509,135.1291144959356,0.8184459061921144,-0.12846096355415101,1.4473735505534613,23.193617908407365,1.0912109336855165,0.04835035823033082,0.42292124889680255
332326.1958078697,5.975395985817986,-71.77190723332745,6.433517046577373,229.58139847886125,0.7774991608972017,-0.17305336411439315,1.886070487654398,39.5740335882621,1.1067631964256968,0.0621805486751558,0.5525447644985465
365448.03947650583,5.991765944732824,-75.462770316498,3.9364848507102304,93.71441280211063,0.834893733377046,-0.10456344809206305,1.2055514030335153,16.454763816838206,1.077686149565126,0.04099163862708815,0.35619170102869424
307379.0363706212,5.964923983795063,-68.90594660871164,7.400538172885529,392.76604532926603,0.7785314929801936,-0.22543355490462458,2.467012195063665,67.74415720003589,1.0551801224827242,0.08228886868864838,0.7228276213698691
239626.1227169354,5.9696234802027,-60.85982066676776,6.343531812877094,70.85658021874943,0.7962433266529606,0.09995807609469348,1.047445678277116,11.693631400421278,0.9605879224673846,-0.03349551443748104,0.3003906553612474
350732.4016533176,5.979982297817573,-73.78643566674205,5.979605959494583,156.2111847472617,0.8079263349236891,-0.13920680798367202,1.5560916509919847,27.544558917335458,1.1007994800359027,0.052455852169904886,0.46091241045866005
335606.51903120434,5.972702731691632,-72.09440269669952,6.800658767258616,248.15135753637244,0.7823684151604187,-0.17892914569437174,1.9609562265198328,45.47290790528857,1.109324913872186,0.06685101028881363,0.5922736153446579
369898.16873413476,5.990625136522092,-75.90678593257965,4.221224449893938,112.54848977975492,0.8097759759254992,-0.11772080714697787,1.3208754537704663,19.533095256075015,1.0910241112388352,0.04425881616214202,0.3881281539388914
335032.3896208727,5.972385766463181,-72.0291477083789,6.83249355877279,236.03984797457264,0.8178558281103397,-0.170500123606121,1.9128649540553024,39.970359420860014,1.07574948516233,0.06334399779099852,0.5552080429166375
456438.40814655845,5.98065692816108,-84.16828446232046,6.895652105485167,80.22814770388463,0.7787457589154966,-0.10476013825062086,1.114715264678343,17.52867698488266,1.259964806602755,0.038072596115130274,0.36809409988405134
437358.7878109793,5.986486734450643,-82.480318444517,5.543295846120929,151.1990335136033,0.7733956472997434,-0.14264021274153077,1.5304047400472538,35.07521804778174,1.180697977128812,0.056535620215571555,0.5204122064720768
406953.959024024,5.985038404425907,-79.53744649033501,5.6965090667415,120.0774260225326,0.7775340803908668,-0.12797380531935318,1.3637567549802112,25.389610672658893,1.2328976560263274,0.04692813990073843,0.4428928573205988
477927.9448588519,5.980861206280714,-86.12912519925433,7.028366156563924,60.28840660640017,0.7818072999712207,-0.09064717015576651,0.9663278138229046,14.944627118431455,1.2292490011330426,0.03521028798610134,0.3398751755905123
398833.2520511104,5.9861807834318395,-78.75787156204801,5.382121358214608,145.83036061033465,0.767863325460985,-0.14109652173147652,1.5028942597840202,31.95909407628839,1.2103636007975789,0.053087207203346774,0.4968522626519396
339785.9642477846,5.97979401218525,-72.62065319027045,5.949489187324967,163.33941596151382,0.7799290941586112,-0.1470196050729562,1.5907745315169104,33.853683726465405,1.1831716147887907,0.05582942871150799,0.511238671270824
325763.5745599085,5.969926908097225,-70.99856088329555,7.0185614622615775,256.44535187476396,0.7535425237984938,-0.18659407921492205,1.993023149048982,48.744079431940555,1.1529735007880841,0.06797242052528475,0.6133456371492092
298062.42979710037,5.979088853632824,-68.01283381193423,5.610695362422479,215.60163675045706,0.7584862155901606,-0.17079491682740397,1.8274585277405917,41.21400136415163,1.1805851275213768,0.061530269093897874,0.5640907831569908
379342.1001385654,5.980082576452178,-76.72890423891448,6.3162939260753665,113.99108416885302,0.7834960739553456,-0.1222848770161874,1.3289684341591652,22.434529518059605,1.2008985538999912,0.04534342732689031,0.41618954270631514
291992.80890320777,5.973898368935666,-67.26230567244237,6.178177299135029,263.9082875641753,0.7819427857279408,-0.18642986410484674,2.0220808339332255,50.36490671312725,1.1592457135104393,0.06869294371702346,0.6235038998914093
356057.97467259225,5.980537161277258,-74.34556806265076,6.01185193605241,142.2571485826228,0.7779865454176318,-0.13775934990882824,1.484516860165683,29.759729382084007,1.2053521554712545,0.05142534672463008,0.47943020296158106
339745.95886003255,5.975128452382144,-72.5661334062629,6.533520463920029,221.79881964731902,0.8011742498291492,-0.16849307674946856,1.8539732037105758,40.27488977533915,1.1383706711235453,0.062187884132850396,0.5574766752402439
312457.13086178666,5.981818396100969,-69.66461443389835,5.383694409204411,187.55009474469298,0.7674845772583514,-0.15885925125242867,1.7044746899491778,37.202187068569074,1.1883370925389878,0.058283291008493845,0.5359525580332787
401089.1272678668,5.979295126239522,-78.88405786104741,6.657554275808945,95.54040227261758,0.8214166334949158,-0.1100534830619583,1.2168430533045667,18.407409448900232,1.2139912521486522,0.040910917811124756,0.3770068741062747
305917.0099348236,5.9785516925525,-68.89700782239967,5.758089383798945,215.51436023282048,0.7735164261129314,-0.1693822575408258,1.8272168807966374,43.40100045398582,1.168723988097224,0.06349921133488116,0.5788248147813052
428103.5538124093,5.979643031141816,-81.50074888374293,6.837101703790145,68.8273847208178,0.7865869746558201,-0.09603434768248165,1.0325721719705498,16.143095693072773,1.2281184302156904,0.037044491383050715,0.353193489125015
407944.40163017035,5.984986501439982,-79.63935760251424,5.630630171683225,139.35887081998627,0.8164436196414488,-0.1326541796773551,1.4696547979632544,24.456916668776753,1.16782308859738,0.04788884476889705,0.4344839698096109
380249.33144947205,5.984786263268193,-76.88118587378625,5.538868344556571,111.70514119434802,0.7703857660778561,-0.12287344666402836,1.3154067611452323,23.359638963746118,1.2179484049789011,0.04551660325932962,0.42476513302294405
449185.4799558872,5.982421306037354,-83.52220039829606,6.5241984134152124,65.02350212729938,0.8241400560515284,-0.09040952380591481,1.0039015582935613,13.108737324260407,1.2127317567902876,0.03431052720442318,0.3181741631068415
370302.89983470907,5.9855187475538205,-75.88152536852164,5.289321096675573,144.20646376924785,0.7682366577549777,-0.13943624495529225,1.4945847349639514,29.527308871329428,1.199280622687353,0.05165026059595238,0.4775084827912813
429537.82090181485,5.978926229032246,-81.62719960063185,6.966257025796849,96.25531137719786,0.7693170553876302,-0.11522351330108033,1.2209474936504323,21.111340385063126,1.256709580504134,0.04163535312290015,0.40397876692796253
405745.9396583778,5.984060225103061,-79.41322843044209,5.772300877169902,182.05238079548727,0.8081365401921096,-0.15290194243791358,1.679639677409474,33.05022778598761,1.175297720384214,0.055223654972129596,0.5051289464181867
378228.8509917242,5.984205535019239,-76.66968888419352,5.620018073517497,150.74794322972267,0.7649659799944573,-0.14361754667290835,1.5280087085000764,33.93867115673099,1.2106833878484449,0.05439486358792831,0.5120420561118114
448840.15885026124,5.98153537425579,-83.47750661307764,6.680821184473438,95.31047806889603,0.7620088180310074,-0.11441515681134487,1.2149631236043075,20.756985560343935,1.2330258693780514,0.04218503729668995,0.40048017718541806
368691.1396867044,5.984683179603888,-75.70633691521311,5.417527894251689,182.1885688373734,0.7765898706168776,-0.156360251339393,1.6799547195936686,38.59359260576728,1.194568512034058,0.058886949634262796,0.5459347666116608
354066.0175311611,5.993731503799383,-74.3013727920312,3.4040454086276246,83.4580012157405,0.7841142488156889,-0.10356729920957611,1.1372357203018113,15.407908108214249,1.153186424379366,0.03786342434900558,0.34487772208710576
326239.60909086565,5.994739374890981,-71.33373985681983,2.9985746754633977,59.80678518202327,0.8346689027002995,-0.08429260231768396,0.9630035179913031,10.514995615059163,1.1035872457358153,0.032166147418194124,0.28480474399651545
346921.01680881635,5.99027718784907,-73.5071394983092,4.164292306486975,141.1206271928575,0.7657271726957797,-0.13691434907485217,1.4786021306983863,26.007390961644056,1.1415940841489651,0.04942625207953362,0.4480399396183498
330239.8618174855,5.988821557154613,-71.70189330756315,4.340084908045197,203.35477084680687,0.7744131015253455,-0.16376741406064124,1.774992543244407,39.415860749165326,1.1536769645279008,0.060477116332029485,0.5516148389075626
340480.06872607727,5.982187603738245,-72.72586441711283,5.563247129930504,256.06388254755404,0.7723075613287018,-0.18478406432351457,1.991696014550819,45.83144372207454,1.1233624680498813,0.06584666054429042,0.5947456358594592
287430.91167148645,5.98134537523194,-66.81098914397214,5.234474612701212,104.84494886493624,0.7794957241531544,-0.11709134646613018,1.274555586311314,20.001972938782433,1.1459353833001178,0.0434293581633535,0.39291131879058533
262050.5698680026,5.983850251631903,-63.820920191891155,4.629287207314003,119.86626777547765,0.7953969086112131,-0.12341304140395579,1.3629672245521036,20.989083226444972,1.0993794800126464,0.04509958770433247,0.40242171896593826
278527.9905997482,5.977550975395837,-65.73145451921472,5.601405172764414,194.94370127761073,0.7711489682055288,-0.16039057296393427,1.7378924582858886,36.43432533181424,1.126611219584221,0.05871824384541553,0.5302785442524609
259617.94328906032,5.973946929743891,-63.42797071647426,5.7812537292226605,278.21971372878676,0.7799164976984362,-0.19159338821093208,2.076168345921435,51.36551344738597,1.1388128599676386,0.0693069009362555,0.6296742231426621
266151.7963669095,5.960809833766994,-64.08486238233627,7.193902395083232,339.38024673135953,0.7760719260701185,-0.2115448776697787,2.2930471255316953,62.33454979437046,1.1137646313206613,0.0771232930816291,0.6935709537839402
292881.0613616643,5.9847223427595555,-67.47950375171591,4.773170560347009,125.91542341147715,0.7809750192383011,-0.12799932312982126,1.396798004037319,23.247312807655998,1.1358479030596118,0.046791615681181856,0.42359199238389417
271334.6371425371,5.984599939565086,-64.94967707962022,4.5981683967857565,125.24061874194533,0.8062943606711147,-0.12533570080785508,1.3932607903568877,21.650564232812204,1.0990717521988935,0.04579966775987549,0.40871435441140347
284887.5143880694,5.981031288008824,-66.51477900169293,5.210718440823188,182.96727029212036,0.7743479657899254,-0.15529748665700396,1.6836704811073924,34.21864118917774,1.1316711543696762,0.056855792173259284,0.5139071445181534
266786.34717363486,5.977118642409854,-64.32941367183247,5.501200889469336,266.48851616252125,0.7620258754814977,-0.1895718252330736,2.031734625416714,53.70498950382688,1.1563575324700242,0.07034978811224875,0.6439108151065714
272411.188649144,5.966677160332824,-64.8965272060664,6.698177306936639,350.924950157921,0.7659047427961853,-0.21694742783078785,2.3315523068923674,68.03103040176526,1.129715601703451,0.08028566266556207,0.7246010194473526
308704.86510057386,5.986748481489658,-69.30151342473069,4.562209359328047,152.2661214737079,0.768138970270293,-0.1419412823512981,1.5359071652906482,29.81564869004797,1.1449579734880473,0.05283878381360971,0.47973202761135136
289495.051777318,5.9857363557406735,-67.10047031532827,4.5702371363359555,160.75061701773717,0.7798140102325835,-0.144614154253762,1.5782316488055903,29.613495763749977,1.1322106246837746,0.052802380435130594,0.4780871722548938
301543.0101245406,5.983986581352056,-68.46394627127616,4.9292589868821475,206.7183349361329,0.7626021733355715,-0.1664753409025143,1.7894859441326907,39.116798009320554,1.1484150626625296,0.06015542537554378,0.5495282606433487
283200.1460527708,5.979631640550549,-66.30535668381815,5.348079758772739,306.3438377060873,0.7700365230529002,-0.20250904170930956,2.1784426896715905,59.71466324498721,1.1530927051554558,0.07428670583898903,0.678971495673459
289451.4737132102,5.971172829820549,-66.94322874328475,6.425216120346784,378.9988849036603,0.7709339648988272,-0.22468960782931668,2.423091446221789,66.32271491919528,1.1258273120272124,0.07852693236424169,0.7155275894049613
315430.7639628321,5.987549960658281,-70.05943897932787,4.503409466291927,98.03998789565851,0.801379988202691,-0.11110570915018503,1.2326923104586558,17.152947715110567,1.1251728539937504,0.040398283988532416,0.3638342791369213
295995.06420492,5.987263093865872,-67.86524486545494,4.385364016101529,121.11641911043746,0.8038922573801317,-0.12323670757087407,1.3701301991079813,21.4773808656675,1.1085905025237757,0.04555397866333735,0.40708337357471075
308146.8293343211,5.987134819667832,-69.24352709803887,4.486442173027818,146.93878205627976,0.7914891923086114,-0.1372413144014998,1.5090007591948789,27.351852499978534,1.1264843430248235,0.051013305146591685,0.4594387775907722
289060.1089911922,5.982696027817033,-67.01867422169258,5.006147076746405,233.74967414538548,0.7695166901254757,-0.17663093342110506,1.9029293659724833,42.538498221520214,1.1493098939675246,0.06267847087835815,0.5730649410354619
295219.44721449434,5.975590690547612,-67.65365949702867,5.982158422056035,307.0797154828974,0.7839706810384673,-0.20016708843365236,2.181296332717833,58.27159939518484,1.1182043402823985,0.0747174597068555,0.6705700347389795
312678.28813391645,5.986435490608805,-69.74174955150906,4.656889690236457,123.23861203265473,0.817243482029346,-0.12329486622289434,1.382172814438668,22.23527798469637,1.1138842800348396,0.04624246422179374,0.4142158178511976
312351.5226433736,5.9859073626388195,-69.69881725792033,4.750517250757132,114.90536039675244,0.8153828515094076,-0.11936781182311157,1.3345964115416384,21.017554318188115,1.1157508568970937,0.04518702885307596,0.4026881864846248
269323.9813103603,5.965485103415753,-64.4662683923112,7.2310059842926595,38.3345041829231,0.822206609427577,0.07406593259380077,0.7703835833448062,6.1145587558865815,0.9211376824694077,-0.02416319093646699,0.21722368766810804
352438.4542565385,5.971788816782276,-73.83303053111266,7.452144010296804,24.207477128516008,0.854449188817639,0.05934202627441851,0.6121440631507495,3.7755712612115837,0.9300443167440047,-0.018937208396476026,0.17069866026528718
315938.88973962807,5.988501837267742,-70.12515064640026,4.359862268622526,116.82947179147413,0.7989639126350198,-0.12149048452596654,1.3456227401881367,20.563426384645485,1.0689749330521274,0.0458756840078633,0.3981798466106158
260707.3182407341,5.970374615828318,-63.483469937042,6.587935356707367,25.309134662325647,0.8473356549042536,0.06090943920746286,0.625895573809458,4.063257762389183,0.9463208714999025,-0.019589205336434455,0.17708885990641113
272730.8044415101,5.964199538080194,-64.85638106840423,7.420825702610951,43.62830765388457,0.8200843101044675,0.0785782085693909,0.821898881998249,6.764598610704543,0.893713624135176,-0.025508862936038528,0.22846821345176146
258096.92211203632,5.971799748286415,-63.18132438333676,6.394111131982584,23.326541632984718,0.8552442891449845,0.0581559459216936,0.6009118895223652,3.644774181446779,0.9208152174485027,-0.018547554558476932,0.16772234947213588
217702.63523975413,5.9706203157639015,-58.01679292688597,5.971215462532904,31.56745084689724,0.8170320756346743,0.06770298613116049,0.6990405747534926,5.067760026489876,0.9565042561897921,-0.021917498481045,0.1977662723198411
230947.1423367086,5.976070224589865,-59.835785028237794,5.3129962418192,171.77251047888112,0.8196686783972054,-0.14480631189863086,1.6318629256977542,26.665894117693266,1.033495484178022,0.05175363548634993,0.4534852357116212
210090.25776442222,5.976801174656076,-57.05679203370096,5.213708890233186,20.52335255387592,0.8416497870828963,0.05506722916503445,0.5636000212263984,3.270721289242151,0.9690894448216993,-0.017451378599278092,0.15889606495187023
241874.93863288942,5.957484041912487,-61.005614851265726,7.590182656426984,47.47161057215907,0.8289225528607409,0.0817183195726931,0.857359919424859,7.5141571968258685,0.9386288875422993,-0.026832875814647238,0.240799397581717
206985.64321772184,5.97999112938874,-56.66639201959404,4.803195890091633,14.105304769857838,0.9332247741691939,0.04398847137821492,0.46739747690251465,1.7665638571512086,0.7296067633168305,-0.012350083002568152,0.11682788872449716
203171.92494999213,5.973396742746012,-56.07556849976221,5.485612524787276,13.719920546855052,1.1200179160801034,0.036697197942165076,0.461548561050518,1.5247545293184008,0.9648057080978012,-0.007551098933851662,0.10888124570003409
257433.96404725136,5.986546673583455,-63.28267253871963,4.208211567338661,121.91773027746893,0.8210845851486019,-0.12153332556501509,1.3748433315700228,20.444010859622303,1.0698248066436489,0.04553751124398936,0.39704555143018894
263359.2870551798,5.980555479127094,-63.94749660743612,5.070161523968505,283.2222660423766,0.768686471008986,-0.19390629267777504,2.0946952658017097,55.153782305718934,1.152456527499152,0.07197893052389845,0.6524629934517857
254601.8726040222,5.966612968681785,-62.717921127270145,6.6795680183204,259.5849029708834,0.8315324606087804,-0.17996549629446187,2.0058979358540503,50.51763994858531,1.1775010962907078,0.0682550034218542,0.6245080596807422
192122.67058012603,5.981557140635914,-54.60971729876333,4.4379617352584235,10.322278427291407,1.0777108169609906,0.034915542807322196,0.40008312298433474,1.0354365542588855,0.4646155946536706,-0.007984915317481986,0.08958565291116756
242889.96719875594,5.978167535972176,-61.36566981431723,5.423126932015981,2.0506649964032286,0.8834522806771322,-0.01956640418667164,0.17792918927484677,2.9793333042431973,0.969843496697837,0.010920981641999448,0.15217349834769223
340174.91040451766,5.985458039647008,-72.73386700544883,5.001756241988409,235.75457373504273,0.7949389338260713,-0.1735426176315885,1.911425691591389,43.75724452339329,1.1249534108888473,0.06520955570428723,0.5810345830360354
365373.96636996686,5.9847727403750905,-75.36960618968855,5.328291221582609,189.52422785821454,0.8073248861091424,-0.1535667418832343,1.7139817140424722,31.395472597607235,1.0855343814386202,0.05569721489154661,0.49211274106868175
323960.7600129056,5.98951681423962,-71.02296209015742,4.198300982744153,104.95169083440118,0.7993702854763827,-0.11455433429672979,1.2754401098371306,17.86634804474284,1.1073977945589424,0.042155587244170456,0.3712192755820373
344082.8844349248,5.9852821873642315,-73.14615772764134,5.092610232357692,231.9662983711868,0.7700140600981513,-0.17527816088202536,1.895719119059469,44.636667493142255,1.164486811449913,0.0645513051409417,0.5869898583406489
394905.070315573,5.986197360463215,-78.37486890001284,5.269881268740988,218.21825029502878,0.8268256494799899,-0.16317969530395893,1.8393021904788596,38.02855962772004,1.0924299356859024,0.06154045399722974,0.5415818447966824
343304.0150206428,5.983365794972186,-73.04336269734996,5.365855063354646,263.205887790074,0.79351097571921,-0.1837096191185657,2.019614510881524,48.631893143267746,1.1327988459426022,0.0683222384234339,0.6125918191737388
413893.76216458774,5.983259015778183,-80.19721781924495,5.957876121090798,250.40701939732247,0.7498747086773265,-0.18430853998774377,1.9694263226053295,47.104212364146846,1.1315545770025501,0.06705468187049106,0.6029140309647342
372584.7832106778,5.98517453239683,-76.11309677216187,5.332329455159609,200.2423207676834,0.7635119688217605,-0.1643411018973962,1.7611866068711182,39.20842956471608,1.1578408948725656,0.06067890956529874,0.5501217373530249
352604.36901194556,5.98583209043038,-74.05343907199284,5.052863289491626,184.978988970075,0.7963142528666708,-0.15371229860435975,1.6931241041090834,32.838078947634635,1.1020378623996316,0.05668091841931798,0.5033237181631104
346066.7357065707,5.988813791409781,-73.39949665126252,4.450464779825331,164.47379019159607,0.7785794956494845,-0.1466527963743107,1.5963696091630168,28.138727478960362,1.1053060928224163,0.05220226244093419,0.46594928074354364
419248.3141454915,5.987018939840178,-80.76322606750458,5.2968125974451645,206.44031810620137,0.804346533482043,-0.16224584382541585,1.7886604643058381,37.09804357118804,1.121776878974114,0.05963049461929252,0.5350445490904145
333603.93784097047,5.983200537710967,-72.00148186106387,5.324297002990761,236.75328585714095,0.7784856803419751,-0.17748446462906423,1.9151421243169295,45.182264072643804,1.1394543930075707,0.065691812955501,0.590483720163519
331103.81304018747,5.96635328789727,-71.5375453157296,7.475071167076936,321.588214339526,0.7865551560165789,-0.20495301478897401,2.2322208920230104,58.38817255955659,1.1041232595208075,0.07539626558255616,0.6711728549768238
295993.5017335217,5.96815966933822,-67.65870787904291,6.87005915000841,292.8273548455157,0.7987246368493425,-0.19419680201455686,2.1301913110207966,48.45478462030155,1.0932095472531285,0.06838007611233068,0.611454961576875
277229.81986430683,5.965187537200114,-65.44796181409396,6.948397639793822,254.35022306638518,0.7981024746434651,-0.18070581431089858,1.985338168697339,45.244697071286396,1.0867699824554307,0.06707369635422496,0.5907413267470004
268399.6443727468,5.970376187213843,-64.4511353434267,6.308375089312951,222.4333948274394,0.8099110459472398,-0.16733791073151377,1.8567497994643094,37.73585813643361,1.0696324116564382,0.06143359810187097,0.5394787342566391
341028.0303250465,5.975218306992569,-72.70793122365168,6.489970031177872,312.7464671548171,0.7897379709145366,-0.20153310569932653,2.201374106461962,58.65362091701205,1.1017653027582275,0.07621658488440032,0.6726235541539678
256956.335803663,5.956056163298951,-62.92181181917371,7.469159546075192,358.2440622371472,0.7886029411162085,-0.21623908089383448,2.3560144592827976,64.61093733339906,1.1049926862235087,0.07926012262670135,0.7060387955901436
324042.7288740647,5.968584131432863,-70.79508172925236,7.15709728910683,303.5737556657992,0.7635247040059541,-0.20212568458201763,2.1685214179044583,58.12480573273002,1.1226210777561958,0.07495908995194266,0.6696873745416811
288300.21630976023,5.9694008325381125,-66.78650032096604,6.652387144296806,282.866372117146,0.7661533574716533,-0.19516781899111013,2.0932502446579724,52.71874197844356,1.13675364660415,0.07070561373297522,0.6378603984362359
268851.03796910145,5.968318451339809,-64.4833548243999,6.5340966367014,235.15174257728862,0.7821668183029208,-0.1757853879094226,1.9087549541959723,42.44867739910791,1.1082041614418308,0.06435776202913632,0.5722659964100013
258848.0615474229,5.973341065212534,-63.32427159934552,5.87686890195831,203.7274454960326,0.811154951494081,-0.16035806506960237,1.776943056724847,35.730174507206605,1.0935022999475177,0.059467085209718176,0.5249815750235542
350057.5346540413,5.978198858149061,-73.69269813232563,6.2478172946498205,273.5631182030792,0.7676066171208323,-0.1915675222256069,2.058573682516964,51.51396221771064,1.1381252799194486,0.07013720321172554,0.6305026586395187
249246.6897739928,5.959362298853435,-62.00452238543677,7.065318922207816,349.9028056713282,0.7642052594995306,-0.21750526063995843,2.328072765230599,65.25985580551723,1.1295568763841186,0.07893840611281336,0.7096557979196477
369905.1155107975,5.974637034651524,-75.71049567179739,6.905669771061917,269.43121566188773,0.7764733304516874,-0.1883689683447427,2.0431299215864205,51.03140100679182,1.116202972088501,0.07045152748435649,0.627470638867415
334985.0706037009,5.97578324509306,-72.06238114830481,6.415212499930903,265.69444469655224,0.7771218035673979,-0.1874950089988852,2.028871932869134,47.647637453692894,1.1268557161668555,0.06732032503621237,0.6063952023589851
312654.66224598873,5.975340328894481,-69.6143115599329,6.251137786848593,191.55851427462682,0.8030727146005412,-0.15642382604838034,1.7229722493950475,32.934300955224735,1.0940012557101497,0.05704765481082508,0.5040285619816383
301541.3189168229,5.979312034381614,-68.41072473609361,5.617459315187452,164.8881117562522,0.8337638461573866,-0.14142997201679092,1.598866570169872,27.890360330192294,1.0722694004025788,0.05311458775154462,0.4637588604518632
366006.54204041907,5.9801789103721585,-75.38154344570304,6.039464142217732,266.5776013012475,0.7793035468791207,-0.18679839890119349,2.03233397316975,49.11237613943439,1.1104930187123223,0.06903186460468567,0.61556887531659
290550.0169929263,5.968708796198926,-67.04329195218986,6.711260666067679,342.02397350151597,0.7723793110988266,-0.21345278835913967,2.301860658924188,64.2151453679823,1.1254658939287698,0.07843496372994654,0.703938051004521
340548.1365140641,5.972350898382631,-72.61558986377639,6.931142890466755,217.41543321436367,0.7959800706970761,-0.16683733366773779,1.8355602545460257,37.58626290706491,1.0969941854777379,0.06060902047252257,0.5384879066411854
304515.29534940404,5.968647615300419,-68.62291619275383,6.996203473078964,194.98871012169454,0.7908398513355219,-0.1593773343997244,1.7381879820465664,37.72794785366409,1.1317798360986258,0.06020661699946305,0.5395597797058549
275560.7223600327,5.976481500428167,-65.3657843209894,5.740254957526416,134.18746504681627,0.8114571102985153,-0.1296251348599497,1.442177681760831,23.346741874060132,1.0947406809249882,0.04827663850759796,0.42434159242937936
337281.7357255338,5.976962813938286,-72.32273786118805,6.280820724502874,200.42640347469055,0.795762639135746,-0.16062477886461057,1.7623456626628997,35.668789797147035,1.1161286017381278,0.0588019157398977,0.5245996139872094
392403.39361608675,5.98095577071065,-78.05998478259255,6.159691631305479,189.63490079520096,0.7942861504902922,-0.15784758554090222,1.7140972739794913,33.04699551261018,1.1314516486333779,0.05570236466423355,0.5050513825474392
354412.5894631201,5.986222202081587,-74.24570219425073,5.027167795477157,77.77136951564677,0.7937522421075021,-0.10066108504525902,1.0977454143103909,13.410314539518932,1.1413610380859094,0.035421224828648484,0.3217350139037248
320219.43724734127,5.979096289509981,-70.49255924268853,5.850452837666176,147.1834774097924,0.7815573729264184,-0.13967088378533082,1.5100443300614161,27.01310117136271,1.1367933086907371,0.05046198863263329,0.4566108196314572
305903.67994984315,5.993385559628424,-69.05715897074207,3.2945096912829173,3.2703662836934546,0.9387810674323567,0.021212226521708868,0.2250544703592931,0.4568495764503946,0.5050929800405974,-0.006131993284987338,0.05942672777775651
379229.9569738812,5.984499349495138,-76.78245267893868,5.470195455688476,165.94382113530932,0.7964509156630726,-0.1469517107506225,1.6035203147907646,30.830602529151008,1.1369542570470532,0.053798915517531284,0.4878214416650111
364631.9464437997,5.976035599260367,-75.18482560738644,6.679533035419481,206.44725461203035,0.7765485048832814,-0.1662988561158393,1.7883184961766563,34.77117340698735,1.1216518756554685,0.05716486267905223,0.5180559532685381
304829.1979582086,5.949442889358373,-68.45019210918497,8.804965548636714,280.47976614694414,0.7486238591429979,-0.19700431880626465,2.0841510608441225,51.920707758813215,1.1359576654166619,0.06974451038026586,0.6330610023035262
273322.37392646633,5.96099669099794,-64.93349497045573,7.369078878858553,151.23717241702508,0.8067447774461639,-0.13935673787676822,1.5309018644656367,26.17213714022147,1.1068620555798054,0.05015879935491423,0.44939283066739466
248141.577073308,5.9462321724089735,-61.72225422375076,8.220430360335119,220.12046937637,0.769148086025286,-0.17235492912530112,1.8465308316981857,38.67729590117031,1.1285484620084147,0.060100394217256235,0.5464012416190354
231105.2950676346,5.984384625948245,-59.9302415178679,4.402997506450937,5.327787398054181,0.8584133067981526,-0.026744979928802714,0.28728275991295493,1.2169023412558553,1.2825051343832299,0.010230928470439951,0.09696585813416035
307013.46652262006,5.965547694533258,-68.87753477873389,7.278091591910714,243.22618848700205,0.7753879945495301,-0.18022667964542657,1.941115024683852,47.253759842496706,1.1391462582864005,0.06662908758932827,0.603929270243229
284783.8908022962,5.939422089958791,-66.04826024005918,9.347492340050154,293.94747697198983,0.7769691865113328,-0.1986739932293729,2.133883307986085,53.80475069924028,1.1162554085097895,0.07180774124101355,0.6443549201609919
265493.69835686416,5.9581093930157305,-63.965466029660874,7.533803317999751,138.7289446718762,0.8165092221684649,-0.13289195538768575,1.4662808355466228,25.481902518465247,1.1139623537576824,0.04962588475684636,0.4434124885336564
237802.52364008492,5.944349868675027,-60.402966782851124,8.19426846680718,195.22994403613586,0.7790980799401808,-0.16129968228344643,1.739094674840873,37.60151685638946,1.1277032494843582,0.05988054495064198,0.5386800263393444
223373.25082385505,5.980527774951576,-58.880398218392955,4.827602900633296,4.526004838341673,0.9435058234810592,-0.02366515567667966,0.26487503847264876,0.9826980257299374,1.2801964652645401,0.009336342695242776,0.08712153023846703
306130.0681734632,5.966305053124266,-68.78366801425872,7.2172937943944,195.19660619932384,0.7806633320379417,-0.1607701201748437,1.738993944878303,34.3374027429054,1.1354757005225047,0.05695873271864657,0.5147976900647809
277915.8243315673,5.937042431026328,-65.21787618433855,9.437339730296115,257.15642701885884,0.7720728204269053,-0.18613270689446904,1.9958516446854981,50.754305927585804,1.1299096831647817,0.06952302151577022,0.6258470775984991
362911.2479685957,5.971743412792738,-74.95705454916116,7.20612398057285,206.1347060203458,0.7759151530155889,-0.16596272426466013,1.786983815182039,35.14734858308332,1.1271112253659676,0.0571449359830568,0.5208868563295016
324848.24382149073,5.977082702431908,-70.9768077903461,6.168189815744853,117.41991439998618,0.8008582682916002,-0.12301982445755423,1.3489078120057785,21.200772285204184,1.1155213134134683,0.045287992889735756,0.4044502827025554
293655.63262904435,5.9710908660704245,-67.41797837560222,6.571563860729766,152.4280513020399,0.7982175993478966,-0.1404021590065301,1.5368719970578806,27.507428849629328,1.1106784620087717,0.05149724101777573,0.4607057868697616
279003.3832211717,5.9911201377818895,-65.92581349001361,3.635241190175336,2.249530796504936,1.088506933356177,-0.015382456608541178,0.18684833080355837,0.5420785193337517,1.2677343252012518,0.006832981777085396,0.06471706724140823
349909.8264705446,5.977225691972491,-73.66888380896835,6.343232373402554,190.20484056054727,0.7815114149634768,-0.15894903912267,1.7165913423760852,33.75484900080523,1.130408544494292,0.05629004281526948,0.510432354870502
335262.93958373397,5.9648776698877,-71.9622071083908,7.74107092622926,224.52112293698428,0.7888564189297623,-0.17177053536933262,1.865110567518535,38.81793370351859,1.1107618914855455,0.06069660241484421,0.5473399579000544
344312.1229783612,5.966932001638593,-72.95500192728576,7.5792226070108555,230.18690055495387,0.7868192370654695,-0.17415141514770677,1.8884760008465042,44.02110755334699,1.1298066808560985,0.0644696307247481,0.582888127752434
309384.32527154335,5.972281875230233,-69.2130892915279,6.608960061223937,138.1165359823318,0.8091187138775944,-0.13284966795536846,1.4630180588250041,23.664046585478122,1.105154457859157,0.04778809013016688,0.42730745651200475
278497.2016010372,5.965101617783283,-65.59078526727866,7.026212567090801,173.88166783277862,0.7918408359153073,-0.15071752543649997,1.6413973581718304,30.703293703742165,1.1114073258920563,0.05421638699123518,0.48675462549636067
264648.07911905413,5.9888023426436305,-64.1820722502082,3.973391234735938,7.84104763995376,0.856723908815638,-0.031383478948660656,0.3486136064805223,1.5609357490658498,1.2254489300357814,0.011971285096311353,0.109779318966369
335820.37032419525,5.973305583459604,-72.12490793884754,6.722420778880035,201.7005053010354,0.7617868283583814,-0.16542486668662387,1.767542081199311,37.40725847308208,1.143054388602554,0.05891920500339863,0.5373757848123799
318194.23697740526,5.957501046254053,-70.0202191352637,8.303846399206169,235.8949706874509,0.7761774112425173,-0.17729243463074854,1.91165538463765,43.40673767337328,1.1245185225185403,0.0639849198348859,0.5788100449257527
336652.18939587334,5.958609064770185,-72.0448718363188,8.350263552662229,320.7608895393927,0.7582514940622088,-0.20992078719630952,2.228861180548464,60.13532896891761,1.1429343745660265,0.07483242970590612,0.6813276488107461
303201.27110868273,5.9636926749134105,-68.42453105547486,7.456769468846735,207.64887011966414,0.7946201303044846,-0.16499007313479297,1.7936810952303444,38.09910039762984,1.1255687801993175,0.06026466941644208,0.5422337055888449
271156.54867263616,5.955046163619439,-64.61701577495681,7.8397924302191955,243.63600342397282,0.767931644052001,-0.1814590134562205,1.942649010998917,44.95659174826346,1.1319136506892975,0.06503164180122187,0.5890621856798702
258068.55772214435,5.983005050431082,-63.318030797584484,4.811256626355428,30.571212655707534,0.8096603880636841,-0.06293532262656261,0.6882690919337586,6.041520789457175,1.1745601001517758,0.02360911188487466,0.21596756933308678
312362.33424887166,5.948161044388099,-69.27418762862746,9.041482236466347,311.5862613893446,0.7729525629974834,-0.2044795297923604,2.196980531571549,55.66450693685015,1.1164476587360839,0.0727652405565875,0.6554267161253681
273313.0088177289,5.970053332801441,-65.02310745001847,6.520065975154505,203.16931953330004,0.6542885465452498,-0.17655908125769915,1.7729488172345107,47.96212684554321,1.2302087951162823,0.06294709029874818,0.6088856869755829
331496.56764251273,5.9795469247407755,-71.73298606470229,5.832030491645982,244.9100651067575,0.8661829463943501,-0.16741130487934094,1.9490236587306173,33.58220560331426,0.9563082661435338,0.05787677157380287,0.5089314890907092
185754.67712169723,5.956260318572635,-53.51059477900917,6.247645670426282,429.4314999768087,0.7698054927377911,-0.2394625363602709,2.5792488985783324,79.9975566815508,1.1516950747069592,0.08561555941715339,0.7859076838664346
182192.6813541644,5.938209174756278,-52.849233084264156,7.329338889963912,522.0622138521336,0.7622314573090682,-0.26611810709971306,2.843660184430139,99.5117040966982,1.1468098312156028,0.09521144865099951,0.8765671499099386
167256.25208316772,5.915639424579099,-50.497611161604866,7.960540545142339,684.9743894988069,0.8425617505228814,-0.2899622421206259,3.258626510366482,114.8198160897414,1.050842722602935,0.11109376323885407,0.940578539501372
171057.9066464697,5.970482632744645,-51.44388199193631,5.129015202825987,991.3104710930369,0.26143792838465535,-0.47996441700613424,3.9062591144516596,142.50946439765875,1.568916708286626,0.0616671651760319,1.0533529092122265
271433.1929492513,5.955385809015336,-64.66815551745157,7.692418462535028,423.8259291604604,0.7565477414096704,-0.23907355647393475,2.562249788316334,76.68419382804016,1.1059053193335868,0.08564137269232186,0.7692599167803679
243620.05560284623,5.950884460357918,-61.22115175643584,7.65074809478948,419.80960349245663,0.7930853767340147,-0.23192922594773152,2.550634017008501,73.53862578546453,1.0838146960317174,0.08435702233158579,0.7532625085136588
290638.08642278204,5.9827733087614945,-67.16946102633598,5.429880826270576,38.11397984503767,1.2216125533176703,0.06528115701378248,0.7689403784544387,4.281276580316346,0.6820890631609389,-0.021555809853200266,0.1816117296467773
314962.67555431655,5.970436763904189,-69.82116652360257,6.804153938555227,341.02872732691884,0.7980921944306925,-0.20800985191495178,2.2989792878556834,57.783658785242736,1.071988884290491,0.07483818510623032,0.6677080801590725
368325.6420443579,5.9657684224412355,-75.44467076191336,7.949201882553103,337.95171713727393,0.8186727083718284,-0.2038634747625439,2.2888720505802955,58.08554030019563,1.0458855999366348,0.07635311970268638,0.6693007430945714
320636.22239406966,5.973306455103284,-70.4775507401236,6.546435410254965,279.669509178421,0.7972206571332867,-0.18838189478813175,2.0819097825383452,49.1789417074092,1.0842653748676399,0.06916981393607127,0.6159756642345408
877545.0500720947,5.995006003322679,-116.99474177161363,4.885878137031192,23.46557398722163,0.9832223856782676,-0.047204087293048584,0.6036732292334722,3.1440015475869334,0.9095773873157771,0.017282700557252464,0.15576848317927236
330366.4004418988,5.982622729924208,-71.64696736870249,5.356031532090641,298.23764577797164,0.620086907061006,-0.23245842182364473,2.1461421894655692,56.84890545201979,1.2860439482363348,0.07901853827260617,0.6617311723450583
320609.30910515046,5.986241190104513,-70.62328419868706,4.676770654998488,251.06510657833925,0.6923319679765791,-0.19306712080344474,1.9711969402246998,48.272835548400955,1.1444893862061185,0.06920509349387356,0.6101984781662331
211440.09151547385,5.884160922979147,-56.4409810577248,10.870468581014766,163.32994349470218,1.2592260084647753,-0.023291102112241918,1.5973377512808988,214.82744301443165,0.6244864772195374,-0.07031479186420186,1.2935977847056406
161055.29407109244,5.995539019609731,-50.126283856001464,1.9607745021764842,14.367826436422725,0.6721616292488642,-0.04841575492872084,0.47133130889405933,5.9003046915969515,1.2113366540684438,0.020908128626419435,0.21367962130358217
158268.86840844475,5.995677482304885,-49.692059542185085,1.9105725157346674,8.374413886642845,0.806508665246958,-0.03506914722354531,0.36002829318236607,2.870308621454592,1.2692344230336428,0.01489482115982043,0.14900479994862906
429372.1547914705,5.9965709039443915,-81.85921269617297,2.8300557202003596,65.42308088113968,0.5731881892421467,-0.10670907936891391,1.0054097727534015,26.595040943883753,1.2100638878998566,0.043489468005512094,0.45374268428999426
214804.39386307565,5.972995056601544,-57.65405457151179,5.68582848630667,6.372781992045278,0.6163453346703193,-0.04266424679440376,0.31265712957035485,9.141763158704661,1.0180224797454005,0.020550335405400997,0.26645395172919784
291741.8988997134,5.946726271458689,-66.93792790949283,8.819352441736566,373.87266669198686,0.7812431492544392,-0.22328299491788173,2.4066377212291,66.86069638917994,1.084406741534011,0.08232704093376077,0.7180330416293942
281820.9253779999,5.945621865227449,-65.78516022471241,8.704289358710708,429.7257266767575,0.7799822464128505,-0.2385805416365741,2.580221658012493,78.95740673421477,1.105489827478843,0.08778458020014226,0.7804797291346763
266043.0227508567,5.963218268952295,-64.09823784144064,6.952563275817402,331.0678346067582,0.7875738674308723,-0.2082868963435692,2.2648513162108808,59.854289029252584,1.1141465960048216,0.07607613582431763,0.6795763787824558
266673.19705901033,5.967930925348636,-64.22220692509994,6.502064419604145,304.40452968284154,0.7883089283731872,-0.19944461310453626,2.1717602590060396,54.30411117670955,1.1171358374307072,0.07221031538851266,0.6473303167004731
356450.75490071916,5.968286500537802,-74.24962290007267,7.519078701592366,288.2987871159894,0.7713381901606142,-0.1961498990926202,2.1133371159787284,51.47878120409026,1.110531466121998,0.0707663980615474,0.6302143247041834
313509.6463649454,5.970426162888861,-69.65992250632803,6.788477065192558,313.08275171323805,0.7878949393300587,-0.20199763351011216,2.202524676723432,53.7289313641748,1.098219656294127,0.0722465876730865,0.643846027286191
310318.1602073944,5.972735374453583,-69.33015128048106,6.484703282814796,305.288851847553,0.7853718489390717,-0.1998417208296295,2.174902663737821,57.43905399031059,1.1215449428184479,0.07438669109329916,0.6657396108746209
368764.0812377424,5.98366329544379,-75.7064529123611,5.520122894300006,230.61483981944238,0.8072249109379306,-0.1702861631236432,1.8905976554590918,38.64324015741606,1.0986981368077444,0.061033596090928253,0.5460542224706466
340774.6210620059,5.981175112174457,-72.74901180984554,5.67315915383974,294.864851536024,0.7582243289938722,-0.19948070808349092,2.1371641846973017,57.3640668917183,1.1362673747430683,0.07415705946493772,0.6653251108466168
316156.4259148885,5.981554720361976,-70.07523020855028,5.42275447893554,231.8338733238098,0.7881916041518942,-0.17264765566419263,1.895414745557865,41.81254113448369,1.0974301763147043,0.06416023825818294,0.5679295215427765
338950.87536334933,5.984729894769987,-72.59384416771951,5.122618129939715,236.5871373779001,0.766976537203891,-0.1771475725627037,1.9144954319780525,46.09358872188126,1.1296019894680804,0.06670085449386512,0.5963699840698604
378982.43448890315,5.9856332557406695,-76.77198938007072,5.259485289970714,221.61985836684948,0.8055883827671766,-0.16704471943266247,1.8533500340442133,45.80270122323914,1.114054062643172,0.06720597546530195,0.5944047107554861
331353.50205394364,5.978959670013657,-71.71036466745176,5.917944647760438,296.28427706740575,0.7833796314661741,-0.1961746595861266,2.1426519390966146,55.83064304636534,1.1165932399635077,0.07355137655746147,0.656328495348352
285786.82641183806,5.95340346734492,-66.33324299017978,8.082081235098661,425.37384941398903,0.76754698605192,-0.23883800870537714,2.56698710606252,73.41070402425146,1.0984701724083235,0.08399255991006811,0.7526396050363137
264220.6764296507,5.948614167150548,-63.733728346296886,8.152296626946578,460.57752639428065,0.7686524109882265,-0.24854003032873911,2.671095599793243,85.37639656762944,1.1224894173804123,0.09019868469873595,0.811706409647739
241883.23636873433,5.944641646530654,-60.93929582845965,8.113432824209088,400.09808748830335,0.7839463132119995,-0.2290436015845555,2.489793494564944,71.63701515944138,1.0934374418170076,0.08373040557597902,0.7434066182885499
257066.27290933815,5.955950133708042,-62.9344342571357,7.4778004080527065,379.61009450575074,0.7773589368876059,-0.22395820866908703,2.4251289548026285,68.90763315824134,1.1108019496233963,0.0813887205582983,0.7291891114207918
309300.97561238403,5.967446270939034,-69.16020130798825,7.049418343526163,357.0163458955406,0.7738893686143313,-0.21772653921091106,2.3518026190012336,68.4972322627524,1.130123038944453,0.08083152474192862,0.7270494423769598
255110.4102641978,5.941605261175297,-62.553147882584945,8.555924868624624,455.0605117096202,0.7845682749525617,-0.2441420291646142,2.6553182794268184,82.0564070998569,1.1030279193789574,0.08912690234688925,0.7956896855845753
280523.66793337505,5.963678409232166,-65.82427452133737,7.095575748210987,306.15693894171886,0.7856672605950794,-0.19950517358558495,2.1780495533107005,57.55947466011503,1.0990832238318067,0.07517569672204552,0.6663572693416826
252413.1345336603,5.9557245606454785,-62.363143909256195,7.4022637646766,360.0779945289316,0.7742410793194159,-0.21841589803649453,2.3618876264546262,69.12697876577316,1.1157781732977972,0.08182876285966767,0.7303140250443361
225698.52122422348,5.953229140724057,-58.94652750421623,7.200436745307301,303.3711326028579,0.8093427657043206,-0.19543757314968882,2.168404506064543,51.52034054666578,1.0715558792351243,0.07123336568583423,0.630419279633717
235034.02938390913,5.962618415838577,-60.24165536103462,6.584046513042686,284.64129033461137,0.787683472202537,-0.19243771809484234,2.100116160152279,50.78658840151005,1.1029371375015913,0.07024337695466276,0.6259681220963272
281684.28106093884,5.9714430605213105,-66.03967906849687,6.330693493378597,268.92292480102174,0.7869881039098156,-0.18697526313277799,2.04131353569029,51.418968555997814,1.124814834745688,0.07045322681898346,0.6298785872487854
236034.05454796346,5.9559387955324485,-60.30849347862268,7.1356651162211255,326.8675102705858,0.7801473219949674,-0.20739835037219861,2.2503979142011294,59.457256690142685,1.1161931085580168,0.07556332972953639,0.6773477696810739
317570.5972947292,5.971794954336615,-70.12663254055371,6.6555233642666,328.17172509473613,0.8034743673352861,-0.2047637069454306,2.255161863131606,57.52384011997229,1.0977974196787088,0.07461820151228084,0.6662110213290953
254386.50711909326,5.952611183749667,-62.57647637308868,7.679438681577335,458.097950089003,0.7541473537203547,-0.2493658477593439,2.6637562095867433,86.80673283510312,1.1330696952755404,0.09057754055316106,0.8185189731591954
216210.97445955034,5.967945714406346,-57.83145213662462,5.815463842185796,349.2408096315834,0.7715294881588357,-0.2158943125595334,2.326000278653882,67.47733916818272,1.1372903890193984,0.07997121466964366,0.7216448690842951
183111.49558592448,5.980924254451804,-53.31428152411547,4.32487041394637,593.195029687538,0.2580848343352179,-0.37127652574914105,3.021725679193171,95.25010912371846,1.5915124173015205,0.05446364280558676,0.8609153205405256
196808.0158689482,5.9730570257840405,-55.186849274956074,5.434787489460535,34.25773843574882,0.7965996328419997,0.0698817837882575,0.7282813325584739,5.6538930696626455,0.9595605950282295,-0.023412288630701227,0.20886096894300799
177547.09231357664,5.985292681191797,-52.53349155935089,3.7954686118110605,12.314675653785265,0.8582227291235021,0.042619919739950975,0.43657799936752983,2.001887443751308,1.00816486198769,-0.013597868418538816,0.12431751135209876
169794.66898883303,5.978746795264155,-51.313586553804285,4.467386029408336,35.30622745236652,0.8044488094082054,0.07067912833834526,0.739367476131158,5.847957128073374,1.0053148604328626,-0.023604253252503413,0.21243823641582255
161464.55191709942,5.9851458164002285,-50.09607999451433,3.6423059849358266,20.856074365191564,0.8156374427435061,0.05530791015635311,0.5681700423555038,3.4328133718637237,1.0438910655372906,-0.01778630399692424,0.162795890174827
154404.62194187386,5.988637443074623,-49.01976366250372,3.104027756650828,18.54859490572461,0.8057291969009222,0.0526618596409525,0.5357690957316441,3.2368744877167623,1.075338082249024,-0.017195538912089116,0.15808983324935869
157063.61987845373,5.989188399059742,-49.44498997003376,3.0515614796527144,16.094566380390813,0.8184060975360966,0.04914434813722714,0.49906155205522845,2.7671294871494374,1.0876222708352576,-0.015808635064140333,0.14617895257445174
172988.31374443363,5.9770569700313025,-51.777696496506074,4.691753166192523,36.42974192784153,0.8043782650873357,0.07179617586924382,0.7510392977421865,5.895547340724289,0.9874479486092855,-0.023695836003397138,0.21330136182291154
152915.24459551624,5.9891741987914795,-48.78759141719185,3.0119130986947873,13.326949211621134,0.8259355534976107,0.0449592824949204,0.4541059836085869,2.2949544831074427,1.0992641271402017,-0.014334583544998234,0.13313095663243904
361400.10994436604,5.9815885070789125,-74.92290534531904,5.782298202019912,287.1731852194821,0.7882506967764338,-0.1928593375933167,2.1094753601209653,49.19205259665639,1.1116316602931313,0.06843734752640435,0.6161406011414344
331215.2324892952,5.991191060348923,-71.8333070872417,3.900512857979965,73.03819144913261,0.8209034707215047,-0.09415595948019802,1.0641223598285396,13.247653595773436,1.103042778622584,0.03657718960366554,0.319623845977858
300018.825618824,5.979662814350137,-68.24394983130023,5.527880400036174,272.2966744263944,0.7802332782319912,-0.1889860753207233,2.0540009253277574,51.550799721719734,1.1242281959744709,0.07057122166506563,0.6306824284048476
309975.53625812253,5.989345360880911,-69.47199880807763,4.124213336337634,120.3005420398301,0.7670131138061003,-0.1261343904414392,1.365205510141353,23.205927381741997,1.1434670391322705,0.04728528413296518,0.423155301957005
358136.9378961743,5.9877482767124945,-74.65472749822574,4.749875450301894,181.86762276003333,0.7952194215995512,-0.15283687672404764,1.678786018150842,33.59089947116375,1.1339134590945417,0.05672014012907348,0.5091284001332131
306712.5323896702,5.9755415913571275,-68.95549665196802,6.125585691917444,347.9941724349518,0.7533244145213844,-0.21731152017892183,2.321677119561126,66.21115175344381,1.1392074257222926,0.07900950753569597,0.7148651067108721
296424.05808864476,5.955280689082693,-67.57360516521558,8.089115687800806,378.93279071152426,0.7758428090833542,-0.2230132434182811,2.4230332123451435,67.42298992311385,1.0922064327301209,0.08098122135844299,0.7212379292311393
269853.98588743794,5.974529643979647,-64.66772183847772,5.8782890123310025,165.7455699801478,0.7960588566676466,-0.14488588491821364,1.6027422161069058,27.152553715027366,1.062355965755442,0.051827079044733285,0.4576497348151119
242849.63158295682,5.951164759222402,-61.12406838494964,7.640272086496686,373.1022957916786,0.7772125615290215,-0.22175170766194213,2.4042773450444503,68.006760202773,1.1039393968100186,0.08131970215919332,0.7243548302626994
248668.66676436094,5.970501813347968,-62.03671332536316,6.074052846316789,201.62015227403165,0.8163364469258949,-0.15889338171680234,1.7677861218281874,35.51210421847771,1.0925041129464288,0.05930539185080132,0.5233748032760843
302283.75265272375,5.974691243857024,-68.44706364565864,6.1792486182353406,256.6036052124377,0.7898089217238672,-0.18245735816784278,1.9940262395201196,46.11174873116995,1.1114550500561562,0.06692723707972545,0.596463562926638
248047.26022677845,5.941507910183169,-61.67836415967282,8.456821839804881,457.29370447989834,0.7476495839730988,-0.25088129719890323,2.6612539727005027,84.94998534401078,1.130114350847968,0.08966199469535797,0.8097113604287234
290628.05391683336,5.9671723025050944,-67.03528288737445,6.879984786335251,274.78886666359887,0.802367397437388,-0.1868209875687654,2.0636554848672204,49.0496848608677,1.0833449208224868,0.06981853138658359,0.6150821373203335
267808.62133525976,5.979528445915609,-64.4721154563288,5.277881862001377,103.61761766142345,0.8287397080879096,-0.11216892227041517,1.2674554859388296,16.886195250097472,1.0662392751287881,0.04133660952665884,0.3608527194081085
238431.68126614176,5.964901315819325,-60.69689899964027,6.4328431980682605,276.06583057436796,0.7856802398016337,-0.18956455331244448,2.068234484494433,50.147947041008536,1.107008481472926,0.06984900378702388,0.6220144314466021
244837.50935584615,5.97916017893931,-61.642452250509265,5.078795549023505,137.51961945337237,0.7975287929906216,-0.13231594319760448,1.4598755238494385,24.470780828246028,1.0974139593859,0.04928825327511201,0.43445211854675136
304900.3416927196,5.981889200612245,-68.81922969147452,5.289750808952718,192.926548786732,0.7884029961545707,-0.15809003012270934,1.7290126856586359,34.45690509925171,1.1183346581293443,0.057808800467987295,0.5156090705916222
243107.21104750465,5.954842029043753,-61.19103117020312,7.3625998767073435,363.41574390399285,0.7798245089193028,-0.21891277876558735,2.3728565472427987,66.24108492256272,1.113815821536544,0.07993725353180102,0.7149255286079199
333015.2340044521,5.969870579819763,-71.78826038247915,7.057528078367035,311.1052853469435,0.8099361346079759,-0.19764099383901312,2.195895744588144,48.29784730937637,1.0425465811028278,0.06888458341422346,0.6103948281828343
308205.37608796457,5.979483508768686,-69.16576019041364,5.639735690317313,178.03414554366543,0.8038592697871848,-0.1495188820645734,1.6611524999306755,30.048248691583577,1.0737691460524699,0.054727771927111035,0.48141127311571213
274493.873869162,5.967326840341965,-65.15040616122135,6.662683861143773,313.41271820694743,0.786959722946014,-0.20188377763071702,2.2037052122080905,54.739634504272644,1.1012612138626752,0.07280960844492672,0.649886263497488
283899.0799599268,5.9798109653772045,-66.38541365275454,5.375870025077608,172.4986545607174,0.787643215827949,-0.14904667798824645,1.634954606492754,30.358068443440192,1.0987577979724688,0.05466256715757434,0.48392604131842315
332242.64740793273,5.979842143472718,-71.81734506679227,5.793126384452154,248.21568651117136,0.7774702418860029,-0.18053520414765611,1.961065307887633,44.23221795803392,1.1154936595420988,0.06518104533718415,0.5842222472021174
282687.65444488,5.9598716535354885,-66.03737743008233,7.487281406365168,406.6962485602857,0.7689766165591886,-0.23283643213750282,2.510062963278798,77.67727049318508,1.125815419339318,0.08618447995791519,0.7742260077925516
297517.48681491474,5.9659778456293395,-67.81226133979277,7.085756379292934,303.56100190606594,0.7858508842477454,-0.1983156890973466,2.1688272273835287,52.51434265544209,1.085445729209757,0.07158862379945677,0.636508735948016
279033.8593493666,5.976575494618071,-65.7797142463928,5.738749515074028,153.5709614288131,0.8124917269182519,-0.13840601976726574,1.5428512715156273,26.11616889966184,1.082479819564505,0.051127656106046054,0.44879676058290574
245273.81284164905,5.963663058353907,-61.54877818654866,6.64463914699642,266.8521178180709,0.7829273071406084,-0.1865444053413925,2.033412286218214,47.13737041114258,1.1036467304486273,0.06775177263475972,0.6030509129765904
252943.78132333828,5.976887676657141,-62.632455718986805,5.424211812449652,165.69160390176407,0.8080139705018625,-0.14416942919441356,1.6025437549879318,29.031152375914573,1.084212363435717,0.05384717162193834,0.47318744704942267
301963.1945094402,5.977809318006948,-68.44369977177317,5.799558238467941,210.24636944099768,0.778718791908533,-0.1659748998452252,1.8048689301821772,37.673268765753946,1.122264088767087,0.06003786046724961,0.5391825920251577
250154.77220983105,5.955480136510323,-62.07790747598506,7.4163143933930895,389.9495197442661,0.7606931313757803,-0.22929022387477985,2.4577199269321985,71.7982095279272,1.1230695881836823,0.0827147265477003,0.7443667012629397
378867.8980545747,5.9838261229560565,-76.73273545861184,5.647850577115433,153.56396630520015,0.7750206144250573,-0.1409034308124018,1.5425897694150728,28.574956431421022,1.1544480517133757,0.051023873663367275,0.46972163185961685
375224.8832962559,5.9838901045634,-76.36867444467204,5.542054228144446,193.55351172760817,0.7754152292361713,-0.15873960382174235,1.7317838661110092,33.8613091264869,1.105395349483419,0.05694779265827951,0.5111735776250848
356207.0191974197,5.991188454762802,-74.48867534658024,4.143901551853554,14.718469952259461,0.8522416455591332,0.04510286133168806,0.47743253440014805,2.0349576544995136,0.7098576293432131,-0.014036643613962839,0.12530394771048534
400873.10825982876,5.9828888446410105,-78.92200830392875,5.912607025198248,232.97553665810335,0.7784568586496386,-0.17428750165305296,1.899964901531184,43.218432364355664,1.1207277112065186,0.06496569062837237,0.5774283175318883
381033.3913643642,5.991656971123919,-77.05156042495403,4.087025342207501,63.14893978618903,0.8052025531042886,-0.08786948267381992,0.9894347569061029,10.970474381882063,1.0986191155538572,0.032896279763236745,0.2909031898865883
335311.8866036397,5.970501457735472,-72.0400776215127,7.033878337609827,316.7035954022913,0.7739689513245719,-0.20386402901153533,2.2151598443083036,56.686190115627014,1.1021021658109393,0.07374055804763568,0.6613797626002472
308206.556964692,5.9980106188038365,-69.37144196278797,1.824963719324762,8.054847059672163,0.7814990685398919,-0.031801223305128516,0.3533350640732885,1.8430581506322017,1.2291946717796145,0.012879559482856424,0.11930217411825167
331168.30241115985,5.978396539870342,-71.68073724822335,6.031304396690439,183.03664390069756,0.8069043345683451,-0.15093974998259796,1.6843885397447913,30.78606725204151,1.0563769554327203,0.05536043774768209,0.48728982375887897
328413.26229836,5.9747068914355115,-71.34228059839515,6.460357763446813,262.02213401293517,0.7917626322946851,-0.18328888291975334,2.0150684924711966,47.48748262588376,1.0992483850339485,0.0680337601500629,0.6052828805563235
320221.04663449014,5.964046392111778,-70.32736060123477,7.58394386370303,327.7790557196698,0.786213181408117,-0.2058653730327794,2.2537007773451014,54.55355925059612,1.0611141995434639,0.0731171440261875,0.6487322752066033
303723.0013169735,5.998136481778237,-68.86646357874788,1.7555881449535868,2.233524226367465,0.8593327140137526,-0.016059725725889994,0.1861206631371187,0.605092075091388,1.319030721253787,0.007143981040198133,0.06838307810817497
368325.2962321887,5.973191762967581,-75.53378434148078,7.051962612111781,298.3550782602781,0.7726393784352612,-0.19780709933918894,2.150039638999212,51.879793309280615,1.0923500841583156,0.07072199854413262,0.6326999953774921
324839.0213147064,5.9831123729728,-71.04630207834914,5.294588655811733,142.4998775094709,0.8073429445360789,-0.13267232810961496,1.4862565860037282,24.604450609431467,1.0665955147977497,0.049474577233354425,0.43563119332040967
399708.97269072384,5.9820777859649,-78.79802928941962,6.026879656698506,247.35157852089927,0.7769165566620071,-0.17992910839395973,1.95767564482516,44.53803350287103,1.115023016323123,0.06532321648093309,0.5862476133254318
373363.24093457573,5.998410650796066,-76.3582183798031,1.7953065100552363,2.790014452129899,0.8958444477131581,-0.0175243246888048,0.20805497797152328,0.5989947568429443,1.325474090601782,0.007179440960594073,0.06803015629357945
395684.46959565586,5.988182446754877,-78.47616693653222,4.905207475902262,138.2705669384031,0.7941704854547624,-0.13201949106812721,1.463915456025607,23.533351527039468,1.0825038836272836,0.04801135042560693,0.42608592916840776
369568.29218878294,5.980256664625437,-75.74554934993971,6.092316400646107,216.1489527716528,0.7961751919150273,-0.1657564947692265,1.8302601376577305,39.53387858344922,1.1015667426932243,0.06213011150615071,0.552266489728854
356571.33218308096,5.972881354069716,-74.31487513424644,6.98042972473761,270.6648460069979,0.7862797987083195,-0.18649809266439576,2.0480128613590014,44.55014100096838,1.0602609091193527,0.06580872415608001,0.5862739874794161
353032.864544766,5.9976468436634365,-74.24032126444796,2.1244309975910993,2.358865827699412,0.9420525445736259,-0.015300790610669494,0.19137179615735375,0.4760681362885695,1.2587675990549028,0.006870157017453998,0.0605977166014527
408000.7844145399,5.9762055078023515,-79.53459426702045,7.018587554317767,251.49818269032912,0.7984902296022502,-0.17836602656077882,1.9742959922730208,43.5527379750378,1.0777639942147825,0.0652870223135723,0.579649351028197
428094.3964271908,5.989779694027184,-81.6439641188069,4.8205878419364305,64.07462103948389,0.8516705208762629,-0.08562329486451623,0.9969125363433243,10.137388678166156,1.060339879840821,0.031809125236664966,0.2796185412304614
348872.4981989217,5.987508374942368,-73.67529300071874,4.80457965033328,19.67688580912633,0.8648027518432968,-0.0484852040167503,0.5523590551073214,4.453301983350992,1.1968413017335144,0.019381337545800292,0.18551491988480434
256300.00401895487,5.976145401226334,-63.01617697664494,5.800775986394673,11.854278006506158,0.7645941793044575,-0.042332654360045324,0.4282885011607149,4.7543186574971275,1.1692400961234206,0.01643956731491072,0.19202305887105026
722819.457054948,5.980272729709663,-105.90420667683458,8.851724387590858,15.093628749865923,0.8073257870055405,0.04727996850406292,0.4833244808561945,2.3894371351829036,1.0369720050017626,-0.01557434458238178,0.13573841537842435
346751.66572113207,5.986279163561974,-73.44098285940083,4.9413372216315805,125.9172796521174,0.7900511845934428,-0.1280974412026391,1.3967993915096293,24.43321238677566,1.1631092045985953,0.04759506728957663,0.43430309847085535
376401.1455441741,5.9856935672225235,-76.51011624947651,5.241184085615856,189.11143660353093,0.7726707840525552,-0.15831898548206785,1.711666233751808,36.60710677193646,1.1418043913623925,0.05868580932912801,0.5315533815517861
299884.16752814455,5.9654409098645695,-68.06807998879765,7.240621814865445,186.57989843547077,0.7807997383132976,-0.1562665178338972,1.7002622410846802,32.55759066192245,1.1089101214668136,0.056014905601592654,0.5012170262438355
211244.82120112836,5.981490825395062,-57.27159184785441,4.545888084896911,47.96666808069572,0.6246287508078661,-0.0887686224547612,0.8611616110976816,15.042714034947108,1.2248568570771456,0.03406684713401159,0.3411167737364614
646842.4868183332,5.994617323591604,-100.43968972802554,4.33388784746618,3.9595937682575926,0.9471615152111685,-0.020707372331665107,0.2478706464270077,0.7529415502006458,1.2066566446954716,0.008520973978943783,0.07622170860977015
288476.892266567,5.9447454590749444,-66.54337113281696,8.912418299501628,358.89871985714086,0.7842995028104647,-0.21693078449998482,2.358120762917804,63.15186779164757,1.1053962978890268,0.07787499333133781,0.6980755349787662
323247.6652971676,5.976376390526358,-70.79695208528324,6.207764952247481,183.87931783960886,0.8114322144042048,-0.1517554891366316,1.6882193615643644,32.038401266444325,1.1040823509536062,0.055753629972774096,0.49718361058964455
208283.41500110325,5.979199043363665,-56.84211977752523,4.837538484571923,12.58875727628547,0.37116816661279733,-0.05441103676524216,0.4401576666605864,11.973577061815115,1.049031208705226,0.02221522087746423,0.30504107060655955
672515.7112222946,5.99142514921583,-102.35662155947534,5.583906408483205,1.9826572889651983,1.105011150023434,-0.013030093219428903,0.1755256015821459,0.3863446652901632,1.2708088940115059,0.00617505441072397,0.05459108352656135
307844.6975093689,5.962770058134876,-68.942194781324,7.5529581832465125,330.1737346925007,0.7762214644612677,-0.20896288105858127,2.2617027034758617,59.612831478313076,1.1207255116348693,0.0752401931204418,0.6782802954999648
333377.9989578627,5.957004301427955,-71.67562383380684,8.463816027728003,385.26229673958295,0.7876508607569536,-0.2236047007356038,2.443301930659599,70.38180257492141,1.106919126302988,0.08227081305189898,0.7369459586267864
447876.1894945033,5.98533361084327,-83.45324186097125,5.798438043632877,190.4112356445441,0.8119271506113297,-0.15537330275364847,1.7178575883167453,34.80371773639955,1.1347465110725512,0.057868565191965884,0.5182231893482234
385917.9104578717,5.9840721384073525,-77.44887730413211,5.62483379609885,134.3346384576388,0.7943417076657955,-0.13162631769025523,1.4427935536284844,23.7193832149467,1.1340754212687814,0.0478065480697327,0.42781095746652803
395213.09814052854,5.98316569423143,-78.36667908831491,5.819644930305111,213.1956764294217,0.8057676850930324,-0.16520482348527357,1.8176605322520798,38.51459849434534,1.1412589682628231,0.06057409127688784,0.5451844460391843
369603.7768709286,5.983419479119345,-75.78809175821725,5.587858378332572,202.233281281316,0.8222325651813385,-0.15918355266101478,1.770467626527743,36.79571744626142,1.1423853768374708,0.0591417933081779,0.5328872214955149
346415.879986165,5.964644284113529,-73.1520484930777,7.843846381096277,239.1694180192187,0.8129354438067717,-0.17306020007157646,1.9253758915342942,41.28186664790585,1.0915406532839809,0.06393153786609948,0.5642936661463072
293554.58263915253,5.957571873374388,-67.2605442885962,7.925246730452483,198.92241677800584,0.8182619112301888,-0.15716481661955178,1.7559789242964403,33.06403453848145,1.0732103048189505,0.05753009014655083,0.5049782753343118
298605.38278981857,5.958764083236504,-67.85440222843201,7.841505232611724,288.29977809920103,0.8224049122015831,-0.18959916650566339,2.113938548979221,52.889656096632905,1.1192215416742277,0.07161622143356121,0.6388047863647577
350342.37126382056,5.971271445663055,-73.64352807049659,7.122522329005102,254.82752384230037,0.7779967301043894,-0.18400770834132374,1.9869124850649353,44.277551719080684,1.1338750630544658,0.06526820768387276,0.5845155548580832
238756.59719130196,5.927912777130132,-60.37591729932483,9.236906483189124,435.34446931753223,0.7968405178539761,-0.235973452768449,2.597416767227581,73.6034593573128,1.0712042642226276,0.08516101002279462,0.7535082140235126
201279.76380024847,5.975806972079001,-55.846820132314775,5.111652422432871,2.9219611364554545,2.0606799145701133,-0.031257760495994186,0.21137311836156353,5.8935882669999415,1.198594034978684,0.01386582893043795,0.21412939341437662
251949.55541602365,5.968163879306028,-62.41477695299271,6.41150694326533,22.561573852503564,1.7925234471277998,-0.011586318048733765,0.5936247540992894,405.1087226364043,0.3659824368215522,0.1877692815931649,1.7690829806673554
249606.94017470657,5.926346884735117,-61.6653826165975,9.873653172885229,608.6823048874619,1.3740435529007162,-0.131972425396612,3.0811108861580307,54.69779636113297,1.2642806277092957,0.08234363749323795,0.6484952269953369
328125.4467539359,5.972556454627947,-71.28442745000406,6.744665199649007,250.97540605692154,0.7612286573896375,-0.18314969769199205,1.9717877441232692,49.122745275494914,1.1561426439759637,0.06715023853253621,0.6158427501642181
205213.46653650614,5.97815206674027,-56.41523541709975,4.876641002382922,496.22140422092605,0.07829210702771208,-0.3801105048642401,2.758437138135256,74.83793070572793,1.540275235430831,0.031659560195986536,0.7639823334912245
302457.91709126765,5.968090023111308,-68.39320218961491,6.948010420365635,254.08409981600173,0.8049432103532896,-0.18030004357697388,1.9843275823087194,44.5562069362137,1.1366734902196178,0.06503221791553233,0.5864010379613565
201606.2354744755,5.977287874116431,-55.900699185623594,5.020882377341742,0.9612121241462042,2.405178896044871,-0.014133979376456149,0.12173401359837913,5.5673051392030475,0.7861001423299585,0.011316490126344024,0.20824626875707564
248970.47900182352,5.981776686644764,-62.172780373379965,4.970826394770935,119.33731509766213,1.4201166976204647,0.03636279867680606,1.3650360051197774,6.735997527847157,1.4702215936091363,-0.025986822772339595,0.22792469310828287
381411.28364183684,5.977731420557957,-76.91728965837517,6.578894931013325,234.2238653042543,0.7676483497372113,-0.17731365065624824,1.9048117399548772,47.673531366498665,1.1608067390056072,0.0665971632060239,0.6066418067143751
289175.95941912103,5.962700144862296,-66.81534583898934,7.354177475422742,270.8787129340646,0.7711196679588384,-0.19193948530276128,2.0483259319689506,50.90178213487206,1.15010311819422,0.06838127691185072,0.6268924739511497
338836.8783922626,5.972786015926161,-72.4415025170364,6.823117905570259,220.64493199301438,0.7469623850047538,-0.17355287624207072,1.8486363789396103,40.84145961623901,1.157069799626235,0.06159395934473109,0.5614980742835249
291421.62736683246,5.968166098208872,-67.13188476991107,6.839077046366848,177.45405520234598,0.8572329472769891,-0.14522993800822534,1.6588031461396444,29.585268768612366,1.0837848258110536,0.0546299634299872,0.4776510016219189
302957.2388310031,5.971370528890739,-68.48547002799674,6.591452933821549,209.8927139453429,0.7430967444313799,-0.17175663873967104,1.8027959708310959,42.3604584427052,1.1588108659401988,0.06504554918005104,0.5715856524751999
361777.971573702,5.977246151243527,-74.90590272510468,6.471981364021953,216.59674267675211,0.7598917196651197,-0.17064851669400372,1.8317213729370492,39.45907125529666,1.1537396017257913,0.06042206065208027,0.5519267784485198
290855.9367073986,5.968832702879083,-67.07618179883323,6.738682834425315,242.49393830079043,0.764863840175883,-0.18049036150156045,1.9381411236942696,44.318883133838504,1.1478143973037933,0.06457023589774996,0.5848691812014224
276768.1781939566,5.9554100169682425,-65.22454639952525,8.38220324597005,67.71465532710066,0.8474924883112245,0.09519648814706724,1.0241968161102695,10.733283701079305,0.9610976527862687,-0.03252621286425812,0.28774263568576525
267915.3855941469,5.960070560228443,-64.22869738991419,7.800790440934527,60.50244391120945,0.8509542615851085,0.09044419443300743,0.968075685990518,9.96901718006482,0.9929712095885258,-0.03144156177089941,0.27729834999989295
302912.8753466738,5.94481159402872,-68.09789042588439,9.782177509942306,106.73162248360329,0.805905568158467,0.12032658634809332,1.2857694637547261,17.419973924344134,0.9569397959125256,-0.0417871859998552,0.36653427857453114
274032.14181235945,5.961251312880151,-65.0263649751687,7.30233345816719,388.8843092327375,0.7836772343478751,-0.2273607221356891,2.454511037618585,74.10137464871845,1.1290404951578503,0.08455908760170427,0.7561525971304207
211371.26583652102,5.9807182082693835,-57.27246153320371,4.7477551140872345,26.361031903156835,0.8581083617939824,0.06062292657657467,0.6389178227754464,4.422622326338253,1.0418824789650887,-0.020355118415603064,0.1847631080026648
222899.50265005758,5.960665209838838,-58.60408762111258,6.954541178547174,39.459165077637536,0.8485048065050572,0.07272450876139627,0.7818315676432487,6.726433125227342,0.9860949276279034,-0.02590118178768048,0.22777047124866767
279509.7463381205,5.975451675421164,-65.82064714186687,5.914574909406796,287.07998282090483,0.7453759439535372,-0.2008751509328886,2.108381821519605,62.214815473891214,1.1802500282784145,0.07502623667040034,0.693126474534664
258227.3268186907,5.977030129834626,-63.28677070460586,5.439359826733675,176.47504283610945,0.7960169486229722,-0.1544331687650402,1.6533520316917987,15.553970439429406,0.4590000168480408,0.03683752429505848,0.3466387036409137
348112.15631687164,5.981211663624028,-73.51738516275893,5.869115885861722,227.8287205738377,0.7713125061292496,-0.17701109110430097,1.8784277554892226,49.19041343409155,1.1942083175869445,0.0664987162818668,0.6163424581242997
370320.07571932336,5.9824807966292575,-75.84250760781106,5.845102469037456,238.64734918449386,0.7395476360200606,-0.1849020737273776,1.9221540141567823,53.1598636639349,1.2092570979935102,0.06794430873726859,0.6408549022865521
337052.5030074342,5.9812061055962396,-72.3409714507768,5.764478211343636,232.36706514371176,0.6851731003678085,-0.19699060039485616,1.8952387966234148,52.86071497225648,1.2298993964901153,0.07008433495476533,0.6387977158026646
405739.0467379853,5.980168847975896,-79.34802023957258,6.600324942107185,168.1683738977019,0.7361486446893106,-0.15613396795094941,1.6134599549426334,39.94845472532105,1.2244346995651767,0.05764315835787283,0.5556748769164392
349662.261205673,5.98380682414805,-73.71549647119573,5.43124399597078,256.10617111310887,0.7304510359468648,-0.1923866709501839,1.991141956888818,61.07451013276946,1.194009794512077,0.07334482707183053,0.6868516191682632
381851.6917257216,5.982825181168437,-77.0172042361803,5.897705897795241,168.63038920702968,0.7827454288080853,-0.15150105797471503,1.616136522943647,35.24925969601781,1.1904129963001828,0.0565517765745036,0.521715188528575
399036.30544666573,5.980636931581927,-78.69506845425852,6.482937110887094,120.2863521741132,0.7597216076287123,-0.13048507731208056,1.3647153173169044,27.36175851278912,1.2337766033630784,0.047754840575478255,0.4598730407218667
330307.83613657404,5.983376151950642,-71.64151674195564,5.343502460564437,208.53237875337575,0.7908782624204216,-0.16704562999115308,1.797335298580194,42.32971729432129,1.1710110677649403,0.06282448639067273,0.5716240025328129
375640.0654975441,5.988377908987323,-76.46264743976695,4.779076260223166,78.17269940967344,0.8468812173711228,-0.10015484957709198,1.1006440997808227,13.859409856786684,1.1936560953624507,0.036129859229077285,0.3270646308885035
369126.42540172546,5.9865933659875825,-75.7754413891349,5.067827856561369,158.4764349709954,0.784624950161632,-0.1472541109549778,1.5666877554984153,33.55017827818047,1.1980401246708778,0.05530389847026994,0.5089717542381649
447093.14153952873,5.988970331283922,-83.42331143251056,5.136287198890599,61.59174797558052,0.8649986316988365,-0.0880057394253748,0.9770496670828144,11.558640786905379,1.2156113319961808,0.03267813868832699,0.29872063939333815
358051.6748165485,5.978219498782689,-74.5281778396915,6.333097733644048,232.3085235258119,0.8031914782932886,-0.17474140782476344,1.8971784630029487,40.780403002141654,1.1261105414462755,0.06285444832117848,0.5609333443293169
813703.2417185076,5.984745688015914,-112.46077225909198,8.16626320542806,1.843558147163003,1.6927455078778388,-0.010958182863687542,0.16936798480748333,0.29263500883875926,1.5322076119640071,0.005722912999543782,0.04747061484068286
264458.3700446229,5.96725772416202,-63.93785085707614,6.641781366886562,134.5253791413095,0.8141680293183629,-0.1302855927555631,1.4439476144941312,23.312490475769806,1.102164720652275,0.04821916219729735,0.42403271600071424
258749.55361303428,5.966777225881258,-63.244645076765,6.563279996898252,220.4509086482208,0.7844549726922807,-0.17061160366205996,1.8480901299244876,41.805850934628744,1.1478774435000294,0.06316541750330656,0.5679950179873237
341406.78937430435,5.980896765527266,-72.80510125292213,5.822225994004681,82.83031177756432,0.8416858852489175,-0.10138339632617932,1.1331129813367296,14.065382874890982,1.1582363501105493,0.037051883283374686,0.3294130562913999
249878.92239343657,5.937678660452736,-61.85529971967809,8.847601877697574,313.69819468118357,0.7787283296601724,-0.20355956046528723,2.2045629492569883,53.91339999376298,1.0966724378936659,0.07249603160574025,0.6449362471226848
754614.596421541,5.98441077377538,-108.2937572415194,7.957085622352066,0.38595796125859816,2.672845022276915,0.007492118980704248,0.07729463951558715,0.1665894176258693,2.1066018836021296,-0.0024338232052906585,0.03599383738652344
241152.23619394703,5.960195569473832,-60.9850423677439,6.9877248038902895,165.22145069508193,0.7867686492884163,-0.1472438173310922,1.5999701326488636,28.2878133017232,1.0863535006518137,0.05275064155427148,0.46713585950483966
230325.05730552546,5.963661528888072,-59.640994970742334,6.463802232333777,246.6132896396271,0.7863126029223223,-0.1808170697512695,1.9546451948897885,45.98622695337292,1.1329608342015007,0.06619116462172447,0.5957231972982467
308439.511428446,5.982903565123824,-69.22507835332573,5.22071767531826,87.41325200501674,0.8340356680753198,-0.10530428187013696,1.1639343069083419,15.33781793765707,1.1456427446820485,0.038686730775036524,0.34399133637329543
217039.52977759374,5.92730646107208,-57.54769967406303,8.916552865247164,324.83316235312645,0.8041695180127171,-0.20426467782722346,2.2436118432473435,55.75741147260294,1.0743168933457339,0.07431934687421077,0.6558059254153634
950859.1744435478,5.983539094319894,-121.54297465755371,9.191295451332989,0.3411577142471437,3.137196194143725,-0.0012143984210166645,0.07300078439021496,0.0764915606464533,3.2076750601179884,0.0003351048802583117,0.02444336356293142
346489.67096987553,5.982137616336318,-73.36320432639141,5.633947094928316,124.4275552916791,0.8245473495607336,-0.1249765848994512,1.3887265406333082,21.381330351056153,1.1190727576140596,0.04600663856674429,0.4061096312271049
341016.6736590683,5.981326519170028,-72.77376016537167,5.689055924835506,199.71885901513002,0.785735017006437,-0.16264945327024272,1.7590202748866477,38.297297315171775,1.1655114005246514,0.05992285880021301,0.543697421612416
416852.1135771108,5.986325292999858,-80.51906953161095,5.47665193397918,76.51405122179291,0.8538017534479245,-0.09685728399021287,1.0891054663707063,14.285795795196579,1.1603484411445573,0.03737208886501588,0.33198058169693995
327934.9489342093,5.9666003408490305,-71.1935933459772,7.446868038621918,285.92763622894677,0.80354627780482,-0.1917323388286855,2.104960338420792,49.61353755084503,1.0992062168014576,0.0698531152362306,0.6186487730592947
900599.5800558345,5.982112487756449,-118.25900362549658,9.310021475657578,1.3645993124494082,1.6470420771901904,-0.011413632893486835,0.145573325994822,0.2845716415068019,1.99331336706393,0.005270207205357267,0.046855531853608176
314837.24575593445,5.978761568428724,-69.8942875888597,5.841277889490415,142.06338953857625,0.8048417446435618,-0.13540592651174543,1.4837134819788318,25.812372632703568,1.1397808817683401,0.050059758826085904,0.44626581959553063
309225.67254937696,5.9780945717353315,-69.26359178635884,5.848588414024203,222.80270823346575,0.7738359179109298,-0.17322227879765933,1.8577638058364816,44.48426563696368,1.170643595715578,0.06431384150564631,0.5860009002378455
383297.1659943792,5.9840074815238244,-77.18080897571988,5.669298414760918,93.37700718179596,0.809250825770049,-0.10983277335150744,1.2028933864285223,17.765749100185005,1.1808680954106403,0.040827783494839974,0.37030798930092484
298868.1446982745,5.962272312616173,-67.91947456905899,7.533905705109917,312.05645753945095,0.7795624794223213,-0.2037377886871367,2.1987207786608094,54.40897532038552,1.119179478381377,0.07225617314889218,0.6479576877639381
454720.3806230951,5.988343270218408,-84.12546403670493,5.283204316031044,136.12812776189944,0.8374179089770872,-0.12960568205308112,1.4526542477338626,25.8098380618676,1.1544945980198047,0.04943739361500052,0.4463130112050243
412098.0347379688,5.98754488019279,-80.07449426038691,5.206453853058326,100.0818168866441,0.7731884828127122,-0.11632523697532639,1.2450890844017741,20.556422312957043,1.2023730530936165,0.04308641843433089,0.3984226523008934
380477.0887732566,5.988546423301472,-76.95397605746943,4.800008440467104,82.98937207609359,0.7798003114497988,-0.10533927451601394,1.1338485683429695,17.441837196503464,1.1900188016378552,0.040172753140239506,0.36694754802671276
384001.6267005505,5.988529656873489,-77.30939263074761,4.8252697604392365,89.04632810397281,0.8060658767162823,-0.10741260287434244,1.1746537402010577,18.26416722895779,1.1847818109838009,0.041061090246423654,0.3755033865945922
468481.9872830022,5.97861667834376,-85.23402522115879,7.4291315707677255,41.16478548753166,0.8033203532691969,-0.0744590918462952,0.7985334162601507,10.010075499443497,1.240389548003514,0.028262957110231548,0.2782173971821092
368315.41818066523,5.986475918191115,-75.6910987531657,5.077989623011521,168.7686053807397,0.7958486073232465,-0.14888640506111353,1.6170474011178635,30.517680686616274,1.17190950591678,0.053147697145988985,0.4853809871145221
342784.03145570593,5.973469872393789,-72.86989862411446,6.780734916414792,206.2728600884471,0.791437367642799,-0.16417632516364755,1.7877526599442513,36.63148122060099,1.1261268140598302,0.059089574303579986,0.5316877554021411
306479.9046124991,5.972852975628745,-68.89624500234599,6.4850546757152046,187.45810404914482,0.8034503827433579,-0.1554185792120687,1.7043702476291906,32.701296805520585,1.1255149312881958,0.055865330370999285,0.502352412311983
278106.49164181494,5.974809027976235,-65.65255180657437,5.929281000966812,185.70589993911554,0.8012532830630589,-0.15448610947969604,1.696404647637617,33.11671171587519,1.1091125176631846,0.05678875979361966,0.5054694323511338
283223.2141113087,5.974458162272392,-66.248638686799,6.039916608294867,141.13699338170017,0.8636706069144442,-0.12898253709072666,1.4794015772313833,16.880060421943966,0.9200528528196876,0.04060203693213658,0.36086970868084595
371804.49727165245,5.978973697470339,-75.94337055609233,6.48457696766855,92.31204061887999,0.7887925617887639,-0.11074980185435612,1.1958721152611682,17.457788155466154,1.2113057802379212,0.03933959529412198,0.367207524714124
270318.985945016,5.965775729916107,-64.63529546198947,6.783268823524476,269.42511436746554,0.7879991829002836,-0.1882046145875722,2.043121737694451,47.78497803560953,1.1285998222205913,0.06731214064804893,0.6072801796737456
355634.7527330178,5.976777454709163,-74.25949023533028,6.505468579763407,159.21992971496002,0.7913730706407176,-0.1443276857130278,1.5706625738626905,29.113579176081267,1.1473152388470265,0.052157027704123685,0.4740564120167622
307986.5944304472,5.97827322877617,-69.12617987429152,5.819088757084915,178.68878625959573,0.7556627492767889,-0.15608287561787654,1.6636256854367926,36.015074700925176,1.1679759095986348,0.05738190584093413,0.5273282544895922
279256.94362214743,5.977611578239715,-65.81643350505618,5.620215722779069,156.5311098094548,0.8056085862047179,-0.14166873674660585,1.5574750591265827,27.72703342580581,1.1177843133504728,0.05188086974820457,0.46252116058973747
283380.0598803096,5.97611441080322,-66.28395606237805,5.8524015882860585,158.10189124100464,0.7955757349873833,-0.14366736743734604,1.565152305104625,29.51653637674109,1.1392382611521779,0.053177543188260665,0.4772526472883628
363631.49498642155,5.97049534065831,-74.98521960738397,7.678473129160258,73.95583230205621,0.8043595815972451,0.09951200733965083,1.0703537920308692,11.618465822452016,0.8962945293985014,-0.033875757859549174,0.2993688314894314
268818.2837791054,5.969085482714435,-64.48875134081807,6.441011919772944,237.38139336577376,0.7890798226888132,-0.17686515760384453,1.917759887829022,43.73892285042915,1.141376873336324,0.06418437417804612,0.5810255595757816
370214.2831711456,5.984008101012014,-75.85503860814488,5.5327472656899905,165.97583096745862,0.7765666830151501,-0.14869278334042846,1.603515767009797,31.35164045085924,1.1588439000341766,0.054082855752931897,0.4919448502992438
333738.4147435868,5.983419777486929,-72.01479447916574,5.3415453280919625,153.79170202727477,0.7855242571827388,-0.14269117262384176,1.5435784960381513,29.684777845990347,1.1621857070778758,0.05276571470363945,0.47867327716681
306813.09965183615,5.983802263218095,-69.05332370015043,5.058969067130356,141.31675421937248,0.8005024716688814,-0.13514015766002516,1.4798011428787716,26.983129423929558,1.1502226999325287,0.05064000976386182,0.4563346228762022
310127.5161686708,5.983737887220561,-69.42490094815707,5.091715670975581,160.07040737606775,0.7749839883256964,-0.1463073605781055,1.574704502912126,31.692893171299225,1.1673507600073054,0.054197352923124185,0.49463458718219605
398468.6493697786,5.975484932900242,-78.56532753341807,7.318603416604223,23.912903948272792,0.7316726213566582,0.06096911898694456,0.6082120442096803,3.912460172468426,0.8148422766177313,-0.019492500078559585,0.1737415826395539
295300.02126494877,5.980953689011002,-67.7178974370516,5.324396582692106,219.6545816518627,0.7822080702225469,-0.17056468665952979,1.8447250543035112,43.59502539822836,1.1500208239951983,0.06412272216732832,0.5800641450956184
386008.2498873438,5.9839085499853155,-77.4557980809035,5.6549313117006035,172.53976744038962,0.8393802564772415,-0.14535678303595398,1.6354831921733486,33.72781956488411,1.1211705950515134,0.057388829378952615,0.5101030411722426
349309.8864009767,5.982999566170264,-73.67121594950709,5.524392775351288,166.09952481049513,0.7859319654281405,-0.1478858526575117,1.604192896676627,31.06395513738313,1.1604536941849468,0.05378507229286993,0.48968797770545325
321517.81593387545,5.983382558723649,-70.6845279687652,5.235778815004716,154.77274218818363,0.7917518770991523,-0.1422247935120713,1.5485787693239301,28.503825609061767,1.149666950671195,0.0519383189589572,0.4690293685842206
324948.11814233987,5.9834203964880555,-71.06127668550533,5.25445542374421,166.3538012014092,0.7714525492323117,-0.14940436765960086,1.6052901540519873,31.692520580914646,1.1646575987680394,0.05431422326417057,0.49461882514680483
435673.2733909908,5.979048208457353,-82.20305127574389,7.07483269707866,5.881621866230771,1.107814611340261,0.02656202712663034,0.30198476844831085,0.8465252836504383,0.5651071667210168,-0.007623406662522485,0.08096519282615745
309448.85784601676,5.980849809576967,-69.3202638353136,5.462547541809036,236.16238640127742,0.7793549511886799,-0.17722478395962005,1.9127542088492253,43.159303013636546,1.152339638353636,0.063360888424597,0.5772065943941399
372691.02494743024,5.980691596163628,-76.06942053085179,6.061396283367439,211.84102551623127,0.7777210874691509,-0.16797598706849567,1.8115739265786195,39.86543043654361,1.1506214356119289,0.061122356057462884,0.5547186069310112
337420.15462016145,5.980148575416529,-72.37474246337459,5.838370431912119,204.19620341897925,0.7682394286224128,-0.1661051117992775,1.7784754061430539,40.432316172862286,1.1643541137796323,0.061263770609731795,0.558680785879705
309901.94027155556,5.9802797618879975,-69.36258562235152,5.572210739465136,192.48621247851406,0.7838248724346721,-0.15994838294913144,1.7268507708452225,35.369662638336834,1.160794949630323,0.05731227474777494,0.5225330540025599
313533.0712049953,5.980421036556394,-69.76995376394001,5.577435732998268,208.81699592540144,0.7837283820487542,-0.16633254446402124,1.7986381086773742,38.92051312783885,1.156650235969911,0.060211175507023006,0.5481250980892077
430893.4843846276,5.981268513848384,-81.78362031526514,6.644557294384375,0.3226196966975566,2.780416695467312,-0.005489110232937463,0.07078702161943234,0.6330053112090438,1.0366830777475384,0.0031825230476380797,0.07025116042366779
299044.5304998676,5.9760075897656035,-68.09302781630176,5.992524665680253,269.155720175343,0.7746812151677788,-0.1902703077384958,2.041899933329945,50.559387882465145,1.1596848918837914,0.06834414942782364,0.6247593897419601
444059.49903213204,5.988900354608699,-83.14272356727695,5.0712119056920555,108.07959361360109,0.8283167317189464,-0.1153642520586258,1.2943858542024749,19.725239831536488,1.1246552583817717,0.04413170054535975,0.39007156931882836
361317.8318136084,5.985181625994028,-74.955028391695,5.228273222377588,182.13191305613566,0.7744648768113762,-0.15580512004346542,1.6797428095010143,34.77388611650207,1.148510135164946,0.05760065993716711,0.518028135587224
379389.5779321103,5.9881758630757895,-76.84264490452429,4.813530852338135,137.1879770261445,0.7917573741898488,-0.1338156069591312,1.4579627993771538,25.532290011824806,1.1528893278788754,0.049414408305061705,0.4438797494471244
455971.7699879479,5.990880410594825,-84.27632140454912,4.696866676713406,70.4325706773281,0.8128829452992801,-0.09426371491756587,1.0448077664734272,12.666498065770766,1.160732448707691,0.03470141207549489,0.31265448683618924
343515.0640416017,5.983295575802154,-73.06277894518703,5.408623526994643,227.51559533663533,0.7734236327238286,-0.17432671252985998,1.877376194169261,41.4382425218063,1.1499296993115933,0.06227416070269073,0.5655600751559353
350446.5997622442,5.972245154195559,-73.66797303757912,6.982683568627656,263.55752605502425,0.772874395653544,-0.18669068353267315,2.0207010994434227,48.942279132896175,1.1170084336969566,0.06871239602397428,0.6145243382962109
277337.48707482073,5.9541805821556935,-65.348419645261,7.936137940518674,359.0084737409889,0.7785296549967178,-0.21775198001203316,2.3584086748067628,67.84652822812235,1.1179851162194407,0.0810242347444286,0.7235233756875348
292952.0116802768,5.964655260674955,-67.27356277897621,7.186301797689272,280.8021001129473,0.7849416664553945,-0.19145194483041234,2.085876067048437,50.78810375761266,1.1083941190821818,0.07036613330537277,0.625963791197222
385884.3516055357,5.982445364861934,-77.42549254761572,5.893733756762263,148.73453843511115,0.813451729855694,-0.13631899714386903,1.5183524933513632,24.84914254786653,1.0998788312875343,0.04943990094223471,0.4378237343384085
262222.76295350253,5.9470225287895495,-63.46922249567159,8.299907646679765,423.8467496724376,0.7780484584419458,-0.23692607780213948,2.5625127311467413,79.2696715353938,1.116070015881979,0.08746171445042615,0.7820772067869362
327422.96267218806,5.971796280324352,-71.20220364245381,6.799263799226816,251.76200870152195,0.791691379591495,-0.1806929944837568,1.9751282053845958,47.04478930977899,1.1171228142220877,0.0675129136646781,0.602477736494183
256610.09105488722,5.953792803987221,-62.85648052421007,7.654771638802347,325.39802382178794,0.7815250300216028,-0.207037224158364,2.245323965495455,56.24078242582573,1.1073201901879925,0.0734997645069178,0.6587707471641338
270509.86627455626,5.963471193258222,-64.6349576002496,7.002779202136657,287.5134011983617,0.7927751951712771,-0.1931286651846767,2.11071035729879,53.409179514981474,1.1136230952874924,0.07214522329108713,0.6419145439363966
370359.9523403718,5.981176658859926,-75.83442315048364,6.001209940645328,134.49588644863096,0.8200529853557119,-0.1298645365407497,1.443825968705687,22.257223081537575,1.1228799058567815,0.04647477397954061,0.41439673105378483
240931.81222189844,5.944940294577323,-60.81913819048167,8.098888549317,405.43957569791786,0.7734659997286037,-0.232693593420586,2.506161818770085,75.20787451087735,1.1201153517898872,0.08492904628970327,0.7618061280355722
366641.9874291477,5.979780151520899,-75.44062778103441,6.1231310278201505,203.3025983982351,0.8130029750110604,-0.15945186225694963,1.7751558251587984,34.94975984417739,1.094159293578322,0.05852800494031316,0.5192489493685497
291373.5755468732,5.969465093246157,-67.14488459962638,6.654065676167493,280.98775329903606,0.7847353476856209,-0.1913838228961839,2.0865775513100586,48.42965215754265,1.1042320520317208,0.06833760429744049,0.6112991324381938
306976.19224029576,5.9756308092143655,-68.98603890790616,6.117960407805756,239.08029131159213,0.7908213326839444,-0.17576196587876894,1.9247694103694755,43.29434645400384,1.1116891167921852,0.06494399415646512,0.5779440797299598
385713.54352298006,5.9848045988962255,-77.4380524231472,5.488365371990876,137.05211271859045,0.8301091360667957,-0.12964038707048994,1.4576119618294126,22.89650309886905,1.0978007964827796,0.047453425428631374,0.42027027360378916
274752.8392101964,5.962959196937332,-65.13336842158563,7.117403369018058,341.71569421083035,0.7850496496224266,-0.21163583906154326,2.300981962916907,60.84645706740455,1.111522077631795,0.0765624836372495,0.6852015265149327
357696.6988578339,5.977112733110662,-74.48310599079488,6.424783390719938,217.57734356755267,0.8058524177202707,-0.16562522172731683,1.836358973395667,36.9157014180435,1.0930277690948482,0.06005563007210843,0.5336639753862976
282907.3391127621,5.96560564270329,-66.12273579402074,6.9434130477047535,313.20651986096885,0.7824324702306142,-0.20252366807704167,2.202915349416826,58.538624358115094,1.1168339341980504,0.07524746127823029,0.6720645968721722
298788.7093678737,5.972491719981066,-68.02619118646794,6.403975057348237,262.1644586827162,0.7765709509715986,-0.18600455329463672,2.015371423105702,47.54182735527998,1.1265181011647516,0.06743231858383608,0.6057007583151377
378601.61948325747,5.9833542847605035,-76.70338311735358,5.678144307639298,152.470499871031,0.8033232610418573,-0.13895787216047095,1.5372190052980395,26.702410495627092,1.105428704208946,0.05114545633110044,0.45386862008049217
266177.1099970498,5.958310017655538,-64.06225328589949,7.419234976543356,380.18512430789605,0.7762874274536753,-0.22458672980470495,2.4269226127148147,72.19694587651844,1.1249949615656987,0.0831778062671997,0.7464047777210946
280727.85316453595,5.959360570666847,-65.79905403973463,7.54037089087504,300.0174225036473,0.7923289129080984,-0.19934441514598433,2.1559299688926803,50.026593010174004,1.105436192349601,0.07000525145642847,0.6212342735719808
417690.7176008941,5.986396137245207,-80.60368177116563,5.428070324400109,163.223834327635,0.7734417520661332,-0.1468630339622516,1.5902212615308282,30.231500373370405,1.1704923379383327,0.05324083488497482,0.48306211833231877
398206.33649775706,5.9833768071263504,-78.65966610493712,5.8848055224671585,129.3360642818458,0.7793158804065198,-0.13075835044667805,1.4155487480805118,26.512477202942403,1.208593890226243,0.04874186310638465,0.4524963634427419
372648.0924943979,5.984047660803659,-76.10303384781557,5.563693412042454,136.2145641753062,0.7953913747886732,-0.13261377833450688,1.4528476007603157,26.223371332656455,1.1878034909310609,0.0492809243841522,0.44993497199953464
392630.9395481397,5.983870265194562,-78.11569055484506,5.726894409658131,177.1332649541627,0.7833883764084159,-0.15287985993949105,1.6566034568760484,33.56391551321029,1.1887857281079146,0.055555120279327505,0.5090498193278383
495410.76989472564,5.987292622070736,-87.78663011528299,5.856692975355441,44.4676349326671,0.8404219821215351,-0.07313028826864533,0.8303365322329666,8.30324233988297,1.2217138744031468,0.02763978628620551,0.25318989512693546
378622.3720192549,5.98197723281714,-76.68703803078344,5.922226005990732,225.04587763972853,0.7592467691699973,-0.17453200569090166,1.8670512625823292,45.97430973181829,1.1792825045312467,0.06520919827736543,0.5957533510101757
307750.54042383377,5.9673296115418974,-68.98099822782797,7.086894779436108,262.1331704190337,0.7535261998877655,-0.18926198845381179,2.014946820023772,51.73910453849249,1.143117287879205,0.07003545427611767,0.6319072632525363
289608.9659121211,5.968114274877371,-66.9237299331059,6.808411284403906,224.95587121562704,0.7700551198391451,-0.17414950830232012,1.8667103247430312,44.27932197484695,1.1649524823009343,0.06403267235718402,0.5846640230074784
269292.7522699018,5.964196997866188,-64.49319150246802,6.951798619292978,217.77109626503992,0.7994937626495962,-0.1682692519754736,1.8369427966000638,39.308943871206914,1.1426117628287713,0.06104581807285976,0.550794455391137
285079.6008065783,5.964298322514608,-66.36078117719524,7.114455998542339,305.89459450039294,0.7529689653646193,-0.20530362571513353,2.1765691949342805,58.48703989077766,1.1668964213071273,0.07328403697946051,0.6719817326912195
387807.02130361216,5.985502691474965,-77.65120516436068,5.456651389937512,92.44027871002922,0.8222391278739563,-0.10748622007504936,1.1970071291927147,16.432548725929713,1.146639443087203,0.039799197226637856,0.3560832919717535
273467.408441231,5.955848085274782,-64.9061851632118,7.7534111494941005,327.06517608423485,0.7470322051155869,-0.2126869559657233,2.2505905080840902,65.78877724893178,1.1563531717175701,0.07830672011474815,0.7126309562755117
251294.3528643605,5.971156317982511,-62.37107901226821,6.0268371764158495,201.29391313322424,0.7794197645420962,-0.1632171590655775,1.7659494759740977,36.78309075929202,1.1411448659738246,0.05904127974968404,0.5328058031238854
234033.55968683737,5.970839871654175,-60.1862600430065,5.864168495399269,183.40367273428052,0.7677023755344707,-0.15754160383765328,1.6854859920905287,35.740002691078985,1.1766812690328103,0.05726359593390383,0.5252995827190168
216374.76756546408,5.967491754205895,-57.83987352702497,5.950191054758858,170.80852791647456,0.7796126327131722,-0.1508462418274352,1.6266925523962583,33.30805891556779,1.1683264604981636,0.05561347481471438,0.5070762779867606
231863.0026996726,5.967239679891287,-59.87460278142282,6.155595742835778,236.64109305539017,0.762062355645521,-0.17980304531264182,1.9144680576825435,46.25342344954722,1.174225642462299,0.0650936235286999,0.5975932486863381
336147.0093877055,5.979358875643713,-72.21303776124819,6.129779684086714,49.14658983850611,0.8145883626514973,-0.07899105798820727,0.8727404419325151,9.221903566074548,1.2165897333483553,0.028963220101945335,0.26684687274031094
224889.05518149506,5.959196067670511,-58.88868143540887,6.78341256373152,227.2316896889396,0.7635532759794692,-0.17597964019444598,1.8760400629055647,46.01044262067155,1.1704371733553878,0.0651650203767633,0.5959950529100828
380973.7854068637,5.982989837981876,-76.93861557191283,5.758891461006819,174.00305830503524,0.8127508594264059,-0.14752645952697083,1.6422648171825436,32.851816443735345,1.1297509237427887,0.05663920829925103,0.5034350167101177
360695.4945779878,5.981983834653535,-74.8486513212789,5.791933888320535,162.7429118627361,0.7950018847784843,-0.14520070887819758,1.588009682589033,32.000654886480056,1.1743137003308304,0.05449784237828453,0.4970262583372604
336191.09543270734,5.981521336674904,-72.25673569303167,5.652434265289087,157.17951283817158,0.7732787369538915,-0.14457980243114188,1.5604571666102862,30.10339849282864,1.1788307231981556,0.05282365459138609,0.4820710136907566
355663.95240056823,5.981156562139972,-74.31703133353649,5.850479470012178,215.95200187886616,0.7472835352694434,-0.1724470291133044,1.8288007139946327,43.591735014564904,1.187925194845176,0.06299691965495034,0.5801653367060773
458450.06193292723,5.986079579836786,-84.43154397638489,5.881887406757491,55.35825365087447,0.8455300081814889,-0.08169092161868866,0.9264444433531904,9.544023413283258,1.191939854956224,0.02991630027250865,0.27141793952183885
343232.7718810544,5.978616670406175,-72.97747568564456,6.107381042036803,230.2919064957141,0.7568308278993955,-0.17668957133222718,1.888674623744907,44.71480822943124,1.1684799950936857,0.06444315382552045,0.5875215053233812
363184.31726991734,5.980530702268366,-75.09181527970966,5.997852560743813,198.25836536013588,0.7905918163008915,-0.1601370306723037,1.7527530031808765,37.2349325078203,1.1435253066185604,0.059445185947402474,0.536063597052649
342603.50830022385,5.9796734395124,-72.92156148733244,5.968725780280984,188.14495200355057,0.7703912080985014,-0.15875865638844022,1.7072084126073228,37.11656394283383,1.1798083227720102,0.058295519531986015,0.5353268050507888
319312.96205258055,5.978858953609471,-70.39049591477635,5.868825857309551,175.6363643214866,0.7915242961425968,-0.15139472015050612,1.6496659756550047,33.085161789570435,1.1672771722407451,0.055459760792675915,0.50537317045312
338930.6821604752,5.978375787734374,-72.51684673232407,6.090882428519168,243.35085003399033,0.750588014802257,-0.18282348478474997,1.941373896288981,51.41164715249702,1.1794308638786206,0.06841618316661635,0.6300577110549437
439578.68905498955,5.985300856505102,-82.6652702669171,5.905091716625711,65.59283190521415,0.7947356781679344,-0.09171544442208944,1.0082044811313973,11.944290934410024,1.2000831970436865,0.032930278551559104,0.3036945335029839
325820.5035788759,5.975523411731322,-71.06849654900495,6.341464080479114,249.34724165343383,0.7710637041797401,-0.18263362256860632,1.9653741655833303,51.59410298072738,1.1548545080814456,0.06973479963249178,0.631043570014899
378760.99928592256,5.9816416301469015,-76.69649029074145,5.982390067919575,134.87719591012745,0.8341790661656961,-0.12942930610605954,1.4459267757451086,23.313217793013493,1.1279088469948386,0.0476047803010959,0.4241088290762199
363105.4417362611,5.983668273880165,-75.11913301161592,5.535194911856005,165.65517690404064,0.7671101514782828,-0.15013519246710189,1.6018182053867727,34.12936990802433,1.1922909533863038,0.05552876836744066,0.5133734101899272
406171.0583689624,5.983684879902646,-79.44714454696225,5.879966866328787,131.4706272588308,0.780798543853163,-0.13269120921228314,1.4271025169612075,28.421735287123585,1.1828758703736677,0.05086527510950691,0.468462944872577
369119.4691578611,5.9859682753102765,-75.7669275570251,5.183087319358205,133.06019672059617,0.7878190414181615,-0.13307317884844294,1.435742700775625,26.127693528518073,1.1938035374203866,0.04884521601107204,0.44915114445404575
334244.17754163046,5.972623996954868,-71.94737763978577,6.792652268888202,211.01058667178523,0.8000622663734269,-0.16482152620514534,1.8082793703535005,37.33850588752167,1.1220437207759477,0.060150274827820024,0.5367392492490192
319809.12276392,5.975428672404682,-70.40942453380924,6.287326936311611,247.08187467373637,0.7695736615376616,-0.18260152912849653,1.9563514442290442,46.51805032951999,1.1720859540954078,0.06538530823431594,0.5992887698484581
376633.21102980577,5.978771692466823,-76.44418308639739,6.417226394173029,194.03941980793252,0.7924528429807745,-0.1597395533312518,1.7338826977625905,35.34665666408016,1.1790596281917696,0.05691586347666139,0.5224043832825603
324534.36772601155,5.978331026040879,-70.9599201072271,5.96147918681899,214.48664612154306,0.7765065299495991,-0.16931915596101285,1.8228233236037334,41.784439101061366,1.1672140810043556,0.06230647574060329,0.567942632277088
300876.47253908555,5.967281775901391,-68.20258794265713,7.0428603100822285,190.5187556747969,0.8119774129746966,-0.15555915454993927,1.7183296851461332,35.638502196303456,1.1316882174202818,0.058869484272721026,0.5243664579567276
234807.59181077764,5.944875808020741,-60.03856724818688,8.014927624647884,361.09880185688314,0.7697380496601203,-0.22046589231101565,2.3650715780587497,64.52715319011692,1.11971017745756,0.07745609189872674,0.705775416209409
208571.77534238697,5.954985019578073,-56.62936554507534,7.214495664080105,70.5021138280557,0.8267624315149869,0.098793401303049,1.0449092747326654,11.49059863995162,0.9434927160275578,-0.033393130486958626,0.297750232092106
176498.29395171328,5.979533394645735,-52.32425125151596,4.467501982512236,24.82693330201536,0.835897374757604,0.059948199408025246,0.6199411635241894,4.130277726630909,0.9776648608123355,-0.019840236721230888,0.17853335751659827
289426.29592409916,5.972250110329645,-66.94825435775599,6.341696323796537,240.33134351940217,0.7601070195537021,-0.18032440139185477,1.92941969326358,43.856676179954135,1.148486222417433,0.0642978073455878,0.5818041548721025
184147.30261887173,5.9753212110268485,-53.40440155067557,5.027076529561822,24.16720301923234,0.8804466670567854,0.05778032083280203,0.611779357039745,3.5901466366656702,0.8665660282721572,-0.01847645460321899,0.16645312019979
200540.1040677398,5.962578826258382,-55.60308233340735,6.46036849434754,50.102072846335616,0.8373783824176799,0.0822832164583549,0.8809508275228882,7.6978890817989,0.8671067597557807,-0.0275850310338947,0.2436777062318442
185903.99853399518,5.974767970872655,-53.65281903495435,5.1112607736364355,24.16618647208573,0.8910237882145375,0.05744863858782329,0.611797611592874,3.5965433260852553,0.8745362625346489,-0.018554362616172142,0.16659450880190696
241721.59456193226,5.947676392028613,-60.94519843204657,7.910923025074922,336.9855882574472,0.7965582879756048,-0.20713677337817388,2.285277701645271,60.44214879925324,1.1079650004593322,0.07680074838609012,0.6828659696759697
195069.3701925388,5.975417577731427,-54.96596825174291,5.16732458887676,30.950654728826066,0.8354796598909549,0.06637790718435974,0.692241253881717,5.058016952079761,0.9644021270739,-0.022058285520524416,0.197558066092018
214171.40349075606,5.961460151876819,-57.44964507155184,6.779856981956357,63.65170304386968,0.810927629693563,0.0935911913061214,0.9928738837185542,10.38814426507117,0.9376107942426328,-0.03200627795237783,0.2830776841125129
198442.44351146897,5.974255060270618,-55.4272404875574,5.337058347177808,31.506621328342813,0.8411681086290309,0.06663033906149948,0.6984635682495588,5.285733286672346,0.9795283111064672,-0.02265302270827119,0.20194462573761712
337764.55915418343,5.976985297682706,-72.37586032358796,6.26945605332733,199.61826349478116,0.7874598034921401,-0.16137845049362237,1.7586905250277074,38.45693964966616,1.1413452462123685,0.060657540638789066,0.5447618780500987
324337.58220907964,5.978887704515758,-70.9436836253621,5.896479939879468,216.86090668920704,0.7738998129050102,-0.1706661936366999,1.8328460702875244,42.66107241507476,1.1722494969615234,0.06283592790008762,0.5738826312127826
367345.600180628,5.98036495165479,-75.51602890288859,6.091336598843475,175.63769381486665,0.7977520916234768,-0.15114534213124503,1.6496951389300143,35.14270965290073,1.161269586506012,0.057268006487230724,0.5208385494529619
329004.06236317276,5.980907349583403,-71.47567767093986,5.6494226169124895,209.97268398536715,0.7802978514529122,-0.1673270178524925,1.803558941750436,38.975730180927386,1.1728498475059674,0.05988043574401831,0.5485546695212808
443234.6974706822,5.980348537889165,-82.93407973499336,6.890614376757195,2.264095376374729,1.3789139759676199,-0.014239664633852142,0.18754658676438385,0.9221650885947053,1.139089883291429,0.007102085053970476,0.08458117487084406
378407.2797881521,5.988829545853321,-76.74623165451811,4.757065641855205,23.150012552461636,0.8109866376170412,-0.05439326208962746,0.5989660417515021,5.0428655418656705,1.2367442600513585,0.021271263626484602,0.1973446740846029
380502.1366634536,5.982964016421835,-76.89109598132026,5.753715682744139,206.90233211766378,0.798870798696425,-0.16356438017362324,1.7905573525796137,39.071818837367715,1.1470646715701536,0.06091893099138899,0.5491242741982927
406899.63726857846,5.983312216104045,-79.51555963089618,5.923057395208322,183.9885234783517,0.7522761582178166,-0.1587402463087384,1.6880824072156806,37.049100963821495,1.1747714873047286,0.058308462192685505,0.5348328940113721
351974.30566887476,5.979870994651542,-73.91677958860927,5.992346896260429,229.86281910407902,0.8046731136871923,-0.1718638301093533,1.8873445293325164,42.14152500334614,1.1363527426467956,0.06339371628432443,0.5702735315831379
375180.6571553196,5.975853188997043,-76.246513508898,6.9761698509499945,0.4889422869889782,2.4957583538662305,-0.005282097149210222,0.0872457602632305,0.5160918508010941,0.9603678788571504,0.004091342908437306,0.06336583067860097
317876.8158273604,5.983514740254288,-70.27912329807981,5.2602353327395175,25.23068403795351,0.8532015723308815,-0.05537868499694577,0.6254299635778835,5.04617498735079,1.204780756535195,0.021594173505906818,0.19737510926982368
313005.2930735063,5.973540019417767,-69.63236320325299,6.483957048268714,190.49605351500506,0.7633123917691469,-0.16057280208414826,1.7177651793545003,37.99247867537414,1.1667932887216015,0.0592351815234761,0.5415786488786659
357329.26817315957,5.976030581175305,-74.4233313221537,6.66615107228699,137.9566849295933,0.7585347918362304,-0.13743471128622503,1.4617403675614105,27.47409008584034,1.19036767994745,0.05000764037548918,0.46058719554466926
290073.11873769143,5.969934935618513,-66.99610725557957,6.626770923708424,224.09949966368575,0.7846173027445187,-0.17139839326633655,1.8633779200770864,44.15217559531181,1.140873910023463,0.06471219845067086,0.5837389855149769
353626.5080430781,5.975914492316761,-74.02649089992524,6.744837523349305,7.81266026345005,1.1186747818224818,-0.027435253760456503,0.3483103838066077,1.4574968919066316,1.2717007015006903,0.011537325673497113,0.10608291372470981
256234.6863897102,5.959803075950226,-62.87006201198589,7.142987991608977,308.29517534364834,1.461476332601966,-0.15570183382064529,2.1892622167500613,56.06291118525552,1.4627128778218368,0.0636563829506527,0.6587407369705085
390306.72268827626,5.9762328643234355,-77.77179365108276,7.077475135789647,2.334509648779297,1.4388922480587283,-0.013630385540310406,0.1905017738820272,0.761536875706635,1.171696088893263,0.007213142444306369,0.07679503510993554
302816.2369097972,5.95560040156993,-68.28083767909217,8.32051125574909,238.09027622375874,0.7963223023410965,-0.17522592564181982,1.9207957832573448,44.93649939481079,1.152456251330705,0.06546077755624595,0.5888813871431928
365983.6170702656,5.977041936490528,-75.33517980062007,6.565417056908554,185.74363217873247,0.7801710095303959,-0.15566293280432114,1.6964708379879252,35.92553257423017,1.1511319752035711,0.05794085479865082,0.5266033427366132
308301.6874351209,5.9721137352544,-69.09483845391676,6.566366209777701,250.81861386221638,0.7470717974742931,-0.18536880521392063,1.9709589665060747,46.96461569376092,1.1530388408475274,0.06599169956092883,0.6021263619013598
395411.50097170984,5.978666048834947,-78.31165679209532,6.751971057405299,2.410165331861322,1.441556153047224,-0.012969969406965631,0.19362492919021437,0.6592606803385361,1.2260319434360765,0.0066402304097689935,0.07145894909141885
342170.4513055372,5.983313528054036,-72.91354153817997,5.479850546239472,56.338069153104264,0.8324275055961523,-0.08189851531875454,0.9346523223668991,10.2032687014781,1.1626500407520868,0.031191798697924992,0.2806066792225121
372521.62469298847,5.977655388076773,-76.0130099708887,6.5324345380202145,197.31717941548376,0.7965368192952214,-0.1599194394718529,1.7485727612101083,38.20055698702808,1.1508045613327247,0.059837030224469054,0.5430114006860932
317731.288187358,5.972027730414795,-70.14180968680546,6.684153782449413,253.96925337429025,0.7652831799087159,-0.18485406517137803,1.9834562154388236,48.064793252702316,1.149967676661942,0.06713067704857051,0.6090974219989257
378731.8619472878,5.9765376489759765,-76.61426951737128,6.9238030912183595,1.884057706583433,1.5266181388037343,-0.011638114750381876,0.17118106189185497,0.5653064268860226,1.2178040053522894,0.0057761859079853515,0.0662049253183133
332752.04368236806,5.982413814390844,-71.89312569127398,5.534361830932572,67.93020261009332,0.8333248494112706,-0.09121300254881864,1.0262015415836878,11.919899131412546,1.1551115864739951,0.033811549453232746,0.30328368087935775
329316.6219110618,5.970937750267215,-71.39367975174176,6.96525009357744,214.34167198387445,0.7843507592009651,-0.16818926728350597,1.8223065041640707,36.84206433329601,1.1484537958823662,0.05870917398318229,0.5332746576522153
366920.51994849165,5.975757710679098,-75.41517389004805,6.759043669706371,190.34429170370294,0.776792870979845,-0.15879330402543732,1.7172402989876063,34.224979095269134,1.1544407585652088,0.056420050456427895,0.514003333732656
307863.4552490532,5.969595538280592,-69.01773052689751,6.849770885439559,267.2779870707134,0.7699993814822059,-0.18911880919936733,2.0348102181743903,49.283629396121206,1.145335399927722,0.06800027108056056,0.6167692581429195
414147.8938379989,5.986532406973177,-80.2603915071212,5.415754457355083,121.58448229855695,0.803591870441283,-0.12592579313458518,1.3725524509243272,20.614490758705347,1.1774978737349118,0.04359807121577142,0.3989359813787797
345318.30294025404,5.985159573841358,-73.27122827697508,5.18898739879723,115.18750857245479,0.7867312263541886,-0.1242411289846148,1.3358027411684836,23.90680085398107,1.1942457404844165,0.046708847663478936,0.4296395759490471
352212.0423906873,5.981148685385797,-73.95671109866316,5.80672419039878,209.9004375755201,0.8048627904647443,-0.164724458197676,1.8034855668923395,35.844105857177176,1.1358955491552076,0.05829421885997334,0.5259599424449568
344109.4973822256,5.983560965704237,-73.12801482004984,5.385568222188344,202.4078647615524,0.7702136993156049,-0.16591350789260395,1.7706201158910475,39.34551562447288,1.1871166366814991,0.05981626570224821,0.5511885840378339
410855.23471659917,5.987081533059888,-79.94952064841276,5.261861888712508,162.9251813012545,0.7710878469257767,-0.1484395174347684,1.588606832257697,29.260446180400315,1.1762083777962329,0.05176719891213427,0.47530768235025295
332929.44113812293,5.974669267687798,-71.82470161013308,6.575314167286525,307.55283494972315,0.7935605312560396,-0.20027568138097512,2.1829802329697836,54.825386772846315,1.102441587165749,0.07323460510155978,0.6503537704807134
179353.7990977584,5.935393611119945,-52.41344359452386,7.431960808975011,365.8505863277275,0.4787892174176913,-0.2696211142576145,2.375651461413737,79.25294209606898,1.3285656516765751,0.09362388817932231,0.781279833150533
150130.2680260057,5.987752372133061,-48.33008618113642,3.160412572792531,9.187867201647766,1.3829675620441582,0.031281692257780165,0.37760015989831874,1.1861585727056743,1.2391917079432955,-0.007810462204706426,0.09594717572399894
141461.5813359327,5.995974320276532,-46.981589204148285,1.7514234857982565,19.98751658670366,0.8302648823019587,-0.05589304141716375,0.556040389349896,3.8224952371634386,1.4983440653858917,0.014732132620604356,0.17218074314158444
138433.68232452177,5.993840325019678,-46.45854887801706,2.151632512663791,1.720629369572586,1.675937107973691,0.011540551547170614,0.16355931514150687,0.29384696918546843,1.9296089679759831,-0.0012875889552691336,0.04789594514615764
170151.21298534048,5.973916195927343,-51.32414561454326,4.944166242462336,23.87680862343803,0.8350145083043323,0.05832668254758787,0.6080075105162865,3.3040727789610393,0.8562126586578088,-0.017027736207377873,0.1597595843299709
187217.63450282422,5.97100257249682,-53.80403213221136,5.513770526835117,44.34400030658529,0.8048716375755645,0.07713463830101583,0.8288095392577034,7.045440744654224,0.9128699893070551,-0.02613826332196717,0.2331508031470675
189762.38934960228,5.938793728860587,-53.93183648663344,7.50961695205354,502.03309270972096,0.6757720770189874,-0.2770103878830642,2.7870292999167168,84.74106876023173,1.2236000958233701,0.08285297348327669,0.8094288013619788
135164.77183247774,5.992159898163676,-45.89323213237954,2.400167562065402,7.035287911242752,0.9507034110717685,0.03180824066736537,0.3300221347710104,1.0717806126300835,0.989663237266066,-0.009637291833355191,0.0909967507238103
147748.86579695338,5.9845313164683205,-47.92103367021278,3.485765347198524,7.794521842384324,1.3915335276292717,0.036953601904038486,0.34702137555714474,1.2278985053308924,1.3289984955962386,-0.009113538519665166,0.09751871865723101
173557.2041565923,5.965576208297211,-51.757259481358986,5.746077438220872,17.43329165290857,1.0527273313839536,0.04281311828616854,0.5201559564008769,1.9840087159236175,0.4975731512441534,-0.011994851114739372,0.12392010183940497
134523.10128300695,5.993218706300114,-45.792783509366004,2.2236087810855234,0.5465630433823898,2.428264153864145,0.0011117601102470405,0.09240568998880483,0.8037793967371236,1.0742556137891623,0.0036494805429060423,0.07915938244311743
184297.9446630822,5.960310642401733,-53.280708032426894,6.389173414764925,22.14007801363367,0.9713739510340444,0.05061757698215779,0.5859834296833669,2.6773681140219967,0.5419167498329216,-0.01515600193775389,0.14383057392661566
168712.15769301937,5.972838245467049,-51.09427808225852,5.049971406479872,15.083325190826367,0.961303073092211,0.04301625079029117,0.4835561583462759,1.887937747427834,0.6071331404384146,-0.012813612830335785,0.12076971879579004
196203.1586082799,5.9613310429961395,-55.03508529206995,6.067432747790357,423.9418247850602,0.7318321604058871,-0.2451835214333264,2.562025771354402,88.57267907744381,1.1749664585466182,0.09002487673300061,0.8269640722919817
192052.84788591607,5.955744852908455,-54.34644550631002,6.876744073114449,140.82627412037667,0.8963123844126335,-0.13756676981223023,1.4769854152882875,55.362302149970446,1.1166970673458099,0.0611874896770377,0.6548084274455136
157354.31860774214,5.982652079804141,-49.432249717479664,3.8876620370992185,7.2607867942150275,1.0686239430235056,0.030077514428453408,0.3354774758242585,0.9304084476515584,0.7106201768224734,-0.008787261240132797,0.084803302041698
193308.3603300268,5.967025849455608,-54.63626726630211,5.943183436666954,35.892543745874846,0.8516474309080969,0.06888881715998103,0.7457045842018093,5.203159115358558,0.837445243008083,-0.02233791246682991,0.20037639146207564
177103.141445348,5.9785830475375725,-52.404936083374906,4.578128349113133,21.84901367306712,0.889939096515711,0.05361958566852536,0.5818210882001522,3.2502475695932453,0.8713055678139355,-0.017649916635440053,0.15836994531857757
167675.9355720123,5.983617365502183,-51.03835294976244,3.8759542680696533,21.353205028308707,0.8869467280344501,0.05312065718353112,0.5751713000034975,2.9818014461951674,0.8087756882877616,-0.016600433869114632,0.15172260673267152
169640.9707212377,5.984948745840175,-51.34730052821883,3.754316979707111,13.870098026171453,0.9302004757977133,0.042860836314220045,0.46355499174248416,1.8710562899876229,0.8037470588986647,-0.013023288968875236,0.12019992183841666
200468.8400539414,5.963719063945132,-55.60537116223853,6.35360714496311,35.519452490923655,0.8763161727317852,0.067377742853319,0.741924312136133,4.756354819926111,0.7439867158356636,-0.02122512990556797,0.1915946656124969
165952.93873168656,5.987873787033706,-50.81281123769915,3.3275939963520162,9.15983061489991,0.9951328752248096,0.034443492520104445,0.37674394378785786,1.0976639400132033,0.6756138071986809,-0.009472874263643027,0.09211820767111333
177991.562601074,5.971992240302211,-52.47510899183834,5.242242071525085,25.64982640346418,0.8862728400795844,0.05764331809972156,0.6304409452379993,3.525164176473295,0.774137419857279,-0.018243206279536513,0.16494705378799554
162273.72725406065,5.982860721467507,-50.20218611519015,3.9073645338651404,15.041940282588747,0.9292945779888624,0.044268896408587714,0.48277384117847033,1.9565314531657811,0.7354082639895172,-0.013217096749861703,0.12292562926974368
151279.29443221912,5.990243049879365,-48.535344821675594,2.838886849536678,7.464631571403736,1.02309604492469,0.03120953788179183,0.34008944859902424,0.9235908862930601,0.7346780785033297,-0.008684913251084544,0.08449926674821308
156787.76399390624,5.985885305255971,-49.37352503403757,3.473303631709991,14.071706917949165,0.9461130798911452,0.0426101416270762,0.46696337803244936,1.8767895668923436,0.7609131676612575,-0.013018029767492716,0.12038666617328975
183801.27200595228,5.967990361301226,-53.286467124973214,5.6962528413117965,31.137067239977075,0.862169563274056,0.0641628779996801,0.6945500707014867,4.417458622644122,0.8034967416011061,-0.020440457142842205,0.18464447785189472
149569.8655181672,5.991365191386451,-48.27008342829142,2.651074225129997,5.11361029539656,1.1010928857889133,0.025929738176159907,0.28147434970825863,0.6341376751941153,0.7775144975024587,-0.007054524630669743,0.0700316661924397
391513.59985877364,5.980266699050092,-77.95314517296222,6.380215939638273,134.72104363858335,0.7666869556180784,-0.1363999349809336,1.444441540731248,26.78212803587937,1.2199152618376805,0.04851028079380344,0.45484297063669554
323641.3174528377,5.977739711162256,-70.85195547127637,6.074207034408834,246.93199968903915,0.7824870342576242,-0.18311700548740723,1.9557046447361528,44.31163403904456,1.1408801417828387,0.06478447039981768,0.5847970702090177
236861.3359442213,5.95708606883837,-60.36152575001677,7.579220491483267,87.22483974160468,0.8112116063670732,0.1082647657793401,1.162397032624102,14.175589622399649,0.9390089640506877,-0.03738715229115796,0.33067959533142505
257241.15347244352,5.945420401992397,-62.76694067844479,8.92771980270004,110.1532750177948,0.8010830856498383,0.12159731060063547,1.3062767762644087,17.692650261909115,0.9258410654804923,-0.041890679479093744,0.3694171099772516
236912.68415295053,5.9577361250158045,-60.374808808492,7.526164443319598,83.25035780981455,0.8158418166422325,0.10562582053398431,1.135618785867368,13.163861829070534,0.9248789406003359,-0.03589902138349841,0.31867527485407565
177451.533239504,5.966341136156151,-52.34942328146103,5.676098040527192,48.82910138624949,0.8037909441252616,0.0821276527394258,0.8696032186093038,7.915221555606624,0.9306850249421027,-0.027570165561477747,0.247138735074228
287611.0599979622,5.962612783979108,-66.63457784643731,7.331837947966849,231.89956450675814,0.7889778469894803,-0.17407558553181537,1.8955549018532416,42.835579359290584,1.1320313555320316,0.06415627409771028,0.5749234177160965
272266.1364897634,5.963275117083192,-64.8417783800065,7.049975827665909,267.9897941002081,0.7668589360628171,-0.19023039108566214,2.0374378349100977,52.3439589927753,1.1572416924839175,0.07006301877253421,0.6356322466894962
333949.4259925105,5.969991610008703,-71.88685328568596,7.088025523037947,242.70199207258912,0.8113363993814411,-0.17543465105610528,1.9394435566272679,42.39052057172163,1.1131945861618917,0.06414536294350881,0.571892747269469
213644.31115829517,5.919492885928124,-57.04580835267999,9.163411550163366,461.8386682738585,0.7792589124953766,-0.24673366482849007,2.674948913609257,82.56446381637609,1.1063516655689447,0.08908328938050669,0.7981848414487631
203439.47937382513,5.963888898462253,-56.043222381411866,6.156223706431948,445.99096792580076,1.5471660601835437,-0.11535340095264973,2.6372907436855146,54.75366071810253,1.208783331006139,0.08502592488876227,0.6484855946410734
178377.40767891012,5.968066838598306,-52.52295308158399,5.337264708883895,227.99184425963074,0.7423651450900214,-0.17923873455655842,1.8788948992935435,51.421237045017726,1.1995481861504653,0.06727447612615245,0.6302400806646248
191510.1821317295,5.957426460684292,-54.28738130821345,6.725089330626797,65.52910486438873,0.799598547325403,0.0952798739347553,1.0073797740321428,10.888015314411437,0.9626645631229405,-0.032496622085701005,0.2898389021454133
160655.50769220962,5.976749125879981,-49.89910573096999,4.507943537828891,39.26707107938559,0.8012862930061606,0.07414865812232388,0.7797755844562323,6.637235993966309,0.9793393128020156,-0.025159268249610116,0.22631928204199914
237734.90170188062,5.949558887004321,-60.39754072670273,8.169756009708571,85.17827999001595,0.8090688406097959,0.1068956106969533,1.1486879268355372,13.58299035047097,0.9068883619064659,-0.036643635242377785,0.32368867158008174
337716.5085059906,5.978107820982607,-72.38035007435985,6.156733591704001,182.43600830784163,0.7440916004658951,-0.15994625163714424,1.6807676301015717,37.197233755524955,1.1963278959989223,0.05803073318087922,0.5359438615391805
294331.16580976517,5.9794160839844555,-67.59086252995107,5.513598483280999,284.2584033301593,0.7720056130201811,-0.19572603423739027,2.0983872072511884,56.38607197893719,1.1690673010593087,0.07198351374305254,0.6597988792690167
368572.1218784006,5.981369504795517,-75.6554562418304,5.932229360914524,216.5113959447106,0.7650231257921009,-0.1715927819622915,1.831269089679216,41.472104258381634,1.1757179710542798,0.06163855588613425,0.5658635020452181
329784.196774839,5.978650409535741,-71.53305937382308,5.991618414749183,215.4821836763343,0.7517306260731791,-0.17286533415744615,1.8267530474011415,45.97356254370115,1.1880040993989511,0.06445688757744299,0.595830317302245
316177.0337670181,5.971506757299207,-69.95848804127093,6.787938095549292,218.63440487501427,0.7729206561537807,-0.17160870486859386,1.8403024285658653,42.09947772733249,1.1708535855325604,0.06232742639992052,0.5701030272355583
235159.3883199346,5.953609467239408,-60.17297337387184,7.3197484824472046,374.5428628650409,0.8558961095326845,-0.2105810130339491,2.409955989062012,67.42726875717719,1.1084627564745362,0.08074788631479862,0.7212872631768421
187097.5357815604,5.972047515939671,-53.80137473181562,5.367594764289923,44.73781252490191,0.8113636174298388,0.07866463202006693,0.8323702279459182,7.423130507511737,0.9548215062089555,-0.026845945444298924,0.2393167405409349
206838.14874376214,5.960028375544502,-56.444012561358875,6.776394328434904,63.825044336227215,0.7942710357382776,0.09389079095667503,0.9942086486885336,10.647344164359362,0.9526295570604217,-0.032307702886212875,0.28659830533042885
185786.8144268372,5.973821345834518,-53.6288729756074,5.182948850364725,40.02859647429984,0.8183473874593514,0.07430683433984647,0.7873533604940832,6.824056281982269,0.9702822625860067,-0.025808824652308993,0.22944900146449285
450747.5525982606,5.986954193846541,-83.73642419915882,5.580481313144109,161.21220138820746,0.7708766407916954,-0.1488236669274264,1.5801240972952144,33.19372606343121,1.2073322446002712,0.054251919838389256,0.5063424869240238
385860.4179477679,5.983294173447594,-77.42663262657939,5.846844494475953,118.22236160170164,0.7820245700422743,-0.12735073510297712,1.3531467733750537,26.97788933264252,1.2108124161515552,0.04848024852687065,0.45652428841633663
404172.2137509757,5.982973314072489,-79.23615414589017,6.068172379533104,120.60148111334935,0.7750070861570844,-0.12900777454756418,1.3666583832481212,26.25112988475529,1.2330277469865696,0.047121507267118244,0.4504070556480278
480339.6719548669,5.983381395470385,-86.38445496621445,6.559978238139494,96.48386329578634,0.7284183320845421,-0.11827736566839467,1.2221173547443007,24.696905214741513,1.2215717725407176,0.04515746385206337,0.4369271969660593
384248.274149452,5.9869352329634005,-77.31568942970924,5.115022149896668,157.4669555054173,0.8263965302239011,-0.141955034881829,1.56213634099071,31.222990330278773,1.1757160222549463,0.053709453334184955,0.49096324361182675
337704.7260037684,5.973026295367915,-72.32406776503015,6.772412105609681,260.77465824729876,0.7610530175549574,-0.1883044051617473,2.009762544707888,51.46405889893399,1.1649451546206486,0.06894378395512801,0.6303250866036274
280208.9101827514,5.97277474246231,-65.87951511648978,6.176868917314518,256.7089904864866,0.7744930947846089,-0.18568231933760612,1.9941414324557725,47.07930174543936,1.1580155247455688,0.06611466823320485,0.6028564468682891
293733.8622174009,5.974920422680659,-67.47274793585127,6.08439669416514,257.3698194614577,0.7730248241331135,-0.1861840771738939,1.9966819773043933,48.34987748214737,1.1684025278568904,0.06666462632831975,0.6109740137074422
281049.8708642459,5.96894228942174,-65.94031528369374,6.578681671954411,293.12782278141566,0.7682448054230194,-0.19878329072719741,2.1308701120169866,57.290981510635746,1.1475743843255728,0.0735238101724761,0.6649661964262269
320940.2623955066,5.9753360055530305,-70.53140247565493,6.325572286123061,229.98666569286164,0.7647466419811835,-0.1767997350524831,1.8874012570559378,45.340103663646524,1.163821666749195,0.06481788862451815,0.5916233609201871
266725.64249264577,5.9732690951861755,-64.27762735179098,5.99789846295202,202.92036685952013,0.7758805350272242,-0.16504274351990836,1.7729612587395764,40.176137083725216,1.1663419762571419,0.0610048431324737,0.5569151462125855
279279.3927682456,5.975273664651159,-65.792806427202,5.920062029790274,197.00239123571617,0.7521490705125391,-0.16500967872417424,1.7466923509838272,39.67811477111859,1.1858837017447685,0.05986135623668151,0.5535358070431117
372926.0377788495,5.976182955333465,-76.02659140812037,6.850309420547495,123.30579293436752,0.7648059514956338,-0.12998662646396844,1.3819393950314929,23.87275217811141,1.2159037630670984,0.04591063705820705,0.4294159868896417
266354.78520233126,5.971338126679365,-64.21665048278393,6.165656458025572,244.65866362370502,0.7600655507387105,-0.1825003783396864,1.94666001937325,46.76623524033392,1.1536661775475816,0.06612770394400154,0.6008230518099344
399381.7451784872,5.983521172849399,-78.7767337800347,5.8792842560470575,150.43172180748334,0.7863231217510753,-0.14178837854302145,1.526562055388535,30.119467757740935,1.192528427860701,0.052124829206183027,0.48227724810276645
338459.7723940679,5.98229032238951,-72.50448784986105,5.615441682242131,134.5042546934077,0.7732058785845473,-0.13536168646845942,1.443366271401999,27.887484504709,1.2042317983953996,0.04978039285207505,0.464104390391356
355061.96892492793,5.982536278127088,-74.26280509389488,5.7340251166331395,130.22470468372518,0.7734437312142193,-0.13322566744413825,1.4202154527455577,27.118156621836025,1.2138742230151718,0.04868248119756041,0.4577014470509604
431662.8850502694,5.981109397227147,-81.8591209745327,6.61943292037017,97.80286224339724,0.7791172936870558,-0.11512169795629172,1.2308195307244445,20.253347747527936,1.2230105721578401,0.04185075914549494,0.39557274076521975
338309.5012133083,5.98420685403348,-72.51566588758536,5.25015783934464,162.5772884432899,0.787479879676737,-0.14717842334841527,1.587012490066502,30.43778814518432,1.1816280747894237,0.0528099373274261,0.48477451501056223
380866.7694651248,5.982277229170639,-76.91551002782373,5.9201005103227695,178.7011026311689,0.7643672095124874,-0.15598335502113764,1.663692856740199,34.371555190452014,1.190123386598852,0.05558186526928064,0.5152071730659366
321730.49263013375,5.9802499221509136,-70.66876697472601,5.741456402143488,167.69126315124328,0.7882512294607311,-0.14951452575590501,1.6117758508322935,31.97396761897294,1.1889697051721348,0.05384171742807186,0.4968880069871094
337866.78331498976,5.98063281699916,-72.42213077341803,5.848372725352964,156.52771024807828,0.7699920857619926,-0.14621553529410936,1.5570377291077055,31.030741996661302,1.203568755640672,0.052595034301468696,0.4895522793489412
416375.635035124,5.980099751589144,-80.3845236052426,6.648132232590419,112.75433526681195,0.7517922520431751,-0.1255187885771678,1.321374860612255,22.458215726930117,1.2285056721679946,0.044091719522463726,0.41654619267998827
322236.8155291192,5.981310421050881,-70.74120749866219,5.534600642657601,198.8687922592317,0.7719373696458651,-0.1637085915460356,1.7551422666281242,38.74631279977616,1.1705487058762347,0.0598195263291477,0.5469252170251503
367714.5356527631,5.978850005635405,-75.53982969852876,6.266877108392578,244.32354378175617,0.768066359141607,-0.18135451947279196,1.9454217819940056,46.789117281346776,1.1505245161188564,0.06624658386775038,0.6009587081375681
232600.4850527971,5.969947710405016,-59.958782500273216,6.271122709283013,66.33906824091164,0.788914795139833,0.09567819796423052,1.0136042737175894,10.95253628510042,0.9644447766825729,-0.032732239318324176,0.2906807359226872
292655.66288289987,5.988763474909391,-67.49695280324201,4.111702180634139,129.020871171626,0.8062876570678961,-0.12831489545145983,1.4140319655728923,23.573897640346253,1.1191778912688601,0.04791846583830454,0.42646793073677686
333850.58010930754,5.9824989025467294,-72.00931274695137,5.574423012265762,187.71263297382507,0.7488782986632812,-0.1618776230992662,1.7049356367193889,41.20838359038181,1.2051969594624348,0.060056149566839474,0.5642107369583312
257880.68513998913,5.979968374357762,-63.27446840823364,5.072213813294268,316.5400396795866,0.7540771071336047,-0.20899214713936892,2.214104876113057,65.81674894037805,1.1710043034948208,0.07762045142970243,0.7128593245630955
243164.55092553975,5.966543842723929,-61.31249857779348,6.342209895582991,333.667479895131,0.7425074164056249,-0.21521707370769172,2.2731555126181138,69.5592620319949,1.1705242730592107,0.07974289066451482,0.7328525131385082
202933.92328569162,5.973743490943721,-56.04756622366126,5.432575056383208,41.92432945645348,0.808385120462283,0.07614605603698607,0.8057725646279462,6.8039552373563374,0.9340682892488301,-0.0257060459975962,0.22911809071091668
209274.71271320328,5.977005316260481,-56.97098823833842,4.921776639680701,201.82824537101766,0.7750198230412564,-0.16414545720566664,1.7682258347849384,36.70029821771127,1.166683945886302,0.05814322463587125,0.5322973278674353
275671.38282119826,5.968189006681189,-65.27159755214645,6.854480984863281,172.92852152515522,0.7440546662858144,-0.15633906465959052,1.6363270595122221,40.6265248452161,1.2132641033031089,0.05883506160854443,0.5602973861073863
205672.48648370258,5.971005039735859,-56.42800522271207,5.432571020560287,310.55442052236594,0.7341171954222601,-0.2093657425019982,2.1928471917870964,66.47050180157555,1.191239390651175,0.07693465450740702,0.7165067021742607
225406.0311707716,5.963609668105359,-58.99238277845204,6.47054952565093,229.3860048032976,0.7292258378926336,-0.1809677872590285,1.8845177062118827,54.57034259817379,1.1991651895403979,0.06890162145227971,0.6492945156933636
189467.0632997186,5.973070479599729,-54.15097146307698,5.300486172336032,38.02721068816739,0.8107546447540719,0.07269853722955791,0.7673917446046041,6.146635129855229,0.9332497483006958,-0.024414823811928613,0.2177716770616107
265609.4264358951,5.965200284601843,-64.06764888691825,6.744157038757611,350.7875122438017,0.759651121500668,-0.2186063226258785,2.330936754722743,69.48816491563426,1.158766141027558,0.08019523613443716,0.7324240660332881
344023.00615187583,5.979057809024383,-73.06720852862082,6.0450400294869855,235.26512604772552,0.7682074093620375,-0.17813733726674894,1.9090009647894952,46.60884748448764,1.1706159422907114,0.06545306928938589,0.59987291711925
246725.2029081272,5.95370324995121,-61.570807842262,8.007303983909702,103.5944672582433,0.7911000859411665,0.11893657557505434,1.266695560069795,17.153245095149217,0.948708084228576,-0.041067390973795026,0.3637625553908191
300912.7997223572,5.987545050216703,-68.4277673603368,4.404900650577396,118.91075587786926,0.7977162490387195,-0.12399763223030313,1.3574259271846054,22.921744762928878,1.1574182031468048,0.046566842616992815,0.4206039231023245
400463.9527966057,5.983942727614657,-78.88649239812611,5.845560671771074,159.0185065810187,0.7746115469674009,-0.1461424518674186,1.5694924495169118,29.798887682968093,1.1983860508358761,0.05147794835572974,0.4797435052778443
270027.5558535457,5.969420873094981,-64.63969947662875,6.394514194430555,412.8777810310112,0.7611637621642586,-0.2362090786483263,2.5289168827333293,78.22363561245325,1.1339783510252672,0.08603649915028698,0.7769941274142641
238218.52428945806,5.927637299183611,-60.28567791979955,9.370244381710412,379.5899468652166,0.7626938146199336,-0.20647777386475547,2.4266148950068005,72.68160586406165,1.4195365147488257,0.07151289463144585,0.7501406212933769
316302.38515632326,5.9779858422374,-70.02910977537343,6.176451419403258,138.21874918816485,0.757981669797021,-0.13900127982102656,1.4629923445709454,32.73519097173039,1.2260187791039878,0.051830967093471805,0.5030479403762619
233196.72766804864,5.958549814891699,-59.91025849255837,7.3796881484312795,77.2923733538714,0.7911115175819906,0.10343067145919449,1.0940728631383474,13.000652882601837,0.9676025361803549,-0.03572074165137847,0.3166885366747624
253096.11269693662,5.982785746738326,-62.70629231022718,4.748438226825624,153.75399454183426,0.7825969997728246,-0.142425569955772,1.5434121684562856,29.080332608103898,1.1687412417220082,0.05191495135743642,0.4738089660679362
326177.3562372527,5.97647805689709,-71.10091381651836,6.417261539247338,158.79768699315775,0.7632526506687323,-0.14733512468792603,1.5682812950173457,33.800763536495374,1.2090197036248636,0.05412073338985323,0.5110180146983221
208555.23906787435,5.947919892668969,-56.598199468662045,7.437703095787049,300.6973142367784,0.3576263385738099,-0.2638224851275737,2.15146304437022,74.01729094024967,1.465595255946937,0.09022114190924387,0.7550630642690004
196607.54993570046,5.970477516005847,-55.13397072741522,5.677872803598336,23.089933759834356,0.8935752347824703,0.05451843734230777,0.5981705066176071,3.355176322099502,0.7643669149639766,-0.018124300504645495,0.1608845074816704
216711.3317241341,5.965763420606029,-57.83503134048587,6.420569136347053,35.42195051110706,0.8527794803194445,0.06832103300656199,0.7408105109843974,5.298803738649296,0.7912318214472542,-0.022874218869204117,0.2021723876282846
283484.55417347397,5.98053825153528,-66.34463168097035,5.275983896574722,196.04522603827147,0.7725035855879798,-0.16171769298546362,1.7427145620047624,37.41314072610942,1.158571908812782,0.05906184695327439,0.5374028843960532
398917.1168445939,5.98093057327576,-78.69756807305765,6.306562461693237,205.2822577000709,0.793458157491498,-0.1639822268635009,1.7834363195349854,42.36285875927887,1.1703735553810024,0.06224371125398417,0.571913939737612
239370.40711908904,5.926473104063334,-60.44425988954805,9.308816124542336,554.9094416067949,0.7848166645543321,-0.27137383048521113,2.9320327878852166,100.54895204080049,1.113188038423114,0.09904626911981484,0.8807545199385576
862564.3625250801,5.987349752170154,-115.83487040737629,7.736340359673691,7.830742049839323,1.312928958880505,0.03124779656442075,0.3483947757051015,1.4252882159651707,1.390878743129959,-0.01143577815095409,0.10490132108467491
400428.6467766866,5.9869774992248,-78.92450346713503,5.255507430488446,123.34136627618304,0.815170948453864,-0.12853584742169155,1.3822761605384606,24.24783524591482,1.208211483120075,0.046808218922853244,0.43271838821568437
375155.44775086606,5.985060741119418,-76.36551884422369,5.487385785581312,125.31887196582849,0.7921674350972219,-0.1318427481985035,1.3930990145045459,27.0964612417523,1.230449074002235,0.048350348651615895,0.45755146949436964
433491.4433174635,5.983831096960683,-82.06979144412145,6.152490077503388,118.33398834616642,0.7975001380799528,-0.12755984083546806,1.3537714190050254,24.656988668659665,1.232954464610628,0.04605765382450536,0.4364761350842514
380580.4066662914,5.984759865726817,-76.91167614579385,5.582376429920037,117.08168814018363,0.7808404807555112,-0.12848911737060717,1.346436750801051,24.85496081440319,1.2389022458509553,0.04628475637023603,0.4382203814181545
717941.2682435585,5.994449265589635,-105.8119277023779,4.654919141333599,3.2085486542068997,1.5155707295814758,-0.015526178460777841,0.22336631461432782,0.5230914366300918,1.2474982226341294,0.0075751053411109,0.06347652816391004
304702.46683706786,5.974427969553119,-68.71242411175558,6.291169765267379,201.57251987199817,0.8114013852366162,-0.16149317330481336,1.7673399723810674,36.748282105969295,1.1404411839967454,0.05934860750288304,0.5325163816638451
282406.4362326419,5.97705047458321,-66.17742695709177,5.757493158815945,192.28750488560445,0.7733499301660329,-0.16227104237498402,1.725734734147779,39.61770010243513,1.1841851951616558,0.06029339897124368,0.5530623726947702
352597.0098399011,5.977626031920638,-73.94550307904726,6.433572346299202,162.4037841769216,0.793620454614831,-0.14755311218990158,1.586123326493711,31.83331135887562,1.1962114566767779,0.05361199066016069,0.49580590904977184
287468.1118481941,5.975989569115869,-66.75578430452748,5.945965818556037,185.86383294801232,0.7775207830489961,-0.1589082288818531,1.6967234791227255,37.828447155121886,1.1828161700887203,0.05893089373859768,0.5404275096278499
683720.3827038677,5.995049884874531,-103.27001992012796,4.293479410024831,10.591979690976563,1.0236582511590284,-0.035051883915998935,0.4053036492624365,1.9298443422075575,1.1186868707239068,0.014485750255012721,0.12193060306193004
282569.5794480636,5.968756571943334,-66.11158350335663,6.6639481956794295,238.84796890647448,0.7825846618833907,-0.1786676618914382,1.923558520232205,45.39985839862835,1.1490803209136742,0.06564366998824007,0.5919267710872343
261474.50588681924,5.972047824027867,-63.627879784038804,6.085397987761953,231.61028276363876,0.7541936898831709,-0.1798181018088826,1.8938257888316194,49.82989673140667,1.1892692732759336,0.06709927384067987,0.6203174636137274
333202.1849604087,5.9749167310160445,-71.85162740271451,6.605132821364664,197.48878698066744,0.7524199272396442,-0.1664554663077063,1.7487295028989513,43.2375792435061,1.1961697725768135,0.062327138685768176,0.5778485230777495
265617.392035623,5.971822965803956,-64.12802307874517,6.153731109541272,237.5151578255839,0.7623501435591062,-0.18125568593033828,1.9178948660817337,47.814337424148746,1.1845166913968534,0.0661702036988744,0.6075944496690301
747411.101900951,5.989380993953144,-107.86607505909542,6.573303472984525,1.055171213858649,2.3888681181740483,-0.006744845296182656,0.1282246360044432,0.15445345897484256,1.979232335971127,0.0034148773648697847,0.034568862590832486
321782.15308645455,5.981562964788863,-70.69035273277049,5.542578144901546,176.01172844211638,0.8000806516074098,-0.15287186068956068,1.6513065890734464,32.83302727791392,1.1777316533963322,0.05505986127789213,0.5034644349750652
299994.5084065077,5.980553488248729,-68.23932709833372,5.550534300254331,163.35115461057973,0.7671139737357228,-0.15107047547166644,1.5904526092377205,35.68362967711637,1.2090080074154133,0.05614796726111006,0.5250007263089423
354532.572939899,5.978842393007422,-74.15930757356523,6.322068680050277,145.85190509345728,0.7574848357497734,-0.1430775186135634,1.5028189647301686,32.47815092070202,1.2119602409607335,0.05319544789743243,0.5009049794032557
306221.238714542,5.979683094063283,-68.93414135447006,5.726343566069048,157.83059883037703,0.7898512359076659,-0.14662469332200626,1.563523043013076,32.86198672989685,1.2063153269578228,0.05411844031496074,0.5037910933563585
800357.4491521986,5.989563448869719,-111.62497146744919,6.741727367245149,0.4680700601790453,2.8272285340796386,0.000570588039536921,0.08551765384753442,0.07646788143729455,2.9475119290889586,0.002033739943114974,0.024357118581076916
356365.7935906162,5.9827147882279395,-74.40517268226104,5.664433155779507,156.87341668086998,0.7991451157873577,-0.1449778861929768,1.5588869581062026,30.053449322139627,1.193145226435193,0.052375447623188756,0.48171504576407664
334523.5541563363,5.98146300276327,-72.0693473382588,5.739312496298255,149.2913134049046,0.7693400120794853,-0.14469478998590263,1.520440787963336,31.6849273082981,1.2256948976037831,0.05247303668485262,0.4947575921773702
393378.5665153802,5.979949998259455,-78.13017136537462,6.497416734365305,132.43915169721114,0.78123322759056,-0.13499307252189435,1.4321796729600733,28.503471120214478,1.2117587619770516,0.05002476777230042,0.4692343665334019
340894.40726045315,5.980685712606009,-72.74318209445481,5.908009158555139,147.43406501909175,0.7919163710864121,-0.1419038813353628,1.5111322094328041,31.3482706169096,1.2132290834282782,0.05259128615179761,0.49207979110659067
746484.7336478138,5.991632542695896,-107.84212282873919,5.822414193289497,1.47590531947004,2.0423503831343983,-0.009386587612870347,0.15156817802462785,0.2249114899553349,1.6324442704467153,0.00458839425813762,0.04166614517096516
319943.2559905419,5.979243853250045,-70.46253061923488,5.8433854558470895,175.69910044700828,0.7885628906924833,-0.1536288611047606,1.6497565328011765,33.6059484754574,1.1696258408462152,0.05617565173662875,0.5093042004700883
298404.45909337,5.9795249672378485,-68.04901959744798,5.648062071192818,174.73058509783505,0.7754125754576566,-0.15501961617340348,1.6450332248180044,35.59615070615386,1.2040640510395673,0.056396142876982594,0.5243228036814973
353785.5910633304,5.978574988176712,-74.08013397619999,6.327211900418605,150.1111107275775,0.7765448287896135,-0.1431579644610595,1.5247924128647037,30.015347542684715,1.1986253559857123,0.05195087688440327,0.4814519800231025
304527.61678960524,5.978710084121504,-68.7344760111977,5.815137126815517,167.11160810418386,0.7661946152645398,-0.15234422344629833,1.6086982669880692,35.30262444171504,1.2010254122187398,0.0563123207764204,0.5221404753317561
942533.9090594533,5.9831016025878245,-120.99695989702337,9.31815565077536,3.7809417844316866,1.4458211651860389,-0.014640548006683289,0.24261671363656936,0.4871785280088878,1.0925596916859601,0.006131663917879108,0.061387986998008126
418541.43774204876,5.985464130362337,-80.67639588137192,5.570378112091522,203.96235061648085,0.7953000859226478,-0.16134894789832968,1.7778858921186746,40.79354077993035,1.1315835104480425,0.06333122784420003,0.5609712050746917
394949.1875698322,5.984156961324194,-78.35568023092404,5.6096730143394815,304.8498711328072,0.834595821630757,-0.1930061902954467,2.173942926334026,54.321627860053695,1.1046684832164415,0.07353676282481303,0.647286692409103
344817.73059474805,5.9731730728288355,-73.08314862368637,6.828647581410823,263.9562455779263,0.8093088864170628,-0.18182418804853678,2.0226854183969363,45.7652931682196,1.0940947702158879,0.06747081883754145,0.5941288088302968
382383.78048859193,5.985715796111129,-77.10608045770402,5.422077699952659,0.5997876604351718,2.7754277989448655,-0.00407045063338129,0.09672183634495762,0.41872330174012645,1.2322553886228518,0.003607649754283153,0.057081176039874636
336688.4009370195,5.979407161579507,-72.2880848997984,5.932035583209831,193.9756612183514,0.7952369492331103,-0.156996794252172,1.7338459311978331,34.52664857453355,1.1099406210077871,0.05849422683110704,0.5160599455644416
840935.0224006793,5.987679742563992,-114.38105043286215,7.5223019671946405,9.54870578240736,1.0489167491864237,-0.028357942149420636,0.3852198787279352,1.3191910521123411,0.8778457168956616,0.012054354134464084,0.10080115396675077
339769.10603713465,5.974136981821241,-72.5588520559316,6.641179876773546,283.8189806125188,0.8261953976880063,-0.18620553476160123,2.0976174748735175,49.23327057659599,1.1016059228154174,0.06945354909845469,0.6162881881857583
295403.2524178949,5.957085304988784,-67.4696260933045,7.970280663771605,478.414861652422,0.776741417757435,-0.25108056074209023,2.7225338869032525,81.68602367326316,1.0876788425238384,0.08840406161205983,0.7939501129402651
229447.58533169824,5.983936283752163,-59.70498169773292,4.520362959006988,28.436244807006858,0.8257975880057487,0.06424479259502058,0.663467355439516,4.704533937647294,0.9421058241722631,-0.021090597084100837,0.1905501458999851
850741.5628638458,5.98797778626362,-115.05200567834083,7.474818334823845,1.7248595825206374,1.8171269651686586,-0.006623606874818064,0.16403371241562764,0.3161003502054174,1.4434710033115734,0.0060051431655779855,0.0493302365850878
359732.70570514066,5.979982081963779,-74.72814374107392,6.043844774331784,193.0746894832795,0.7991149034186084,-0.156096598985679,1.729862964214607,35.07607545667586,1.1011415915983764,0.05969820036476987,0.5200653462580332
379182.94840656646,5.989130770852222,-76.82772224995554,4.7153645390664645,3.3782727892734608,1.2161970848773571,-0.0174612887538079,0.2290864808919417,0.8644375102655614,1.3548125006536669,0.008292926526336591,0.08175968088598733
354792.1389315819,5.984058740587658,-74.26193654978685,5.365813142609275,162.96786051818228,0.8045541495060984,-0.14286220396232469,1.5893279118154393,31.297533989656102,1.1176411606329413,0.05587111971802611,0.49131497257425644
338929.33494617883,5.9895556720944185,-72.64721067858159,4.260708762145777,96.01334183713765,0.8332976574481101,-0.1071958780381494,1.220130120084291,16.102325430924488,1.0775316853403551,0.03988570858567815,0.3524323306391114
396099.40986614954,5.981009306605166,-78.42827508994587,6.1691932677103045,202.92304812337437,0.7935652324859466,-0.16170900833295154,1.7732802439410693,38.08370739838733,1.102134867146201,0.06081848992975959,0.5420609516766217
338356.218320375,5.977665741128128,-72.45018572275885,6.147072473430761,270.6268974638142,0.7851869574761648,-0.18761043712713224,2.047766489801282,47.880093106961915,1.1185465271346222,0.06727727938000763,0.6078955461897746
366963.0799473275,5.9796559222890595,-75.47238529950577,6.14143154158195,204.56808044671442,0.7859498025755012,-0.1627378684326051,1.780419232416322,35.28395361287552,1.1105077176910843,0.05806856347155766,0.5218083264350423
343566.954200552,5.988266501551113,-73.12590341807652,4.564636751568664,84.46156594926117,0.8004934179920911,-0.10278507250137417,1.1441797047789708,16.233983688494877,1.149188812657639,0.03908502490850199,0.35397790664710704
316593.5233174639,5.9794952440690246,-70.09856230641104,5.741547213912192,133.29533455857,0.8210603605104186,-0.12740858154108575,1.4375349233418104,21.78209583860451,1.063884014938007,0.04619390964570123,0.40992529374355824
368319.24451480375,5.967771757016179,-75.46467412042423,7.750558395495257,231.97641416947616,0.7961199406326436,-0.17219545430300986,1.8960433003798844,39.618833945101244,1.0924979311271077,0.06182027082524186,0.5529017944546728
314481.40112770756,5.963869446117988,-69.6933006878242,7.5243426195882135,307.3800134632388,0.786288774276852,-0.199972736499411,2.1823894279023723,54.54068518470526,1.1097424431634704,0.07218207625119966,0.6487594707390218
341697.0810120159,5.969220350991238,-72.70729781942569,7.257116135909831,265.6657311659474,0.8014383943006078,-0.18318562015286524,2.029155015773102,44.38811714090643,1.0837734617136083,0.0654747252849316,0.5852309164015468
316802.1756181014,5.976914035534494,-70.09088010909531,6.107578862795056,132.27236144147292,0.7635353936449993,-0.13271701183009946,1.4314823932881269,25.607033253890712,1.144031811049565,0.04914759503650331,0.44456659928310976
299323.3419345506,5.977699247222851,-68.13607187441143,5.865400860332984,63.03616238357348,0.8384585767817037,-0.08674168085025576,0.9886434736782557,10.438784115959447,1.0942710800717872,0.03211741900075656,0.283763056620595
343750.33138981875,5.971421660251207,-72.94842565840577,7.044581032677952,205.96542026178136,0.8068340112865129,-0.16053621793905634,1.7867394366051694,34.94137622765493,1.0638954054444685,0.05879138092472525,0.5191561184340584
295263.6059646611,5.966973964537579,-67.56291371303493,6.981871797936888,256.7086210069136,0.7874133094133999,-0.18233284020448826,1.9944490313407333,44.28183535639562,1.1049984192913629,0.06490754182735232,0.5845843392837095
317916.95531729894,5.970321987239617,-70.14242585723565,6.891481821422375,213.68582590384167,0.798271096878138,-0.16486443885515628,1.8197968970598069,35.30266037889414,1.084624398320499,0.058260604883417555,0.521926945202802
342892.9352536702,5.972120626845972,-72.85934119145683,7.015590815140096,121.50755388068991,0.8064446305032555,-0.12451083722611139,1.3722436302636032,22.586674607317825,1.1705088159368433,0.04556632566013467,0.41759083483178244
296848.4548061347,5.9781946543789575,-67.86139216083458,5.752265670087944,106.60776257445936,0.7950160180514536,-0.11656567972996373,1.2853632687046175,19.855150677180934,1.131172090001563,0.04347591621393788,0.39144374994989334
313234.2221723681,5.983647304000645,-69.77303649725442,5.099813662875642,117.10846669302737,0.8432627421479846,-0.11761641409785624,1.3475853112932457,18.696156861121633,1.045913125519462,0.04322075640746268,0.379731078123821
365905.1211472683,5.974301533904451,-75.2979804179162,6.890693935241597,206.68700668076914,0.8104235290652866,-0.16061743087867908,1.7898844991465095,35.96624810060839,1.0856023958163319,0.059361449111327985,0.5267471230537537
313326.16913261375,5.969971643655404,-69.63403749986438,6.8426759505745665,292.19047106082684,0.7941866371217141,-0.19374843796571353,2.1278951226766947,49.7127392153184,1.1018552601695397,0.068743677473058,0.6193989682968121
335680.72419206647,5.973388238751287,-72.11298179666687,6.687987133258479,247.8574286982909,0.80343016788494,-0.17714236940475586,1.9599471687707464,43.427684208457684,1.093706575744901,0.0650018453930111,0.5788380973761823
344341.1061826139,5.977636595266657,-73.08377228828498,6.252360531627306,209.8146849120186,0.8001266528203412,-0.16377959267577424,1.8032001266562865,38.026515480894716,1.1382623580090963,0.05962664427809341,0.5417811509148538
311955.16255056136,5.981748301806569,-69.60966861219748,5.365952902567179,158.12636220013832,0.7861006523929641,-0.1424921432073926,1.5653818698647703,27.54260892394142,1.1071817126330519,0.05130471824447482,0.4610254419271754
322670.8865719632,5.984836296066749,-70.82957475093914,4.990385084144196,114.78957538392014,0.8193734634484955,-0.11839757182344945,1.3340049214152334,18.696156282564193,1.0635461898426262,0.04293293958528195,0.3797637208266468
367059.36481834605,5.975403480342917,-75.43112128369008,6.741551540401892,238.06046048855998,0.8021250530585814,-0.17344441940791616,1.9208362055391397,40.90771505508307,1.0781572192529225,0.06320581632918783,0.5617798044162832
321656.7046584899,5.972062496495547,-70.57659640751734,6.695524611209652,289.81215540272007,0.7844452807541658,-0.19453081344518677,2.119073545393801,49.31412489948821,1.1120889625984909,0.0681015545233017,0.616951196650725
342803.4680604811,5.974935312771124,-72.89148062561495,6.567818561030617,239.77564061165342,0.7863001811085897,-0.17631471360044992,1.9275392360014558,43.15417692561685,1.1067757632389987,0.06455621698324521,0.5770394285317026
855318.5557371258,5.996438635006793,-115.53291860014403,4.061668761123425,9.197753321602185,0.9389153294205956,-0.031159642182296488,0.37781473283754485,2.6318422857655532,1.082476860475336,0.01695877470028049,0.1423856306591663
321332.95398389763,5.983107569210326,-70.66344431531536,5.244525097158526,145.6846770686055,0.8039837373911511,-0.13537662939665437,1.502663051854993,24.77488482456172,1.098679200361377,0.04884476842795217,0.4372276023870269
351500.93358879955,5.9661645979166105,-73.70020707632689,7.776989406674563,267.57132117834936,0.8132541786683672,-0.18327914531994016,2.0364701442207545,43.583996794911194,1.058401381134555,0.06501534707899725,0.5798904893205623
315342.0808982741,5.980181385011308,-69.96884202418792,5.619711721233169,165.03307463719395,0.8131162458977262,-0.14333503024465494,1.5994051582731998,28.065578378230448,1.0968570308972228,0.05202420112098844,0.46535557757229934
281073.5221901787,5.987583862817532,-66.13220879429656,4.278404399902599,72.72896468951693,0.7855764143097567,-0.097255201057278,1.0615702987277906,14.307086059174663,1.1832788286524,0.03599629954052957,0.33238287599798294
260996.92428766465,5.9841564929483875,-63.69193497541684,4.627565351459983,149.15348160946905,0.7876093320868637,-0.139634804949518,1.5202056674656437,29.33114495022161,1.1658810398761235,0.051959620948083984,0.4758673845879099
263268.05239155155,5.9836986573549735,-63.96832827570736,4.649332880030531,203.96608605216056,0.7835622301029086,-0.1636712909876258,1.7776900188366511,38.147170441488754,1.1495853191005934,0.05960403023025356,0.5426528620162636
246685.0417153297,5.984240777492999,-61.918868676074965,4.528518375474354,140.46580078959047,0.7627235842786388,-0.1379481191864708,1.4750418481352543,27.85427238192014,1.1994437526187163,0.04965809817656788,0.4638378771394564
291253.49767067994,5.981223497300581,-67.24742615261806,5.349726811020705,161.43785694266668,0.7810966984501203,-0.14626712545114673,1.581477929893878,31.52515293051216,1.1865511958768167,0.05307370477760801,0.4934302778820991
217906.53408795176,5.939899607441852,-57.79854324072764,8.007371252413796,454.50571532748995,0.7709927470723872,-0.2439761178726329,2.6537007095563414,83.47355097700425,1.1298418756079973,0.08778042953224614,0.8027650423374079
294040.7006054583,5.966728453561995,-67.42482140139268,6.948338358959378,358.7132100967419,0.795127701249875,-0.21558724029613086,2.3576293282836236,65.87589216303984,1.1283321376358915,0.0789140358809012,0.7130413609775639
283140.09007778054,5.97825684775051,-66.28225122630266,5.543201226603618,253.15002510049374,0.7679652376456263,-0.18449078594457094,1.980260662664582,48.37531260715798,1.1645401360750665,0.06661126418856748,0.6111424295748271
351110.9498225354,5.977253439328873,-73.79474977990151,6.359520099727825,263.32510858835224,0.7800856498722335,-0.18652214283560745,2.0198178907824875,51.73845823632254,1.1571633017560847,0.06921861829433566,0.6319932656703653
266308.88055546174,5.968499289858917,-64.18539162001517,6.427422598863159,353.74880045484707,0.7559123126965661,-0.21923870523259792,2.3407817918881118,67.44054181737839,1.1557851603403988,0.07868429044779861,0.7215871502355037
242438.16339787628,5.946549524915161,-61.00057226699762,8.186970513603809,204.43460914812175,0.7898964462605755,-0.1588155827985891,1.7801877368973609,37.249910456667436,1.112099366970398,0.059190966739613736,0.5362008531316825
197934.9680482854,5.8985682510811674,-54.72455874434158,9.8972999344047,484.24817869987316,0.7742412827733447,-0.251916569033906,2.73914509189121,86.13376871125409,1.101763790126512,0.09117503751233594,0.8152344329033806
256854.0451450714,5.97665886105883,-63.113823874793255,5.476284442331093,208.22841296187042,0.7773734716315364,-0.16570801126315138,1.796137468996301,41.614675842543456,1.1559361480121528,0.06221068640881266,0.5667843377479789
329272.12653263164,5.977321172702444,-71.46159731917618,6.173903600177343,228.65333519665495,0.787924668911546,-0.17269268032283794,1.8822554557260944,40.76658639148966,1.1530720632240417,0.06137857703380539,0.5610005583462625
243555.4415841838,5.972652318733193,-61.42153510789525,5.740104506231849,282.4712297126918,0.7752529943128224,-0.19294954738467646,2.0919807447548027,53.05431354750384,1.1532589428091575,0.06945839493540915,0.640048713742064
286551.25659928133,5.962504064203521,-66.48559165342053,7.551786997684085,196.5412848259433,0.7875633918041223,-0.15826361658755583,1.74525362141724,38.488946942746246,1.15986709415062,0.06015758661816437,0.5450467528226208
281982.3189620883,5.975946552015458,-66.12355487231619,5.800795189490758,290.9334522158488,0.7711626286075246,-0.19654897404702626,2.1230175909948787,57.35685166084179,1.152866722042368,0.0728573252560157,0.6654263398430104
277762.31010432093,5.967247593164952,-65.53829861911424,6.690852673002413,343.7399655700062,0.7431465068226192,-0.2178988209457705,2.3072618112953265,69.26376445915233,1.154675936239937,0.08020337469903836,0.7312253951580273
271439.8469810672,5.978472908587539,-64.90003881048574,5.406715405550626,248.93315729434448,0.7480060209303678,-0.1849539524222794,1.9635102796286832,50.25254531586841,1.1748146051066792,0.06748112417752761,0.6229320253125208
178099.94942632015,5.974734124996175,-52.5396047881831,4.7330369201792895,335.3803056164921,0.7236990824251361,-0.21854178156060305,2.2787182285157606,78.32621500111897,1.197793609633211,0.08231429228914246,0.7779125349171202
206436.23054440634,5.965780048070622,-56.44780991385942,6.26185740696342,92.93364672670084,0.674661166484419,-0.12067867278425626,1.1989682598132994,31.926089440326724,1.2060919186930896,0.047951057028203826,0.4971149463478547
262693.5681984604,5.921080699179996,-63.18472780578524,10.596092450038936,195.32988505668547,0.7168097810812486,-0.16992785144758146,1.7387219384689199,40.10583356491891,1.1984945130858224,0.06285383995772723,0.556215982805688
298072.2582776382,5.973652803507244,-67.95943140918331,6.23656300606382,340.61247629315915,0.7844672435470708,-0.21080888789454216,2.2973091987943803,63.03682774953551,1.1246353524989638,0.07721311494187079,0.6975050907873144
230499.28993608983,5.969590220223335,-59.72510732251837,5.870516209420263,338.05484471929196,0.7603192656742326,-0.2138092810898382,2.288316529691376,65.95685535960357,1.1521396856721424,0.07846891444803711,0.7135338548115636
454537.0678109537,5.982514910033312,-84.01332565955994,6.625918514959407,22.82426141228947,0.8310485100902288,0.057053646244037665,0.5944526608715645,3.5539030414884722,0.9318468216110899,-0.018849455804509776,0.16555834478365178
293585.3829971332,5.977699289245082,-67.48915294018207,5.699635492461035,285.71213469815115,0.7833176270626921,-0.19297842457220848,2.104046442526457,53.328040510609576,1.1351356433631374,0.0707189751010921,0.6415794128942952
432045.6719868383,5.98771149236909,-81.99504653372263,5.246519677558291,117.22180811074335,0.8112863710788605,-0.12101876968150965,1.3479411000170365,21.196912770870853,1.127607683719193,0.045880414132296175,0.4043462237012701
387013.09352888307,5.988040582813158,-77.60911921057082,4.889192341093174,120.12337380420908,0.8217744669813862,-0.12185329770158171,1.3645803345827672,20.435142916780347,1.1283844727110588,0.0447834693103733,0.39704407175258677
353491.1218291831,5.9876392814902974,-74.1671710154276,4.7465273779154975,153.55849651491798,0.8069395894792384,-0.13944402625442132,1.542694678667023,27.39484716121043,1.1502620469768747,0.05117625989504192,0.4597860740280328
312389.781493036,5.993280805628459,-69.78321864154152,3.3753121123087073,8.377102138433646,0.915794914315845,-0.03207348433739618,0.3603658037543026,2.335156063349612,1.2857650662590132,0.014005486233310552,0.13434006513429786
237673.29571725638,5.973665470730986,-60.650993196360645,5.924716860504411,29.179342766147006,0.8544912075408171,0.06453744712060491,0.6721325380013989,4.710848485368071,0.9573413277055693,-0.02114701982736683,0.19067330003007502
204453.78052655613,5.970400536024641,-56.22217710574836,5.801475865441917,41.9645128092313,0.8116582035603858,0.07758033738501986,0.8060253121927783,7.002075750268391,0.9665922087161675,-0.025883472353417668,0.23245163509405922
360743.4721169806,5.929258246663823,-74.11099416368234,12.007385056641816,96.69583960951141,0.8871050029311907,0.11850625651493173,1.2234495335180087,15.765110423496868,0.9913328246537207,-0.03826789305607352,0.34885597822685827
274124.20344155136,5.976583677196745,-65.20067832166812,5.662351558195246,228.61751066261013,0.8045754296464795,-0.1698494570318598,1.8823654709033697,39.01983478315876,1.10275973936023,0.06189069668399871,0.5486456059310026
262035.88692452677,5.97820899381815,-63.763480972654264,5.341275825651337,245.96999001360842,0.7871159597954243,-0.17848668412235758,1.9522867610967496,43.41561574311945,1.1279637052406581,0.0646304308065146,0.5787982424013441
294896.64042497147,5.987402912893662,-67.73118420719697,4.499632488429691,11.421565865209752,0.9860935056386051,-0.035422495105051306,0.42095987158449555,2.5756504181392224,1.295454657158879,0.015395825038713251,0.14101502566425325
241168.95942847314,5.969536402355008,-61.091025626006996,6.012618317542704,374.24400555721303,0.7278875889090469,-0.22935888254298012,2.40727171084406,64.02943360854023,1.1650689389444908,0.07584569127319467,0.7031908568674736
268562.97669017955,5.977650997139306,-64.52077744238461,5.776312752468373,22.614506725746544,0.8332252821420888,0.05784626379994023,0.5916126075010381,3.8171310838576593,1.0103591820915676,-0.018966929744531152,0.17164379443692096
187140.54085091362,5.978342709139494,-53.865337219199056,4.7535667721716095,21.590934113251866,0.833265918833312,0.05685385497454244,0.5780363177985395,3.5360776620166616,1.00261795937701,-0.017982166337900615,0.16523392033205908
180527.81039085877,5.98201118867247,-52.940608895610126,4.247230523436846,15.489176977667888,0.8557253085709041,0.04868127156941576,0.4895390935098499,2.6786219439363443,1.0471419409898992,-0.015644871522041002,0.1438122801851828
227116.77603232156,5.949158273428663,-59.024945643179194,8.047075078857244,62.314681521341214,0.8223970797259221,0.09427538338576469,0.9822316686293635,10.200836235750419,0.967887514073094,-0.031212413338540523,0.2805705229445607
176856.57612234494,5.984308000027172,-52.42158932913402,3.919307862271371,13.094252591090191,0.8631373113367157,0.04514238987557445,0.45006650772092105,2.3103430720725817,1.0701625747362586,-0.014443704099912826,0.13356996167717206
246777.63992121586,5.969773813587558,-61.760695630306365,6.443376368772399,63.43454634038107,0.7925902813637541,0.09572926014587804,0.9909594821789521,10.808087273393145,1.004130621456986,-0.03202456026146696,0.2888124120661084
326174.5902864337,5.976522786456499,-71.09136106387177,6.518922864380512,38.556825811500616,0.8159725524142941,0.07572465876263515,0.7724740638752732,6.643811808863188,1.0452249589303362,-0.024879514837566175,0.22646366043626287
231145.7672545012,5.979494001230269,-59.87716943576848,5.135873218047179,34.991618675665414,0.8096486438627711,0.07236913525046945,0.7358714222405782,6.097096578239699,1.0464894548186137,-0.023767201219210707,0.21695319118119283
224734.7904010319,5.982151484707465,-59.069671204556855,4.717525177640261,26.969470616195796,0.820791184493697,0.06390766186012867,0.6459982888008533,4.636180354353391,1.0617301432940613,-0.020517374859412428,0.18920675555398175
249495.90579180367,5.969827970301171,-62.09911369868774,6.486417025938595,53.880299034209884,0.7891914011412844,0.0885952268993648,0.9132527351068704,9.128815127687812,1.0084879640170767,-0.029466140502943695,0.2654253468471348
220364.2925301429,5.983936509509377,-58.51163643726697,4.424982736302547,23.11492336526953,0.8281512259217915,0.059539729296724964,0.59801814204722,4.082312694203321,1.0818516130948799,-0.01918595756012173,0.177552715991518
218745.5993782957,5.96820947383457,-58.130934491693004,6.220485946320175,49.90400369317373,0.8078315730754326,0.08461330280629105,0.8789713571522398,8.289068072762927,0.9704755424799133,-0.028093487165055844,0.2529211345407244
506137.2389744567,5.958886651205088,-88.29757012425763,10.579861489059793,275.6769741737221,1.679638449241021,-0.019882532883222684,2.0753451294545098,24.835129456913503,2.2022610813983188,0.0019026927563996505,0.44047795477459656
275802.53145704407,5.976489272813015,-65.39842149478596,5.6974573281973635,238.001311117296,0.8128316132870042,-0.17218653601774928,1.9207087970387282,41.638014124309855,1.105391360693313,0.06409623997593655,0.5667350857032922
261865.75665217655,5.979566858608857,-63.75608528819072,5.178227149827421,251.07055513265925,0.7805871250768533,-0.18112452796633302,1.9723517255593066,46.33245207565986,1.140703936480697,0.06655155933761488,0.5979491381303468
279366.2930529823,5.989612084860582,-65.95077295495972,3.9489081524140737,46.13891042665318,0.8543180414582177,-0.07319498148199144,0.8459095519630374,8.12744013931521,1.1374705213267366,0.028589016412513726,0.25035633450936506
247941.8885179725,5.973024037161948,-61.97646330988009,5.745433290223467,321.48970854815934,0.791312411154223,-0.20366663410129604,2.231993861599722,59.716181683483555,1.1286011306852926,0.07584567953828077,0.6788078537388851
408236.3235520893,5.9887195736452,-79.71614982579479,4.901837660799321,192.88794478792212,0.7629194062302744,-0.16255771842486574,1.7284238847839914,39.72678253624619,1.1778853880717681,0.06044508672888721,0.5538157455821934
384380.80665733153,5.987797098027704,-77.34013632549737,4.945039653459619,185.06752545564382,0.8165852881053832,-0.15386959705258438,1.6935182999741427,36.053542276647676,1.1599586482155966,0.058081145922343196,0.5275366143924585
379175.90793879697,5.987852357096436,-76.81615703665545,4.888924182638755,193.31167916837407,0.7684066583612146,-0.16213826192239278,1.7303774648979429,39.02103056486648,1.1763331188520818,0.060067461563915604,0.5488567220589422
354236.48960881727,5.987114281322558,-74.23704377924679,4.8791885653214875,201.96744120752018,0.7715722230835913,-0.16575193527717363,1.7686909183968167,41.28999829517896,1.1840346098352246,0.06136393531607233,0.564634907815316
430920.0493640912,5.987205769198124,-81.87434089547318,5.451428642638082,128.54017741735996,0.7682568711655595,-0.13276729986631103,1.4109617699400854,26.12098838297564,1.2005192055277543,0.04853322171539196,0.44912665043606775
354773.4170711819,5.98700476350996,-74.29464136567218,4.862191489788204,230.47666391899594,0.7796208348259761,-0.17605459709227037,1.8894979895668031,43.46271653417145,1.1696200539687225,0.06340031194205709,0.5792519947042603
313516.2089747698,5.972225094601841,-69.68167047497772,6.569289539013727,319.2977514757911,0.7962998162176778,-0.20337170344536265,2.2243352528445364,59.72401730542799,1.114504806096991,0.07612720972337905,0.6788214294926088
294053.0528219143,5.971097677607115,-67.47253634570248,6.483501324151015,324.4415353636208,0.7623184905388123,-0.21066800982174266,2.241655187510854,64.35893645371117,1.1439096685640544,0.07847839921230162,0.7047306804032965
285949.53337347636,5.968784626835872,-66.5120784825711,6.6411501179293095,313.27614798574524,0.766579064410343,-0.2051173364788535,2.2029223069716033,58.334536023609424,1.1279312344149528,0.07464314790667592,0.670944828696839
265057.60258985235,5.969889197504643,-64.04866190802557,6.268488514616483,333.5144482808304,0.7549790682439638,-0.21375775508303496,2.272767228848972,65.40982361044854,1.1544781668330735,0.07810905154919182,0.710572461486311
346868.35748457967,5.982409361869094,-73.4063658433117,5.596743640228572,218.555918260105,0.8052948581328232,-0.16768341652463536,1.8403310828861108,38.290124473557455,1.1313942942458959,0.060466330488068,0.5435857065145988
268598.20901576517,5.963501432599576,-64.40829890418671,6.958307850352096,328.8703441685201,0.7646810053259099,-0.2111631493239305,2.2569911944889656,63.986651646203505,1.1460194987107353,0.07776818163568157,0.7027430724746025
314331.50997009105,5.975373492515924,-69.80625135848084,6.206215800249286,301.52932217086493,0.7892650468170609,-0.19895698598873693,2.1614374329704855,53.17277538165298,1.1237915912715963,0.0710200856090489,0.6406000742345003
291876.53525260603,5.972659050542132,-67.23839241652783,6.290425149620746,308.68003340430266,0.7690510536254722,-0.20415641130488135,2.186651705614166,58.44106124309762,1.144180948952386,0.07415951585241824,0.6716183121165139
290399.3659067856,5.971090505696738,-67.0504499971689,6.459663108141093,275.8635084399677,0.7825835110927832,-0.19123845680470555,2.0673159342522975,47.94350252384547,1.130511506739582,0.06734084868515798,0.6082958355651511
264653.3261164055,5.971766330993571,-64.01922781619778,6.061904848032704,345.90494891755776,0.7878788454533239,-0.21396234529422253,2.3149481509599807,65.76653184214145,1.1482656740667196,0.07849236955213866,0.7124885809181931
360489.0451146701,5.980991585408892,-74.81165068071077,5.988176044842804,197.83380266579633,0.7863225942985137,-0.16209113598966773,1.7506797623456574,39.772627028807065,1.1621544614131167,0.06116244335992559,0.554060289305053
264213.0439925643,5.966363425275047,-63.911210196227394,6.609540349937883,355.1667666738388,0.7670294268856187,-0.21932276031995213,2.3455017066897157,67.38604535298361,1.143680119087445,0.07962484748465579,0.7211888538955866
358843.23606703634,5.985138707638128,-74.6961768291164,5.2351438051707415,213.59488532971574,0.767145119190533,-0.17004284708582118,1.8189297714402712,41.71480751603777,1.1606520340222515,0.06243618237530971,0.5674492548672896
334908.93895832903,5.983611142554302,-72.14460505087972,5.301710410468532,217.53144428079335,0.7680517048039477,-0.1715725193563352,1.8356175221132305,42.55795338760173,1.1651888967399955,0.06289668740144895,0.5731736364790019
330965.947085345,5.983799878272534,-71.72196883439268,5.225142077199445,218.87559492649603,0.774804950075678,-0.17123666894260028,1.8413606854540865,41.39026277951936,1.1540309908906368,0.06239546533018894,0.5652152102263563
307313.3740839218,5.982997154960617,-69.10143451120572,5.1733179444939985,235.41928081862045,0.7659817051776104,-0.17895337577097897,1.9095554331024578,45.320034244603626,1.1729110729987655,0.06454254053362904,0.5915209446819535
384039.5745159959,5.98507848022783,-77.26653559102662,5.522755614098076,151.6686539762706,0.7583645978984849,-0.14395316082968238,1.5326774630907742,31.27685500531945,1.181592247015595,0.05343066212123372,0.49142201219964166
307825.28617683705,5.982130640551791,-69.15266640103943,5.261067015314453,260.07368750234536,0.7855267536500945,-0.18539983836514884,2.007306221571169,52.25278837291316,1.1496202077402513,0.07019630271463403,0.6350569960630145
366855.28596407967,5.984700200222235,-75.52039540234207,5.365046268454246,219.86697605864185,0.76284732580567,-0.17272076053775504,1.8454238103469724,43.576215242350855,1.1597095885920627,0.06375771610717013,0.5799777023452398
342673.9812103325,5.983336942602946,-72.97327740710065,5.402012669161399,225.2636919477439,0.7949906230728757,-0.1716768364423772,1.8682270339850657,41.253914395467675,1.1510758889431982,0.06215729615088857,0.5642983933609964
336840.0569986277,5.983010178765286,-72.34700843232177,5.388530550820085,229.6449257237213,0.7911075782116566,-0.17314126285078216,1.8863255465405704,37.87168110169057,1.1330435792559206,0.05938128516725409,0.5406906431397188
313816.66762452957,5.982934560674356,-69.82870373071512,5.228533917006438,238.2955260725911,0.7560964850778313,-0.18096614499743538,1.9210983445021763,49.04183475839558,1.1776549438419794,0.06690611193318281,0.6153559183399065
390629.62423384294,5.984786767221821,-77.9236055690596,5.612448108572423,163.19148188953267,0.7654476763401222,-0.148909775230259,1.5898719392972571,32.16376931060065,1.1853333899051215,0.05398444630047851,0.4983624457126543
310709.7739029856,5.981071779465378,-69.46442610540669,5.434493820094478,260.1957112464435,0.7723760052730564,-0.18702616421281187,2.007630245370278,47.67645760223248,1.1507002201860037,0.06680603440858714,0.6066376832871825
340378.8012636034,5.982921028550591,-72.724838780878,5.432917635958311,222.87874149377922,0.7820205344880129,-0.1717897289961156,1.8582165172152951,39.173542586944926,1.1371608356613965,0.06077334924890876,0.5498635298704373
316428.20577249804,5.981076972263262,-70.09916825377394,5.504300620821436,227.20990288807462,0.7917521968099139,-0.17250336406997027,1.8762721876131696,43.429213712727126,1.1428004858942629,0.06423288184482615,0.5789342527615629
314148.80579473596,5.980993188466776,-69.84622953224635,5.48446083690157,229.1681332650508,0.7895226262946966,-0.17332038760460194,1.8843333371532252,43.305961131996355,1.1381076030857236,0.06431129430885843,0.5780933132012867
291518.1502999772,5.981001212429519,-67.28301191874233,5.288421842054673,239.57147387541323,0.7971217495418479,-0.1768200179912049,1.9266652435077873,45.0620268837752,1.148190935199066,0.06522007732300983,0.5897401347572288
368021.934587859,5.984134438657698,-75.6283220640805,5.540724655404842,160.91292726357688,0.7768792710929968,-0.1465314882679942,1.5788581353115154,30.833421544539306,1.1662331043754004,0.05350957228083415,0.48787583614177443
289923.6753592432,5.9783938020638665,-67.07321988134885,5.589329319015377,274.46655481278134,0.7749328553083805,-0.19158350545663308,2.0619979823915098,51.788235892208036,1.1490182661126338,0.06963312184671264,0.6322553449752372
354725.77197263535,5.987264643159799,-74.28811463420175,4.885305637125286,140.87739909855728,0.7738073709280276,-0.13834740192624306,1.4771829126060239,27.235313226875206,1.1910086270632034,0.04986421110691777,0.4585732711744627
354672.757380634,5.987449451242846,-74.2861814522618,4.8296044676600065,157.25916058876203,0.778817923677187,-0.14609327163865699,1.560714945203422,33.246481896233114,1.1872802244104852,0.05503607629922256,0.5066647512112001
337495.35790906247,5.986114397664659,-72.4486405318318,4.9557494305623155,163.20962870446252,0.7630816939852261,-0.1501631842912507,1.5898432207581787,35.87657261426268,1.1965785759367682,0.05662522938734577,0.5263832320142403
333643.96290151856,5.986436763204578,-72.03784607705566,4.871924970139026,163.1268178839451,0.7774363056226641,-0.14859946753722433,1.5895831930680115,33.24466587465413,1.1955096438173216,0.05471848296587563,0.5066851485564271
269200.914208901,5.937507481274631,-64.10218770513296,9.857678019187789,130.40871906822957,0.803845272419244,0.13196158446643336,1.4213452696886129,20.88751599286594,0.9355092276446357,-0.04556070960622516,0.4013825362848294
359486.0592157364,5.9890196098342905,-74.80963343130115,4.526413715098159,159.30237144396546,0.7870065279378275,-0.14593342850813354,1.570924246504529,32.07288989129512,1.1779615842087006,0.0544131218813806,0.4976029184428736
302924.5364193104,5.974469209922497,-68.51752388822771,6.208446003459244,273.76834577452087,0.7634245636758558,-0.1923832791663439,2.0592763478037845,53.45197943472712,1.1452477574478412,0.07103567044824395,0.6422986243623554
303217.8377785524,5.972968315649898,-68.53456001844472,6.386924014584704,279.6995445292606,0.7738166961771565,-0.193547723187702,2.0815486211276815,51.6224479745355,1.1415110230693668,0.06980931573448433,0.6312107684741616
286864.5800803437,5.971492859493123,-66.64562718457805,6.37333828771082,286.3956641824176,0.7447363755298242,-0.19930841279616873,2.1059934495242256,59.24428877839669,1.1621266792604688,0.07421208937655632,0.6762681212888791
284760.67020110704,5.972442847636899,-66.41148837288196,6.236961118273874,286.2659934123031,0.7745056019336525,-0.19567054995435895,2.105853552113203,55.87754320164666,1.1460994459625782,0.07266425727122364,0.6567063361793352
239166.1413179583,5.96162828002524,-60.71022949191174,7.158141737386101,65.49477438114748,0.8018555532245217,0.0949841033315271,1.0071414348639098,10.694424630811547,0.9561175637817781,-0.032248818064478504,0.2872458984244325
309466.37605994736,5.972054540447967,-69.22635751055161,6.566852500092566,283.5957559932538,0.7821250907591779,-0.193578041270935,2.0961181334391195,52.05505270476661,1.1274386530448852,0.07058869201320078,0.6337959733351536
309559.73303629074,5.962785235632126,-69.13816306312467,7.535597982166161,442.5028361286158,0.7487233607853183,-0.25223463186789197,2.6173430239454842,86.72821698605183,1.1778486407168023,0.08987724132410889,0.8182214105579846
249783.98567680537,5.958618897735425,-62.01359718682899,7.562310503397684,19.252640070516332,0.9869355611737947,0.047567761391579866,0.5464062675134788,2.6984651718114994,0.5618098994579901,-0.01505846123764892,0.144412609906239
355989.2642459773,5.985039169951995,-74.39663111316463,5.2415200901168655,212.63557526154665,0.7605425783895781,-0.17053094406693964,1.8147589538496027,40.78128684922896,1.1804430883238286,0.06084098882495699,0.5611614541185119
359608.27140395076,5.985103173199212,-74.77529841024393,5.247283901763003,206.3874633505186,0.7656168109289148,-0.1674358770768654,1.7879511575877438,40.64224294328195,1.176790615636922,0.06103048301393234,0.5601721192075488
340781.78945958096,5.983830678557194,-72.7772005752665,5.309852797713164,232.51237968898138,0.7679885476848569,-0.17794515633967972,1.8977200673375358,49.92112343627227,1.1766611428115699,0.0676213397701017,0.6208350274054885
338170.26753824635,5.984182688372806,-72.50158323142263,5.237447777514996,225.44552119019815,0.768821969589137,-0.17513378152809625,1.8686664836627522,43.63893697646627,1.1839863132266364,0.06296348220193174,0.5804866880796232
278661.8080732813,5.948913236138374,-65.37004887497446,8.991521630317791,90.36198311093271,0.8046418073680923,0.11026761694515011,1.183109056157361,14.46243393337624,0.9111803244046381,-0.03794110419799633,0.3339883796133312
368092.86108357634,5.985861914106385,-75.66368310412807,5.143735369258863,233.59648608947606,0.770170404336401,-0.17756745041119354,1.9022131572730043,46.53383388434407,1.1679244798741384,0.06557665126624311,0.5993707367148847
332184.55584369216,5.984758553349719,-71.86139972153967,5.1305862353916085,175.3948998085387,0.757965343738652,-0.1550188597501967,1.6481852027700548,34.47724632159075,1.1816122925257948,0.05608030505925484,0.5159539575116066
334744.9509811441,5.984588203764583,-72.13680097778655,5.164475169036013,182.55444771245885,0.7619645349320434,-0.15798252321101394,1.6815037222281286,36.93900018289257,1.1831350634743136,0.05801832059633413,0.5340597470358811
317416.6367238616,5.983245004083785,-70.22932861071095,5.241788978880635,183.35754455171238,0.7732535697012584,-0.1573754215790978,1.6852876936307661,36.39961567701268,1.1838648915703613,0.057545970284791095,0.5301513545966317
316193.89738144935,5.983879980848486,-70.10130849605109,5.131880135644321,190.31852271809583,0.7758874265549347,-0.16013304329460432,1.7169986388799077,38.83827382801157,1.1830370430178183,0.05942245017090882,0.547624859458577
256110.3344359687,5.940181419712442,-62.56419320388051,9.35124078983765,117.7054219996847,0.7943814336006165,0.12607118502730424,1.3502789619374524,19.570111876436894,0.9572790818143252,-0.04407912558885161,0.3885209514582006
341331.68007750995,5.985868511110436,-72.86075754677816,4.961603664210166,196.13482058276583,0.7829840977185399,-0.16173477249813678,1.7431145788417615,36.022800542520756,1.1673149077840461,0.05767104951630371,0.5273539411876348
325337.02552447235,5.980692230150137,-71.07372052306988,5.649537576513152,240.72898557799675,0.7729703456823968,-0.17983586873041763,1.931074690418311,47.1513597667897,1.1636594239509244,0.06605570920894127,0.6033296291903361
326896.00191242446,5.980263685874396,-71.23994933216895,5.711361399144142,239.67030966066926,0.7715216704712015,-0.1796326352800336,1.9268058295506343,45.398654114878546,1.162398316187609,0.06489528686055619,0.5920013403834274
309893.0922436792,5.978699956588997,-69.34521974280078,5.772353517427868,258.41659793320986,0.7542823124240197,-0.188943788577087,2.000514830603498,51.193368400431716,1.1798554181356087,0.06831873121555582,0.6287135608474413
247885.0468268415,5.954134021905075,-61.71988432392767,7.991228673388444,75.51123737233772,0.7991607541813274,0.10117354081509604,1.081492948928338,12.221189487649227,0.9249838082514542,-0.03480854725325715,0.3070283503365403
367080.4465986215,5.985480880438405,-75.55012213335024,5.273615812639578,206.71962195324295,0.7481316048051614,-0.1695964967629588,1.7891984577751998,41.491086611536716,1.201029439349934,0.06069378153901322,0.566096616343116
348272.02258662554,5.986923462414257,-73.60865155324234,4.849409183537539,212.1507697176685,0.7622379103526943,-0.1703586853874779,1.8126868717877394,42.86522988941782,1.1828627462065304,0.06250245921760973,0.5753069190465449
337100.9704500076,5.988202149839328,-72.432305672539,4.556726702496427,215.81960105227557,0.7364690477534608,-0.17463837182084005,1.8280269980308201,46.560722606057375,1.2043100041373365,0.06399062674583143,0.5997173042763555
412556.0699803944,5.983653895726613,-80.05858364346929,6.0672710871769695,110.84746230980342,0.7352741530633029,-0.1268426956890319,1.309924627274798,26.305150303843707,1.2151144305415793,0.047888874589944286,0.45079445697489173
347381.3747401474,5.98734352792031,-73.51855464095885,4.78080577090817,214.71322914280512,0.7591203812975497,-0.1716651035172641,1.8235748675584276,47.64081155807309,1.1791795129052134,0.06573769479908341,0.6065248517414176
464046.4776587134,5.9837089623572375,-84.91728756330616,6.307177364571728,264.94409861828433,0.8408829633558252,-0.18141169744953556,2.0265343167435312,41.164434249055425,1.1343774320376885,0.06227340214160133,0.5636658282674726
376420.7089420684,5.9846374892176435,-76.4979497620334,5.444011335883903,203.70725713378147,0.792240885336602,-0.16369973567879065,1.7765495459609424,37.87420187582961,1.1561746120081406,0.059772114859859865,0.5406657899664992
356884.2721172584,5.985062793262353,-74.49266646399438,5.211467635536878,197.6658336315269,0.7855763674091677,-0.1614833274442559,1.749986224360106,37.646353091315575,1.1570921034964168,0.059625468031783924,0.539033335785361
352885.2060951772,5.986547366927126,-74.0896737128991,4.954956544036603,189.28641740293264,0.7624512908651878,-0.16102375613673744,1.7122124932030016,36.10731264365366,1.1953190556676057,0.05716033887440796,0.5280351083860874
412586.06528807385,5.988286891718251,-80.1304300992204,5.076558109596082,141.5375767481282,0.8048533304590437,-0.13473856783317517,1.481003090823165,27.154271642422362,1.170429668956246,0.050168612461610806,0.45784916460566066
341518.5892034082,5.98560994742318,-72.87769371206676,5.006966697856039,219.06868051164756,0.778435300885441,-0.17107316244892481,1.8421949153344812,42.834647252449365,1.173226721690242,0.06285461783670257,0.575060847803398
374338.0634734587,5.984042662596583,-76.27847523942387,5.534117537728328,192.66813859045322,0.8207709698053551,-0.15561406896722244,1.7280694219316814,33.510901359215374,1.1377038661860261,0.05643744186780643,0.508545702984784
358285.8552566733,5.984614895581705,-74.63296910825419,5.304376539415084,193.68461738372943,0.8058831440946685,-0.1578573340152657,1.7324558316789394,34.93143170320994,1.1537862586220398,0.05736646669351982,0.5192406943609379
360280.9935649543,5.986427527747198,-74.85933880682461,5.0467730142590135,176.8292582259382,0.7773808919030321,-0.1539776494909599,1.6550673832921496,35.67053482266101,1.192760547982374,0.05674146546921752,0.5248394605957567
423268.53224006406,5.987501553821319,-81.14971873425404,5.319207234396917,125.80064669112359,0.8277133216518567,-0.12546627521514342,1.396385805689976,22.294808907112756,1.1731148399590667,0.045399474660908365,0.4148699582849208
311120.023100681,5.976592904170221,-69.4558154966208,6.09426407759883,266.6027532038622,0.8021020104538905,-0.1873453969344539,2.0323803091591444,52.08666446642067,1.1528108861291204,0.06968372098275268,0.6340908808474612
296252.69422871567,5.98133164250659,-67.82026655089516,5.418467706761186,138.04065243424046,0.8065938697768984,-0.13690983310504587,1.4622383156941812,27.91770439294787,1.2059760042661445,0.05048138149009209,0.4642829909578392
167446.73142654815,5.944820027727465,-50.62627898017105,7.303085317980735,52.13877785507299,0.8720110231748612,0.08382800875768393,0.8986886384801119,8.552514204084554,1.0052714972344718,-0.028783715018507006,0.2568813246795959
198476.14348184032,5.923149831700792,-54.88084049184464,9.448972897223333,91.1618205634211,0.8319382911946385,0.11044643327665454,1.1883623318163195,14.80330111611255,0.9602842881630392,-0.03835323634251643,0.33790504469700416
185249.84838241746,5.948914429046212,-53.35914351053339,6.8797299945256105,903.1965607413968,1.4157655942197418,-0.1657618900270808,3.752994705218617,82.02237876115493,1.2452936346345387,0.10268401026478587,0.7938865335219286
161045.4534882924,5.977306215036652,-49.9673799751171,4.426753796726805,35.75371843095444,0.8661154737449281,0.06992785375053015,0.7441518297723305,5.834832926927801,0.9803975116178043,-0.02348268009265629,0.21221026360025427
210943.9069291698,5.949878000010482,-56.90036633982643,7.638511383890623,79.75366293709284,0.8405359562854782,0.10344138410544099,1.111508373088762,12.874796572406959,0.9546341044269043,-0.035251460869079695,0.3151851562629895
162658.99857570234,5.974262268861384,-50.1917756503431,4.725728495266594,40.66249810406059,0.8627310423850008,0.07493784986288507,0.7935589779807637,6.77393290665213,0.9907751034259094,-0.02532325417904502,0.22864838427376485
220238.8435667962,5.943099386562169,-58.06502013006365,8.347776232416216,88.98122879772318,0.8601319906229202,0.10821595910216697,1.1741469269899838,13.840514851989289,0.909149060573218,-0.03682146354581828,0.3267616900793456
188706.42493342893,5.969767688386678,-54.0070117002399,5.637426433664378,24.540185792694277,1.0072490944416985,0.05714073587736948,0.6165836028587208,3.7943949426539856,1.011240821128389,-0.01883046606505108,0.17114065571119336
223480.1074245971,5.950478511723036,-58.56032515993057,7.909803769533832,49.96168437432736,0.8814602214508327,0.08139465044628844,0.8797876046112445,7.727018673570843,0.9300893275702923,-0.02755250371589471,0.24414789150483732
242485.86323775642,5.950103697707524,-61.00092206105189,8.22977039724785,68.34637637859946,0.8645195440419964,0.09598222218584011,1.0289312629811016,10.897234406995086,0.9725215341701673,-0.03243755098395812,0.28996973823282357
219703.60584927676,5.966639535142416,-58.24007315861918,6.400212486600359,40.39687734199957,0.9017055190868006,0.07455429558439763,0.7909758943726778,6.629218660699412,1.0261780938206306,-0.02507145047907674,0.22619061244355249
336998.7026488802,5.987239663041698,-72.41143254176454,4.710537775905797,122.06009742004926,0.7791462003823639,-0.127311063880235,1.3751294176192845,22.975173988814138,1.1602174159526775,0.046473203750908285,0.4211101852493442
313708.42030386685,5.98797965943751,-69.87286550181487,4.413245270003388,92.71134567966416,0.8120503780409711,-0.1077799903823213,1.1987486183174265,16.120011579035502,1.1045375897312515,0.03994644178568035,0.3526214290849014
314284.57923373976,5.987452084732153,-69.93200805018841,4.495642400766445,146.06875429133308,0.7980344783231821,-0.1374919339927289,1.5044667672929897,27.38706323793559,1.1459827427614415,0.05104942626101508,0.4597340400979603
356631.44495656446,5.991815954404938,-74.5415939344441,3.989624187660542,2.3662898996810044,1.2662702346168973,0.01697398021282815,0.19153371420783918,0.3670205556773974,0.9155219286713229,-0.0042200036622382815,0.05338107960991762
323755.86521622137,5.990799668172317,-71.01525357996132,3.939435616588737,83.21572013506766,0.8467084615590561,-0.10004149312644382,1.1358861416372081,14.702685232822105,1.1230268594028374,0.03806672034815564,0.3367724056144714
330550.03154494753,5.979249845812902,-71.62604117252174,5.878304929316431,194.0917568312117,0.7921714973745173,-0.15846963055786423,1.734235011951534,33.62907040943125,1.1150222426169498,0.056990793575215054,0.5093909716723971
301017.1418629464,5.977526608524265,-68.3303609347233,5.8612811004914045,140.12497666939183,0.8050782389200031,-0.1327845004156255,1.4737099568465364,23.73329202722455,1.0812865995123802,0.048557483483827386,0.4278533799801162
300241.4533398298,5.978588359654477,-68.25604165174187,5.69082476188826,195.4118618119681,0.789873449749706,-0.1595797489382052,1.7400702987353185,34.39664991483671,1.131510243030814,0.05716492183846328,0.5152242222284044
355888.1262196731,5.993338090829576,-74.48450136025113,3.5792498232365486,4.316651930888627,1.0491892671377196,-0.022117853822383397,0.25876338025776846,1.207100390401561,1.2886487137739342,0.010032445163535653,0.09659100291462372
301957.18850700883,5.984131132581265,-68.51044877827181,4.93958283884455,124.99999377603926,0.8408064764221512,-0.1226886850131104,1.3921466838377223,20.667952372280332,1.0898397764664558,0.04529430482465784,0.3992703393177248
314724.2123936191,5.9765317565246345,-69.86053597359039,6.088623172194469,208.87216918135212,0.7895766307159362,-0.16487305507272615,1.7990120953372193,33.493625955429565,1.1061440733480399,0.056422477572309,0.5084146504590479
286617.9698651079,5.974066262040984,-66.6387184662229,6.138972252893351,147.01488566549546,0.8041053084724326,-0.13649878452859815,1.5094620466727815,25.7833033751086,1.1014378283554276,0.05036931271309266,0.4459764455157319
285981.87921780034,5.975100822247079,-66.57907557317102,5.974408640201201,206.38355147434044,0.8033494012609614,-0.16239696829021832,1.7883987856394656,37.52570958425182,1.1225117883830906,0.06022172072470891,0.5380919535543368
349035.2567290696,5.9919978757712125,-73.74713315299643,3.8776588434167794,12.853515883106766,0.8800808638812481,-0.03975271649114187,0.4463808992386638,3.0790862406816335,1.2350340663536838,0.016790356664119536,0.15418639751423252
284853.225041152,5.981507890348734,-66.51404648945163,5.168487290016905,134.7127283743347,0.8211202956372398,-0.12918202005816418,1.4450599940980553,23.89314712586648,1.1087866534711246,0.04854700596757941,0.4293115420442545
307334.90978442563,5.973873080293122,-69.0064010894948,6.342284608673851,246.48971677064196,0.8015210786834577,-0.17758198978713557,1.9544478661362452,45.15849560446064,1.111117599978945,0.06645608007561798,0.5902409138062455
307768.75122979813,5.973854145545822,-69.05741692362804,6.321384800959892,329.1952473778672,0.7816858024070887,-0.2086750157056941,2.2583468462792435,57.236274261968745,1.142055586881579,0.07299175177219375,0.6647033901258945
353552.5332097817,5.991942549726309,-74.2245195637858,3.8702747871457706,68.91200528674939,0.7814115498121671,-0.09544100165871242,1.0332671957474702,13.717050365270673,1.1897273933538584,0.03535643626169315,0.32544489302115337
305694.86367894383,5.980567199900922,-68.89574296268842,5.464324899076455,223.92831506493775,0.8069443552319211,-0.16893154170604055,1.8628854116951135,38.72971399889602,1.1261738109399186,0.060826398225733116,0.5466955641810712
380838.19607631664,5.9800461411299874,-76.88684009869957,6.245849288083295,148.67493369259302,0.804697593786412,-0.13921906529946748,1.5177825571549795,26.15422934626324,1.150203019348183,0.04979164487151727,0.44927798618302034
350957.2314117346,5.976264503805925,-73.7630063108004,6.536485355385565,149.53177802507045,0.8432912102141042,-0.13605937372311647,1.5224722915257929,26.479287097005493,1.1197370340570016,0.051110293465155866,0.4519481921053132
329682.57197838754,5.973318743490505,-71.45920534748021,6.698668395208264,178.5560032516819,0.8213226022994362,-0.15101320723663514,1.6634700364141322,31.923310090729665,1.1277783383989868,0.055791748088520964,0.49627425978893214
400101.3200075597,5.984080423946789,-78.85789009997798,5.745980690701671,102.48501216571867,0.8475751962890146,-0.11275609715160852,1.2604024665338018,16.406545499355076,1.119326015721625,0.040069788487195515,0.3557675487791192
343672.2829792775,5.970930212783887,-72.93022004273251,7.145797790997598,193.05364468680798,0.8371351732677383,-0.15503815542871116,1.729863106893906,32.73202923309484,1.1010471171599072,0.056915399746793854,0.5024734974655043
325445.07886808005,5.958058676980745,-70.8228624160704,8.318744887788949,194.08291592361672,0.7897550556959556,-0.15903297820202417,1.7341436137617627,32.435302301995186,1.0936980924667945,0.05675202974666412,0.5001799739633437
299443.1896890841,5.949196901262914,-67.83503294917045,8.78681646996772,201.00375428605048,0.8239908671986519,-0.15815248985020208,1.7651264687476986,33.24817383331806,1.078962929476559,0.05783488585912601,0.5063659586212912
279968.73425818805,5.942147985978982,-65.51696740360879,9.057508212453026,230.19181175555485,0.8249902502392261,-0.16965562331107936,1.8889055106488184,40.53068729404745,1.100275470459901,0.06366860035431969,0.5590995473202135
355591.2295309045,5.9710539773013185,-74.18485735390989,7.260847113142102,130.96133324728697,0.8247412983060769,-0.12823737587799672,1.424719624142513,21.528248498878185,1.1090073368563962,0.04623869125342668,0.40749407950135436
290949.47797438176,5.937449075190862,-66.73742268059264,9.602187631036692,263.46275748196774,0.8058921586362384,-0.18320279125544234,2.020653934480608,44.36373602031979,1.0794227105152654,0.06656296332014963,0.5849453475093113
334116.31465380633,5.965052062556001,-71.84164165666864,7.703631646213186,177.67889117813218,0.824433851943936,-0.14931777122169382,1.6594989839875471,32.043520768440395,1.116514486646868,0.05627539214702578,0.4971650492966486
304581.7287166908,5.957117265963362,-68.50372710391622,8.144254666356348,189.93630159825238,0.8284734695963151,-0.15364873708294602,1.7158516188952673,32.326994864684366,1.0999933096634316,0.05657760271206668,0.49935320390651566
285288.8414679915,5.953160145976639,-66.25830823511762,8.21430080758609,224.5115138823006,0.8346930726488381,-0.1665955345666285,1.8655396892785225,38.6271537733196,1.0973696248705953,0.06191863488292933,0.5458394649604349
368370.23480945016,5.974651640432957,-75.54900762490044,6.937749331764189,106.5512406804486,0.8573435864523874,-0.11415105701466441,1.285236426426844,18.637629094807487,1.1280295309494834,0.04338022456822023,0.37911031827107294
295398.57641037996,5.9481719793788965,-67.36436984359992,8.811607798062406,235.82616482847595,0.812073806266466,-0.1728413764378877,1.9117818086894731,38.93843631842357,1.0816649490150956,0.06207830033696272,0.5480445404937065
333790.97408594796,5.969063816605175,-71.85479937572826,7.2368347201506,177.82283594868395,0.8077519342293245,-0.150993156823494,1.6600249631528625,31.034541145001032,1.1108023977608101,0.05543448471908134,0.48926922098089354
305867.13907988876,5.962715019657798,-68.71224976771597,7.602682420190711,182.20628845996924,0.8226612742650103,-0.15114555479605618,1.6805142898685543,32.38560880218843,1.1071027463770866,0.05682409027986459,0.4997835446780565
285509.57453724014,5.957553527856407,-66.33289279945468,7.812453839891053,233.01332357188707,0.8133178211779974,-0.17211995413078396,1.9003178424149871,40.863552470929164,1.1116185976445536,0.06327732107628108,0.5614645886576848
354104.22275565367,5.9752994540016235,-74.0815140570976,6.693859541784427,124.1463097064397,0.8231876572148962,-0.12480911943050749,1.3871585247800995,20.057493193659415,1.101933217384502,0.04444246895974507,0.3933497585206152
297757.70887491194,5.954493883761147,-67.70551691749324,8.272072298132686,244.11545570395793,0.8112862945519574,-0.1762518642073802,1.9450550829572322,41.294239575020256,1.0911935005525197,0.06400498753485509,0.5643709845930324
352268.0396416281,5.97074037351415,-73.8362340093057,7.238692335186498,167.19108851680286,0.8442051027882018,-0.14278502312769226,1.6099606191598197,26.96524736111661,1.0890628567387217,0.05181558400767627,0.4560494932161058
322297.98364833154,5.966492983007022,-70.57590076813558,7.4127070137338205,167.95816110665845,0.8619140226268278,-0.14164632426531792,1.613778976847097,28.298265379426347,1.0917345152163123,0.05342097496294143,0.4671470835944254
302361.23275440704,5.961244919535551,-68.3019594754566,7.6965312706891185,211.09270855265305,0.8125904589081084,-0.1642088633012489,1.8086898629528818,39.04884024183928,1.1210377349275875,0.06202975287997181,0.5488363819454929
374214.6020255746,5.9765562252517075,-76.1706076969252,6.7187558171675805,107.25340299711519,0.8417613052448596,-0.11453854948626684,1.2894631993630166,16.114581665702843,1.0853501190021329,0.039883649413141424,0.35256838169749866
315613.177134432,5.959776201589079,-69.76416847094956,8.026000889762521,212.78278009905983,0.810806524596571,-0.16455057288512154,1.815944395627517,36.72730115304721,1.1001818945496127,0.06029065446614201,0.5322565896653846
302665.35209693876,5.975237945797089,-68.4907452232055,6.17769740960357,184.47354876705472,0.8161415772501892,-0.15232307558045577,1.6909159884899485,31.94306696580043,1.0725568998605013,0.05673183891831427,0.4963231901929048
287006.07465403754,5.979336014158783,-66.74213391280676,5.473342418879361,206.24704318065233,0.8112124745553384,-0.1622796794625535,1.7878130090507856,36.27527872648098,1.1096249751474154,0.05953779057072657,0.5290140513678148
228620.54397712255,5.938966307787993,-59.098088867468135,8.922549627509992,79.4834229594533,0.8713597547687171,0.09939436816879835,1.1099771363941615,10.900991920846305,0.7422935652580862,-0.03279218551342242,0.28998046822305984
256798.12735293846,5.98303949200348,-63.16829014303019,4.715703584367664,136.3025226530928,0.8212563850273533,-0.130965051337526,1.4534700106237948,23.58496834142215,1.101416022374135,0.04827447893551058,0.42652917819401936
307878.0716165581,5.957644860579579,-68.8814543960475,8.120351549899032,228.47371834428185,0.7958590129085032,-0.17050697273008897,1.8817091224149989,39.26673646941861,1.0484560234508273,0.0631496176152182,0.5502576709709593
290226.15214074706,5.965398602723127,-66.96615651228643,7.093483570935355,255.67781077424624,0.7904206855735763,-0.18192390464456953,1.9904445448860086,46.07842293724838,1.0976980501154645,0.06738636672699932,0.5961935564702013
249514.0991548552,5.94848013893084,-61.862863381051035,8.464273955397918,102.47399211483066,0.8374960698957334,0.11566228520415418,1.260070776811994,15.124281807814281,0.850367378243658,-0.038524694348321356,0.34157619874475664
259147.99843741534,5.970169853833769,-63.32572006251035,6.248252087519278,171.1104629020012,0.8031690225813578,-0.1471068344478407,1.6284841301352933,29.512682762644445,1.0716535589815877,0.05451073018444198,0.4770706597328311
301094.4442679179,5.9537234374557695,-68.07697710377357,8.374119661105038,267.6919938707119,0.8016140143845321,-0.1842098358903895,2.0368490716278194,44.56360301070692,1.0433150768880297,0.06701886555466637,0.5862265945698074
281930.0961464433,5.9610740137018094,-65.95762437614391,7.399293138110093,291.1826169099018,0.7844140940196256,-0.19508796137404683,2.1240689905330608,53.28142872942902,1.1037836794641707,0.07225746655683882,0.641124028933132
250495.30072078988,5.944459849180575,-61.93679549812543,8.821702623968454,94.86317664660437,0.8372209133041572,0.11154679358758537,1.212350794095307,14.146685452823094,0.8426788392223828,-0.03728011621704479,0.33035007648708675
250377.69969363534,5.966066424532222,-62.20483074683226,6.535333921920533,205.59076878175017,0.8020812877721795,-0.16165542691699053,1.7849995196534738,34.436941640681304,1.072159617216396,0.05839252651336447,0.5153920055794509
349484.7508012334,5.968030959940587,-73.51274579280296,7.521664528015248,255.91754164893206,0.7852013253242074,-0.1821620966061403,1.9913634923902315,43.53219825554052,1.070320274229826,0.06561577447859819,0.5794737863018344
328600.5905151835,5.97302419457223,-71.34407284679415,6.6638949894993225,289.5689938331762,0.790324923876074,-0.1938883218236637,2.118235786522308,47.775445084601536,1.095041103295805,0.06776318096132325,0.6071686882814795
281933.60434178676,5.949969385149826,-65.7739692330201,8.88805598396761,93.17622040794697,0.8286386680189906,0.11059627866420063,1.2015185837180389,13.893770587749525,0.832754111846082,-0.037146687024336864,0.32736097256684266
294683.2005262778,5.977586503494255,-67.60940729188235,5.778672327053608,195.2408803019005,0.8019836800399565,-0.15781948887944994,1.739463067629498,34.879595672985864,1.1002907512462112,0.05865312260562609,0.5187067113541249
313412.54990536295,5.958771807554545,-69.51276564186567,8.065141355881773,259.0288348672241,0.8041755909333416,-0.1807556023923136,2.0036598905513303,43.16363499195293,1.042115621764573,0.06614647578851343,0.5769233416281507
293278.9827500095,5.965628979906582,-67.32168795514332,7.09044683635731,281.6872651228382,0.7918394257702204,-0.19071129242153934,2.089256499448369,50.079276628155654,1.095946081771014,0.07023316809949853,0.6215397418960219
247918.01085519177,5.950163563961993,-61.68379544808201,8.2962822234751,95.12724867194437,0.8151048977989879,0.11295468534846097,1.2139211257561016,14.83647371920192,0.897987915818363,-0.038196534165580165,0.33830603853464203
260772.70200984087,5.970846007860088,-63.532753184471616,6.177599995530251,200.1843116543342,0.7995028689968657,-0.1596736608641742,1.761358620958607,34.145485152949114,1.0738867882738077,0.05849113146188974,0.5131670198850692
