0,1,2,3,4,5,6,7
-38.91037162619811,0.7529974022016742,-42.288297415218736,0.9954620420352092,-39.69513356535134,0.1254759544655987,0.000777861348032849,-41.359448735617704
-35.791141379261006,0.8771988481822209,-39.46049541934129,1.0319613299844708,-36.72886146495845,0.16772050575782024,-0.00265221692113844,-37.46529764757386
-36.42593478885942,0.7526662369714477,-39.62911885631655,1.1213243571632967,-36.446437516525336,0.29189715576184866,0.010182073942194794,-39.191302633194866
-39.25615552454468,0.7800809371772001,-42.597415117592945,0.9773972437984892,-40.22715400664716,0.029628550473519793,0.0008003201292175461,-41.517915828134896
-36.084368860529736,0.7806740918671446,-39.37968606473599,1.1403328976302458,-36.179146920705854,0.29220544527788644,0.010797976903919452,-38.937841124853136
-34.21765781922706,0.36632866529392133,-36.908633356404124,0.7166139283775111,-35.06618999726865,0.26036034067721653,0.018955976623013484,-39.33974084936957
-30.400219293384055,0.3849930520980386,-32.71879691282159,1.0922782884896096,-29.599359614689952,0.2674762349777985,0.036986049554023286,-35.98166870370999
-26.16224349030275,0.5244697922395745,-29.826727009839445,0.7423897982035068,-27.920906232708468,0.27778978022562356,-0.01153084413051101,-25.55836959907007
-27.875071963001695,0.8229092314709384,-32.699512366882516,0.8080491747688728,-31.41075160045235,0.08145868027170275,-0.040965823677951776,-25.102977022522744
-26.166813799744155,0.5114102551421777,-29.828998335520332,0.7456223056756422,-27.94423636073917,0.2772638137327196,-0.011426544423603238,-25.58264190584958
-26.034472786919125,0.5599573548287605,-30.194951756729864,0.7777288335155221,-29.201477958800496,0.05496001234030813,-0.03104163352490571,-24.303136567014832
-30.085145826019605,0.5611814113335593,-32.63999645611928,0.758108813488034,-30.60098008132882,0.3025577881258112,0.021023063806177175,-34.93293808128925
-30.01938995002192,0.4216783278891479,-32.67524413534037,0.7902567974283873,-30.27056043709551,0.37993378963776303,0.02910358936961138,-35.62619490289024
-33.22252234499369,0.5276008050004345,-36.91727841358444,0.9274801713083939,-34.71182388928267,0.11364836158926403,0.009416795544137437,-37.53425623088153
-29.520402143713525,0.40830521468954356,-32.18758434984041,0.7752938982071134,-29.809015484962746,0.3893245646157151,0.028265376230220293,-35.07741375359015
-34.464876762371134,0.4719732600867706,-37.88327246217748,0.8076998056882055,-35.9682271062915,0.1508861393798011,0.007112332837674625,-38.34946159831031
-28.018132417025416,0.7729796487349738,-32.28627383103077,0.8409209409933711,-30.251012911550426,0.18900503252122616,-0.02037604129058283,-26.413337525891517
-29.246967832646938,0.9162577435401932,-33.88864890936026,0.7755324929797175,-32.87076157885425,0.18069574855661139,-0.04414112277407808,-25.871433981232713
-28.063972589088674,0.7874651216531835,-32.31123246279271,0.8453621253049513,-30.246306351277507,0.18342096707156375,-0.021058241459454976,-26.373648531833016
-27.89204291112712,0.8884628194599204,-32.50029731048795,0.7820245839005213,-31.30640273481765,0.07589003308327946,-0.04220741442398989,-24.855581069647165
-33.137330199071755,0.5492888138863932,-36.523603008266434,0.8537691238566252,-34.177806299969895,0.23789290497140209,0.006934014650446317,-36.395196124556634
-34.16448824201983,0.4825214046185991,-37.17502886658848,0.9490190137624286,-34.35270126626396,0.34525004298161077,0.019735287180334127,-38.538616916991884
-37.79734592606272,0.5195525891558592,-40.88792512047046,0.8190620992759824,-39.044695764870006,0.015231877411124528,0.006790411286545917,-41.26278480329406
-33.70559074140558,0.4840486357733891,-36.68460798535035,0.9498379382282383,-33.840690330432636,0.3557317630386492,0.01961632673390745,-38.05063606280378
-59.701237739430894,0.9574364755812214,-63.45909918354367,0.6132079835013723,-63.867904640455684,0.938154150051974,-0.017393987482185656,-58.107026819077575
-37.426567299788175,0.5515459897566157,-39.26402160543762,1.1825410647521333,-36.29875628005883,0.2092413917770372,0.01191765043631442,-39.6842025325178
-38.25874979398359,0.3848913174575993,-39.418661847066325,1.3238895846880816,-35.95518883341183,0.3532762877784612,0.029616958600869627,-42.24918463241951
-39.38211174326074,0.3919749569536756,-40.99129010053181,1.1106391091750196,-38.178703071833624,0.12344169639804996,0.00679752815682163,-41.724263277679455
-36.49231984841121,0.4564954180757877,-37.961023933102865,1.2296551382150893,-34.84492444597496,0.25409373064834706,0.02354758911800396,-39.91289518112142
-34.57640556486257,0.36805019914603626,-36.28931455389207,0.9681608479161216,-33.683317480326764,0.2084134060076101,0.01456681712300403,-37.70741933070523
-35.492060237381395,0.28441992867307436,-36.5795656837209,1.112632866933876,-33.49503689703209,0.3126691375477241,0.033695554456585126,-40.49816038778479
-37.588861172292056,0.4750320698335418,-39.74047533244565,1.1867486513399135,-37.03633141893203,0.0004364148962123521,0.005062993908924229,-40.28157070668858
-33.74159826051675,0.3269580620180476,-35.24095238452174,1.0299021731940967,-32.41401629647984,0.25560881587221546,0.027120739412912476,-38.14018396851379
-56.313040627958635,0.8648033731833296,-60.10405792544928,0.5731514279031451,-60.67363189496254,0.9105646651349525,-0.018367938223594928,-55.085147265365094
-63.79732821024028,0.2758691758298047,-61.6467494270872,2.3220805088765024,-54.193290783453584,1.484300488187658,0.0706657132837704,-65.05058349254662
-33.74659160054214,0.3739050050905048,-35.361190412527726,0.9614582915727394,-32.89394021094386,0.16507794268760292,0.01198389254293147,-36.50627391687755
-34.66661482306979,0.26902242009587407,-35.62401951338403,1.0832086274815407,-32.632773934559744,0.3200635584666669,0.031129807537302576,-39.27835006818591
-36.794268876053316,0.5557476745529306,-39.30453159328833,1.2216779044572248,-36.44397588967176,0.07451266870081637,-0.0014486243995994288,-38.9026556156555
-32.88532256906374,0.31792781063986575,-34.276260048826934,0.9885397252407364,-31.622880848976735,0.22407999775425103,0.024684834570578854,-36.947967097969
-55.55230487141108,0.780350912929999,-59.45062955152845,0.667666444499193,-60.47617060660197,1.112533038362859,-0.012968237368547108,-55.17291496644284
-33.199875533399805,0.3716560836714383,-35.23895589524888,0.9128402998832859,-32.62514054034075,0.2366326638226958,0.014701545645592633,-36.53529368165249
-34.134329885375955,0.29367283202414673,-35.57255429844588,1.0243103619372367,-32.472585003226214,0.3639047998822743,0.03422256238683951,-39.41651771633984
-35.64042354295097,0.30874210779125755,-37.279763209019,0.9147455380263267,-34.987458369389714,0.05151360195312969,0.01388137686135197,-39.1605122668602
-32.4078492068663,0.34322679073102524,-34.30660082129243,0.969998228336443,-31.47279252602361,0.2877945563601391,0.027271713812699532,-37.025516113077806
-55.843123878674916,0.6914412564516614,-59.91452616725427,0.704564764793179,-60.972313714427514,1.0366807396060571,-0.010451469864542744,-55.87751803713671
-33.41317905286453,0.32487753340305986,-35.44276337211598,0.8647135599862117,-32.86041503882966,0.27515467252611536,0.016864197172005133,-37.10113958470322
-34.366231738267714,0.3078585580511368,-35.743150782314956,0.9788306237722327,-32.636629655553705,0.40585787439854754,0.03667705330707836,-39.981776830512445
-35.83288423324402,0.2735454196487781,-37.284802760354154,0.9010740648432395,-35.07156360675078,0.020523166298646596,0.015725859632481243,-39.600960086786074
-32.544914691164585,0.29885220852170913,-34.34571115822379,0.896529809976487,-31.655741189250044,0.2817280608329767,0.029100541443260537,-37.5129752834774
-36.815531306912646,0.22576042308668814,-37.00713244283979,0.48523346231269876,-36.2750550830253,0.4773719061672099,0.017868171386804438,-39.92601123038728
-37.17584982533921,0.26459834364904683,-37.54057584458873,0.24096987812889328,-36.16054393185688,0.6839158486241976,0.019855918001583043,-40.22834756341275
-36.58318626535132,0.40393020942996927,-37.35354663233875,0.2922076785155963,-36.5383280733844,0.44971508979512365,0.011555635007856188,-38.58009524270676
-34.98214527046598,0.33878578853539426,-35.56867540830126,0.27057145338009325,-34.45453516751111,0.5313546680666534,0.02063346379719364,-37.906088749220984
-36.681728156725086,0.20717321447948905,-36.204874874739815,0.1427207674253995,-35.06847557243557,0.5533556456609036,0.026197169899299017,-40.36852925735538
-36.78016082481212,0.39207279601012124,-36.783437146522346,0.1788218043783261,-35.403058079210304,0.6762443220273722,0.031624354034298925,-41.069258617336175
-35.48399603314453,0.24459420740176455,-35.46943084233985,0.20048019565815842,-34.320403986971726,0.5893738968245809,0.019142993227246885,-38.05858956219872
-33.57654266427683,0.22218028313301938,-33.32205093144335,0.18121935721768018,-31.899667222168915,0.6602974312374191,0.028924293746051568,-37.18245906539248
-59.97481856935131,0.3770111932168712,-59.1008381629716,0.2015411023471352,-56.64478262144337,1.1407961143254235,0.025996429506094133,-60.57648974019031
-36.26616758111721,0.23193351486846858,-35.643322294122946,0.15633568685296215,-34.21643351164329,0.7255356538626694,0.024863943461540243,-40.116527053667255
-34.41081759148075,0.18557091373900433,-34.229600529750314,0.21937039294997718,-32.816075390286855,0.74480622231606,0.017808861263352335,-37.194216661430715
-56.57944570358187,0.22669059043877982,-56.63460409725458,0.37331430663351234,-56.08671603054237,0.46779374920938255,0.0143715855108583,-58.12311484545694
-35.336287773685456,0.25302169377426903,-35.01274393700284,0.4232852513869087,-34.139434897879276,0.7169834193385498,0.022744056900337286,-39.17028286976722
-36.11329809524794,0.20843674293441958,-35.62911106703898,0.26867645755422703,-34.81410234490111,0.6068556032478338,0.031505952161263166,-40.36093679452357
-34.68674760376528,0.2086831958450664,-34.72825924764096,0.3636342284009311,-34.15580576391416,0.5109607437715807,0.01885642647756212,-37.614163712153086
-32.852800563848334,0.2031304536215673,-32.621986332014075,0.298757033505905,-31.80252195563306,0.5821208180744635,0.02911368487199475,-36.817758331634266
-58.66308169559477,0.28023236232628684,-57.47330876080751,0.17836804651446356,-55.96528093539439,0.7418271254803589,0.029732391800536793,-60.108524706839894
-36.76901714098144,0.19759926421608776,-36.221113109506135,0.30960914525730443,-35.76706618272328,0.5106192081155647,0.021805253047705555,-40.3188715002183
-37.222893912810534,0.20653987904741591,-36.60574100938149,0.281986212019501,-35.937781413760675,0.5962064470470239,0.027152322952660714,-40.95997175032294
-35.826023068548984,0.20831118951430974,-35.72015628118481,0.36048637284954566,-35.30787982701477,0.5131768025140169,0.014290395431139491,-38.19069702184716
-33.913349829697445,0.2024456199137812,-33.53527171620566,0.32409959176982817,-32.79377344347438,0.6292141631637767,0.024077105967025777,-37.331913815584016
-59.93635451153906,0.27394639272701654,-58.675980953387324,0.17878154594842027,-57.117695115458574,0.747204990362502,0.0260903493245644,-60.85538070247641
-31.91671313030581,2.3117935473903417,-31.366902977608795,0.6437809219101336,-31.863646286618234,0.2598794198580954,0.03557429792210366,-39.74864197969953
-32.768620440888625,0.46582423958391467,-34.168381286887815,0.8712271685020148,-35.13912788161495,0.24637259932125005,-0.012867279223618518,-33.60647487641902
-32.24444764791298,0.3245714246110524,-33.77467348640488,0.7859574989332373,-34.38672414069796,0.3242143785769803,-0.0379853573231431,-28.363617257566343
-35.37687082394239,0.8940531123805083,-38.636737010582266,0.940131831046797,-36.50835037246752,0.07978459990724664,-0.013718284344470895,-35.855606165929096
-28.5750502771364,1.3178921371556125,-33.10818928507957,0.8663315098362862,-31.908985590579547,0.31606346503083954,-0.05383100842042034,-23.684717208436137
-28.40147385656165,1.2531504449144844,-32.64764659448216,0.8836710242862138,-30.86285565942144,0.09276579910717735,-0.050355799341220614,-23.096215744919633
-28.75377164502081,1.2921503620597519,-33.08485824004654,0.8886575443751439,-31.466753050088435,0.2033076539860816,-0.05030489594358098,-23.47712404645558
-30.279235304649873,1.3854866192082826,-34.9448288615019,0.8392719706955193,-33.92833822581666,0.39685915330773003,-0.06695154599742714,-23.591103042951083
-26.553352805463945,0.8561908555123625,-30.98736574508947,0.9625890714825378,-31.37127453694036,0.3582845580877887,-0.013917904172858793,-29.853829596575526
-31.3915713497234,0.5495077437547974,-33.56104505412674,0.9498467815932954,-31.677125975803186,0.2500611602466177,-0.007197624255584518,-32.50318868958062
-32.364726597250055,0.5844140263142665,-34.92492081182341,0.6494623503415604,-33.430077047889824,0.0011622193217417386,-0.005216958632483118,-33.76449751698589
-33.15845523584342,0.5234557742026373,-35.403820817559186,0.7077558683621842,-33.816133041366236,0.05131050865535661,0.0005342018256988454,-35.32022145399529
-32.12211212641899,0.514488721545422,-33.9851246669385,0.7468376404740973,-32.38093942232008,0.06509535778786038,0.0020100567680256657,-34.517476935296116
-31.144360447745314,0.6777361560618318,-33.664061561358096,0.6354935698531162,-32.580061913416586,0.19615887300439822,-0.013487603553761275,-32.09977981863452
-30.16570067387689,0.5843854525376961,-32.35505729500851,0.7038657566803567,-30.896880005358632,0.08351945405846721,-0.003082070204507885,-31.950715608095273
-30.50632201316487,0.5425089994472929,-32.61510837854963,0.68634961221996,-31.23080579542582,0.12460303663298528,-0.006260564762695371,-31.80217098689632
-30.191151813352295,1.1162752362262975,-37.864913527686184,1.2022362279134575,-34.025240593857006,1.4398639106933948,-0.013604916345269488,-31.775547562003002
-28.733104133356214,0.5157518352930509,-30.97230565900353,0.6767382963518965,-29.497850849818995,0.06189017058897989,0.0045542928507318866,-31.107136082003034
-32.44069175251734,0.9337585709164024,-36.057706319903374,0.877560654425735,-34.37054293654428,0.1789354445543548,-0.017416378576360955,-32.88438610720232
-32.67256169144258,0.9069859678324673,-35.30988960304655,0.9217750882753506,-33.48742188554283,0.2627062621552958,-0.011017286166700668,-33.00907309099186
-28.807092077893373,1.1120057705794926,-32.85541407849607,0.8645872061192647,-31.311455531946287,0.18799167955909604,-0.0436550266125823,-24.471678962851257
-29.024167575588223,1.1122002813524268,-33.19138794994376,0.8614970038478323,-31.827551943908926,0.2108473811267187,-0.04644039571573246,-24.495183707528145
-30.611136728070797,1.2928110296814064,-35.14218894902035,0.803211133281378,-34.285686413512416,0.42300589886291845,-0.06186056462006411,-24.711542441782697
-29.043472139629415,1.1312120013985882,-33.16567871436206,0.8688520380943049,-31.586775153261964,0.1709219643878124,-0.042452729140804384,-24.73162153726795
-27.883552375682584,1.1110352305998152,-31.916055643845574,0.7620551287496496,-30.881286119862988,0.28352128238703667,-0.050378454576762106,-23.228817940420974
-28.150544494120346,1.1503976320210088,-32.35135164920783,0.7694350810877955,-31.460344643299642,0.34268260358032265,-0.055162926712316936,-23.13939526293172
-27.721641379971054,1.0683992715318498,-31.629958373272082,0.7792264299770715,-30.354059878216404,0.20941059260777226,-0.04410273620007076,-23.45953416141299
-27.98023912384692,1.1094780601236054,-32.019034992458245,0.769160521304815,-30.86908024454196,0.24754623948011337,-0.0468198171185029,-23.500687903694008
-29.56611047277382,1.261606708281333,-33.94189695931531,0.7057556036744909,-33.27922891011002,0.3967194261010833,-0.06188429742800149,-23.74136167293444
-27.931535268009515,1.0823824974794165,-31.88563557798192,0.7858778086121283,-30.571396099976035,0.1990323781160417,-0.04262834943654522,-23.71494189780864
-28.273826438294243,1.1367469905273462,-32.16860541225157,0.7453219096611997,-31.060568248470684,0.28584970181989894,-0.05043252210826496,-23.450962118845073
-28.49892082185955,1.1623402388749098,-32.54853330576264,0.732054858245831,-31.61708403885999,0.32198691098685056,-0.05750720679863433,-23.145511154999422
-28.066037481790488,1.0896115168959941,-31.845464995322544,0.7693804822570783,-30.49093548034747,0.20757217203305633,-0.043872044572754836,-23.67926777508867
-28.396109187030756,1.1288148565451464,-32.34726344805583,0.7821727850958312,-31.0629134190555,0.24054326634330392,-0.04664707306509074,-23.77345913975974
-36.10077977636998,3.5506590076481483,-41.92532332463226,0.7283816327939299,-40.95918639770544,0.38253290414955965,-0.08419465022225128,-25.98314899485849
-31.63092360015672,0.8166396381722373,-34.79293813940389,0.8189748860924986,-33.13577473180335,0.1539090417087116,-0.009362926670128589,-32.58683488119198
-38.89349163948425,1.0838386328027934,-41.170227329373624,1.5145923765645772,-38.62004446921038,0.026423151555704415,-0.0020859245181445575,-39.70461993424757
-32.940511489873614,1.6549923512220934,-36.99365409443912,1.1433883748387115,-35.87544770669045,0.41639053837062723,-0.0638478139901741,-26.163441128914613
-38.12016275506042,1.180448370596001,-40.70926062991368,1.557086387620284,-38.37128556807025,0.13688612391059252,-0.007336037781506156,-38.24123793769181
-38.71787777724147,1.2938905930608382,-41.94722463601109,1.1994522610981047,-40.58383282811575,0.3874801315523242,-0.030324519994798068,-37.1843098754728
-38.040140634134936,1.132159176981709,-40.46786657851963,1.5520224445387574,-37.989729920348715,0.07633527539095786,-0.0043977301471297275,-38.524571875036536
-37.52919789371414,0.6714077242353591,-39.41700260701711,0.9879181935468974,-37.66088923525612,0.18211627446777084,0.004685520592786198,-39.89300256928755
-31.586325602470673,1.2472202683660911,-35.26547651491893,0.6706222270784776,-34.791636854282885,0.5066995945885426,-0.057336380109542416,-26.27626005749676
-36.658933361322596,0.745250463673072,-38.80828548162418,0.9594301122586442,-37.08284516819851,0.16101504376410272,-0.0018664218720595717,-38.15317888247584
-38.13579487327123,1.1421217155407692,-41.489033720539815,0.9458744824377225,-40.54793452520809,0.4673763279832769,-0.031873963089535405,-37.25338778790796
-36.45716794130793,0.7197769423848681,-38.5509046088046,0.9924466656437457,-36.71790661506677,0.14983341383572252,0.0024172702517205246,-38.46139619261932
-34.5269498902253,0.5432767490365193,-36.37827476395442,0.9188579869984025,-34.52432363224264,0.10291030791043947,0.010608812157253792,-37.68301120993927
-28.6177181520186,1.1172802890066218,-32.234485496426956,0.6515124026854813,-31.717506102683082,0.48555212367052575,-0.051559800966488156,-24.075141371679955
-33.64435852189316,0.6172302396349546,-35.75377277083845,0.9158803205070223,-33.97837133328526,0.14246105903135706,0.005434246334629885,-36.07525084933096
-35.341309627928396,1.109781832129108,-38.836013314096746,1.0351313303570417,-37.58813776612475,0.4381563275725276,-0.027035190540066877,-35.12474544010527
-33.536859878637976,0.5627835900528276,-35.503786740690785,0.9215681438955287,-33.58004794601247,0.07788366525530799,0.008780255612092147,-36.33595564877566
-37.22136418272899,0.8828760146782576,-39.67083230031826,1.16507541012841,-37.62969979297996,0.15385582933303818,-0.00031546468311361906,-38.90456434292078
-31.28777868805095,1.466598077804891,-35.49482785366208,0.8635086272769268,-34.76048039382,0.5271237692206963,-0.062394696793937464,-25.28130171308132
-36.30421831972299,0.954228612920155,-38.988717939038814,1.1848872003500086,-36.94865181913083,0.1683771987563036,-0.00495841558758301,-37.28303122270915
-37.22297602696514,1.1631833394109918,-40.64914536288319,0.9315124958967955,-39.72663181330593,0.4737428250133131,-0.03150298096118632,-36.188462627917346
-36.2261940435164,0.9263366810881416,-38.82070798791652,1.2119204888638857,-36.656692640078674,0.12585891650738884,-0.0013445765884812742,-37.632438097047796
-38.92315002907203,0.9554569391684591,-41.47113807286778,1.0859149255798535,-39.65496269755275,0.18683640683104508,-0.007907444370928161,-39.87650096215843
-32.93378074084309,1.5264092936592726,-37.27075656490668,0.7628065989604188,-36.84211349832739,0.5659836083789368,-0.06995711651815523,-26.226137324505146
-37.95581116876417,1.0079317693782115,-40.773371736542245,1.0566825153944104,-39.09470678581818,0.21869836696678197,-0.012975622641808333,-38.20206245787843
-39.008676962585966,1.2375465596350144,-42.41638853264085,0.8777341503375463,-41.7756351490978,0.5188897678793041,-0.03846544328134035,-37.18600757873229
-37.850053714668476,0.9732001356534047,-40.55162651919189,1.1061594024633883,-38.68498544160249,0.17305500396253126,-0.009131282062291819,-38.539712507214354
-37.915630313578575,0.9432764140876212,-40.39714869878654,1.2278026995078677,-38.23422380892348,0.15104362015812617,-0.0008448512413539654,-39.493806484740965
-31.93907869164057,1.5302266054458378,-36.24023452549646,0.9234335582293403,-35.41727234094691,0.5454117637491817,-0.06377681995903561,-25.801146720070665
-36.99275791105383,1.0273048275884795,-39.739147656226784,1.2153708894547062,-37.68313016333457,0.17699427508860743,-0.00644191840406635,-37.81752216905011
-38.05357636857318,1.2372654825817635,-41.24754866177932,1.0688171713958172,-40.22134333468998,0.4914022991263879,-0.030941079654706317,-36.82985587738762
-36.857950251236645,0.9767987027762414,-39.51472588043802,1.271834355202805,-37.275761242598506,0.14430875896098108,-0.002873702985727701,-38.12297538103704
-36.581659431760016,0.9016161227138098,-39.34469214250026,1.0245922980709463,-36.77953443417839,0.10467864023879507,-0.0024050454694003647,-37.52261783416832
-37.92842845508106,0.9658372907819952,-41.007580983024695,0.9806304840247276,-38.64642727314836,0.042010700077959866,-0.00823328601931721,-38.16310930381499
-39.99771081229058,1.1208508613237615,-44.35196184488198,0.9154036699001936,-42.67403268370035,0.16103813925252197,-0.03149273766660997,-38.86052709228296
-37.870341108548324,0.8674277581122082,-40.47530636156651,1.0733004394158452,-37.68652745274417,0.17245488102502085,0.0023574436834617823,-39.05730651961114
-33.15056352986702,0.4686103901841114,-35.790179204720346,0.62926338626315,-34.32706891166734,0.14179064719370071,0.0010197949488776974,-35.59566951896943
-34.456808190371305,0.5444006040047066,-37.403901650724244,0.6395051345514191,-36.165544303476615,0.08238703206288502,-0.005089798971872555,-36.19667471553244
-37.57800434469905,0.9207301657760246,-41.69170033497117,0.7303502359966908,-40.789667319996916,0.24680541228836728,-0.029871937502321644,-37.38110353161618
-34.163979240040646,0.38392815711220346,-36.82420789129668,0.6678633065136528,-35.32528331168785,0.2375978961419013,0.004847310947235516,-37.01980907996438
-34.51891616594736,0.3553748770774177,-36.83001986173096,0.5789469865427271,-35.42740914428078,0.14809782797690405,0.004879074013543389,-37.77303259355332
-30.906846305419773,0.42456341549318455,-33.40565355333479,0.5887816614771736,-31.95400201165691,0.1750829831804943,0.003042072518198001,-33.564183096580855
-32.15081570898738,0.49399713587521327,-35.00981942665453,0.6147118595211697,-33.74420066050914,0.12206626517233415,-0.0029924354215100143,-34.14499659420937
-35.313642167609586,0.898677903176439,-39.44932761113484,0.6889146618224905,-38.65443552146566,0.23386059486779676,-0.029559324589261898,-35.296650038461145
-32.07480712419033,0.392992735959603,-34.552181700737506,0.6221450847099648,-32.90802864961652,0.22030578458802794,0.007761392699764128,-35.09271048820709
-36.920844249882094,0.6175716916594075,-39.85394231088783,0.8123716405255462,-37.863633265771654,0.109482691308166,-0.00469620910626013,-38.864486667270036
-33.36516613957146,0.7372886165294746,-36.540242533304294,0.819122210829694,-34.48790330042654,0.10214128953481692,-0.005017743975444093,-34.81484910370383
-34.599337278303125,0.8093062498708266,-38.17872130750183,0.8323635766689124,-36.287690405175184,0.05053471086852198,-0.01061975643747757,-35.453986518516395
-37.028774787766835,1.0062372819495833,-41.19488537638386,0.774659464651586,-40.2108189614027,0.2472161656466766,-0.03189271915442041,-36.339510589197594
-34.62829361796727,0.6937475238234017,-37.72030638892433,0.8465588235759148,-35.48067399662027,0.1555601734258806,-0.0003405575445446029,-36.40228886977231
-38.11967735993884,0.7220653179992375,-41.33189267095733,0.8730021080077943,-39.32353306554538,0.01046669598212161,-0.006857912739156696,-39.84887175236333
-34.49275040327393,0.8162168693077198,-37.92918880512114,0.8905715669829181,-35.76411316074227,0.07661209503649408,-0.008189664230282761,-35.62703586713939
-35.78730405005827,0.8934626918328481,-39.616286710540045,0.8908783475838444,-37.637527482724245,0.043691911361727225,-0.014507857578200003,-36.255336229244094
-38.288405289502855,1.0787544920010923,-42.28178884418787,0.7414694122963067,-41.24907341423652,0.2828650350753277,-0.03219247075886917,-37.32725110980291
-35.709945228854224,0.7594683315461453,-39.06049749823715,0.9027338350995361,-36.7209125531133,0.1657085496365328,-0.003613865420600894,-37.18090815887921
-36.86461397621849,0.5994716704464057,-39.89295526645761,0.7854343405114439,-38.02124591204108,0.09716210582370012,-0.002838217567603668,-39.19977101718202
-33.239270988609476,0.6881434988225948,-36.4754958573703,0.81626492201153,-34.48678681361987,0.11099345787125187,-0.0047834398924332,-34.934479349067615
-34.58712911021314,0.772753898131305,-38.17966912400202,0.8150019888376118,-36.426965412633834,0.05347107409916529,-0.011347774163693017,-35.583846648473084
-37.17634151787597,0.95729229873594,-40.70835132610141,0.6210728716737193,-39.92914178576896,0.2482939342313933,-0.02732026093113149,-36.77648889928027
-34.482632984202624,0.646669562452769,-37.623215039646766,0.8257022070707036,-35.490876566811494,0.16798745620583214,-0.0006709803584047131,-36.47171038520453
-43.14051876567284,1.2605423540889338,-46.37305613494254,1.1724628655845042,-44.027101497021064,0.13512821343596007,-0.023738277938801424,-41.12513555809271
-34.71526691063178,1.0666804001222285,-37.41921694753419,1.2864560786896362,-34.781043119423664,0.19588795961253125,-0.010306494323479423,-34.55691245279406
-33.483587630771794,1.1705236671073924,-36.31262714053804,1.3009409599236892,-33.8044180618578,0.12957269795374202,-0.0223733184085101,-31.261981744194618
-33.86990711318488,1.1573033708808205,-36.711901948521046,1.328784630783731,-34.09125164114647,0.1692041065131292,-0.01339046434783051,-33.01768887204348
-31.83328915510682,1.7006928465955329,-36.44689330035948,0.8120511726421176,-35.608024197063145,0.2907824330012369,-0.080832144074449,-23.27323805474743
-35.068998353738365,1.0545213551634764,-37.54649175659295,1.406394119422982,-34.65890535074368,0.2526866085144308,-0.0042200977227577615,-35.08972019692072
-41.214491016013454,0.4305975684948844,-43.67933540503064,0.5332151076938242,-42.248898196354304,0.2149049593159981,-0.009285492597663895,-42.186432853778804
-32.64315913445894,0.3210041688101327,-34.58390213875312,0.5700500270994115,-32.82052876712078,0.25702411907609035,0.006074331627806201,-35.7694674428318
-31.677028758753465,0.37981990970462964,-33.82630965783567,0.5605340964797473,-32.12476827244837,0.2530257795114412,-0.005727166431756665,-32.86333435875036
-32.19357941878102,0.3495265652199231,-34.27250234264372,0.5609998720893516,-32.470376361666496,0.30561337142281947,0.00293657325143446,-34.488965770990994
-31.06220229524776,1.1177029264428726,-35.72049454673014,0.5748721232606127,-35.29350545006302,0.1653002142647918,-0.07177817648076308,-24.94303487927408
-33.35839421827646,0.2887635443498484,-35.10658153367147,0.5949491831005074,-33.01225655748738,0.3964284026439329,0.011827496655088383,-36.485541300408755
-41.53228866066511,0.4581844703712045,-43.30285113698477,0.7021385939591385,-41.18097670140982,0.27857731217768605,0.004860192952463127,-43.64839579366792
-33.05477522066075,0.4136383040076192,-35.2081057670314,0.6308912376220559,-32.99669868465033,0.41417238116910515,0.01229101467144144,-36.85295356049176
-34.031104091761605,1.239815368377248,-34.05801812744179,0.613653603784177,-32.163974757285395,0.2512190837647513,0.0030383593837221916,-34.49587163948938
-31.489465751052684,1.1620063009689336,-36.219478837558874,0.6836957575507616,-35.1529619023071,0.11151710387631632,-0.06358946525761267,-26.464500158781167
-42.68035829589203,0.8931637979939084,-45.922235073761016,0.7876019211262937,-43.89432722679146,0.16262188263009097,-0.014862234223413873,-42.6296780059184
-34.61590904959718,0.6989179778738885,-37.31980228081166,0.8607432469895976,-34.98665105970609,0.2430890807499751,-0.00043566911861865756,-36.507476837862875
-33.09986683959284,0.7804845383200462,-36.01266418100399,0.8310188240097305,-33.82616347499605,0.20365582524899617,-0.009655552972993739,-33.595085733327736
-33.79046431144866,0.7544686538383992,-36.62429273826886,0.8763502362326078,-34.288731958763364,0.23413409760805654,-0.0020786825610784833,-35.20683812180351
-31.767425798254347,1.3399301056438753,-36.386067840494725,0.5524014332799445,-35.824260275060546,0.21251918795189145,-0.07121466932619346,-25.169338638758088
-34.97041133738557,0.6726849643820334,-37.53252004809046,0.9320941669629667,-34.91614643494333,0.3244512624385761,0.00561143480254376,-37.08050131696339
-43.230610628798225,0.8520189626737903,-46.54041880748627,0.750301190766072,-44.638992055036454,0.11756292208422868,-0.016112831013847362,-43.25526282655485
-35.09680250744792,0.6661573944574632,-37.9619936436268,0.7887597939432895,-35.824235729256145,0.1845339855962202,-0.0030754235314717233,-36.98935869133391
-33.54626029230376,0.7417844316309372,-36.60308155332888,0.762276757709241,-34.58657373923616,0.15687887711530196,-0.01162053098419608,-34.166222763212254
-34.28466500287357,0.7102619972969884,-37.28115526912127,0.7988498622623048,-35.05409679546888,0.22377128378178973,-0.0042833528329329915,-35.73160902610911
-32.35900304979015,1.3155645063872792,-37.032686130953635,0.549354851704316,-36.64616889084892,0.2653465375504967,-0.0735607605531502,-25.719472876939502
-35.450888757705826,0.6241420635599232,-38.146316353563314,0.845208046706658,-35.68312772526159,0.28957270003376195,0.0037184295333981296,-37.610460914241315
-42.76606382930658,0.7495896278835475,-45.90044907497142,0.697518856688362,-44.061712327444745,0.1521673142943482,-0.012662568815673353,-43.303647435112815
-34.627049246954115,0.5908711576055365,-37.302322138033105,0.7326313253106249,-35.23314350264002,0.2181288943480994,-0.002985391278040871,-36.74080527049667
-33.02639782776839,0.6511998571448907,-35.84982442346605,0.7017661993579051,-33.90895980577429,0.19479153023822024,-0.008144600334469954,-34.16562370248054
-33.800294116896694,0.614861490448939,-36.57057617469733,0.7544057829442523,-34.42249937732757,0.23502812578031962,-0.0009276817477121391,-35.74467330395388
-31.95554763602113,1.2374675428297093,-36.38030581251195,0.50497727967425,-36.07119401394385,0.2452806387216759,-0.07048854266399478,-25.74068570289221
-34.935736774190005,0.5422174208003938,-37.412710197164174,0.7863483995338998,-35.04089227146773,0.31436421171221324,0.007263299899341207,-37.595081199515946
-38.00862144864074,0.2721192133041822,-40.0128864810915,0.8541336343274708,-37.768136960906304,0.14200639796635645,0.005580478206578757,-40.56058667809551
-36.48937902089783,0.29924036244048824,-38.646936415833395,0.8883818845312732,-36.29460080347409,0.14245070606911445,0.006732560168250287,-39.0719647323042
-37.18461003244586,0.2902221046310899,-39.157650147260235,0.9161440716182927,-36.62510577180706,0.17698260799203072,0.012905147349954389,-40.04592961854954
-36.35721265533279,0.2878949679146055,-38.16297356170806,0.917943015740962,-35.414916401897045,0.28255755708610636,0.016189569000935624,-39.602793397731425
-34.69240984059524,0.6674232949030671,-35.32133433183748,0.5998026734700243,-33.52142798764456,0.18776936568971686,0.023344448320972325,-39.44356681120812
-33.2238992695858,0.7575937570726907,-34.046328844223396,0.6818355826994765,-32.057825307329395,0.23274514601616814,0.025429521031065418,-38.07072884642327
-33.84441798354389,0.7800112974879362,-34.35764378869358,0.6414794238205598,-32.346852500652915,0.24027443916863872,0.030247111335821097,-38.95344990242887
-33.02657427162906,0.7901952039776475,-33.28372468701252,0.6543029422833568,-30.95181339052225,0.3915963643914843,0.03349111521219679,-38.46474090698813
-33.6981863991891,0.6774370751896914,-34.40948149622268,0.5845688153967001,-32.76352294874933,0.12675489306204335,0.019201037664099873,-38.05524689740884
-32.253969191841385,0.7101006077808213,-32.89756397360928,0.6039498681589256,-31.125532095965507,0.16651907744012623,0.021882068427896077,-36.7033461839699
-32.775259135463415,0.7343075404338406,-33.3993795829833,0.6229910159737525,-31.467933483260598,0.228843775510739,0.02660998955773641,-37.52732027128991
-32.104974312230596,0.8195247010631496,-32.45731719475572,0.6740083805267121,-30.22960173307584,0.3156558413818739,0.03439988998597742,-37.51445882856006
-35.96514898433894,0.5334779353385579,-37.2862764596113,0.6805386346992922,-35.62727232950783,0.1215172513620158,0.015556679911024858,-39.95741544346869
-34.54327118818637,0.5588015475970742,-35.79396350784661,0.6639279915625205,-34.07349448690688,0.15571625398998395,0.017739893132876428,-38.63618649797813
-35.05013019033232,0.579046444991511,-36.24120403034855,0.7021823167301505,-34.187942881708175,0.26853182244940416,0.019884900036707825,-39.2135585385245
-34.38554791978591,0.7024538993218815,-35.379491152011695,0.7178364833905246,-33.17853294022085,0.2961344723948067,0.029462838892416177,-39.403908424626046
-34.726511120962535,0.5625258117151894,-35.938238373577875,0.6302844544102318,-34.32580149057654,0.11350729355503328,0.013059352081466623,-38.40875295300437
-33.393780484997464,0.5497552598653808,-34.617943117759495,0.6382252554859753,-32.98086005818669,0.12055073729474572,0.017220383071263362,-37.3295290394516
-33.67040997713032,0.580034690635642,-35.08712393492927,0.6702160857219783,-33.265789293249924,0.19140519454489585,0.019148899102156277,-37.82110687961822
-33.51738340824789,0.6321209691158031,-34.39283496907907,0.7415097928261254,-32.19868588628708,0.21426587560116958,0.02637577120220938,-38.017809643396355
-57.83547952011561,0.7753832073455317,-58.16741472449134,0.7699082020580358,-55.524274221552545,0.3942885816698967,0.03089274522036352,-60.82955526694615
-43.19069272796422,0.5579723995795148,-44.73035399065776,0.6151070014127804,-43.36691773578746,0.05502914634213609,0.0036004842863524606,-46.2224669280135
-40.652779032162734,0.5502008336040036,-53.70778834279457,7.393269078749423,-59.06398984883563,0.29742524965635225,-0.10211926409431918,-40.517396238329916
-38.432162798330054,0.3911477247185599,-39.48491268900436,1.4636275421671736,-36.642869660367126,0.09963726776338638,0.03280491198512012,-43.4568072348089
-36.184955789806,0.396780003871588,-37.089136264518984,1.5896634881796914,-34.18320156307503,0.021302861726401025,0.036645874416307046,-41.32563062357541
-37.89304545174211,0.5919411194248805,-39.643108253402,1.4065533404185613,-37.47516537637464,0.17646624902161145,0.010503576079502225,-40.898534425567554
-31.70803250597273,0.429800910089426,-33.39647384538553,1.2677879923225168,-30.96728802405043,0.006275930142166563,0.02386642000105646,-36.22617514374073
-32.25896426417275,0.4168476742995487,-33.3896472053388,1.5286590098995647,-30.147952157280187,0.09160396473641885,0.04057493368779555,-38.20182135793626
-33.523652086179524,0.3764770360255847,-33.917701925017475,1.4703316576107395,-30.937587988210993,0.08007073604164204,0.045337001036806726,-39.81370331566389
-35.47404084274557,0.392000652462795,-36.79005228375041,1.2839354789175,-34.234026670361075,0.05698819824410587,0.03179594149568644,-40.93670336771057
-26.09449695724307,0.7176519161296662,-29.040662278646778,1.0918757219970117,-27.133364301085486,0.11346803572851459,-0.010674730346101686,-25.026528276026813
-26.62798183693525,0.7667527109064991,-29.792348799495475,0.9804973165591337,-28.578700095005253,0.3941004823670536,-0.028899526469989584,-24.290107199096813
-26.20609638740957,0.735626732445174,-29.259002674448148,1.1067800626447903,-27.3622006690932,0.1243599722586764,-0.00999152892382987,-25.356290365039495
-27.515011308297503,0.7188738653990473,-30.299731057734736,0.9445404093792825,-29.599695951587837,0.661117899202561,-0.028631787727580495,-25.329703023541317
-26.53477779017301,0.874381728642285,-29.456759578061295,1.221687555891904,-27.39702671295735,0.10379102299903503,-0.012324790826600648,-25.325855248849887
-27.024155187366837,0.9110304206884184,-30.14385180966803,1.0538902174985,-28.912115503303188,0.39725495883325934,-0.03314755704817644,-24.10051313337947
-26.63417696439261,0.854440983317045,-29.61850630757446,1.1744284769197886,-27.62126366779669,0.08779865242265636,-0.016840184509123717,-24.84749105306876
-36.49135681861175,0.8591164802334994,-39.33459077605673,1.2388250299838677,-36.70145134144704,0.02942330376154473,-0.0020936771057975313,-38.044561173642435
-30.546164485882286,1.21343270857607,-34.29431289264173,1.0507535282029925,-32.09951171559716,0.005175456102358646,-0.0323717439245256,-26.716325176851278
-31.48428022674289,1.2848386294215906,-35.44582168764265,0.9190500329867565,-33.77739426852239,0.18885125660685398,-0.043611563325004286,-26.793127747005087
-30.97057324193558,1.2697034767831854,-34.83744246671383,1.077210110107429,-34.304829071470266,0.9619819467120816,-0.06291498911262901,-25.3076992208671
-36.08207023424659,0.4105960841016216,-37.26353431785547,0.8760768582109676,-35.61323301459402,0.009823084094264923,0.002504677927931228,-38.27186469946404
-37.000657435066444,0.5413120287672132,-38.18275734111272,1.2298231788438363,-35.75455755155315,0.11776812247592996,0.003525565072826923,-38.2892891283226
-36.28137408416647,0.5711675335418239,-37.506437901673515,1.1723529582878023,-34.81963362565412,0.22343224588592167,0.02000329452863824,-39.28133907626896
-39.39149190402154,0.8941964910361898,-41.203332703985666,1.5776729230582114,-38.62935862647019,0.06684280227919616,-0.0015365818604946208,-39.78502672512217
-36.73357287995687,0.4851180623050533,-37.613690245922164,1.407976066038224,-34.59123783008444,0.2446453029407261,0.018685930677620647,-39.58636422169167
-32.95368224461913,0.40108775083580916,-34.722098807301876,0.7347739725153823,-32.594727984287715,0.24307748971765245,0.019237055834174822,-37.86842271767219
-32.277601077007176,0.4342256857691041,-33.95693292409902,0.8074225752641683,-31.537123711960064,0.30257980436142784,0.024101202371844172,-37.16682677754243
-31.920381509913028,0.46106490342403456,-33.42406858898316,0.9385985720848814,-30.576185833365678,0.3944498807768903,0.035077056525736026,-37.59582922366988
-34.974806473266085,0.4755362871691971,-37.58715646611984,1.072571402641242,-35.06033924029856,0.10108642953522,0.01357922978509232,-38.19205768977803
-32.04507752481011,0.4708160091223628,-33.44803661476248,0.9627547312413266,-30.479154916174345,0.4316090760124392,0.03676283270732361,-38.01367775254036
-35.82457460448613,0.34821843955518605,-38.05649419171273,0.7710983220733585,-35.9778753149035,0.14520525883193963,0.007756962650926843,-39.320221766757655
-34.983871200632585,0.37031086773019656,-37.14925034432373,0.865245170884898,-34.765490260778854,0.19959206583553812,0.013015772889218739,-38.485042929388754
-34.61192719090107,0.3670709077964269,-36.653972097120494,0.9592938698629794,-33.815985007365256,0.3448725374406925,0.02440626475875104,-38.997752373404474
-36.342429016243,0.4105790559379894,-38.6455487154458,0.7967394086925229,-36.629979888861264,0.08284257630684551,0.00907991473105042,-38.88907428645791
-33.85619266822302,0.3595208997768665,-35.79692024862875,0.9665114787543564,-33.083687528257975,0.2729320832002767,0.04122632292652823,-39.70932947748815
-28.24606129584789,0.7073269539391098,-32.024300681343924,0.6661870257292829,-31.07681843484083,0.12768440106655352,-0.04141778493246458,-25.14914275449463
-34.81675987142556,0.3488012539885564,-36.99990249304852,0.8134009651904857,-34.73007110242502,0.20323643496740182,0.014053165107912451,-38.68499638462985
-34.575521771131946,0.35938249339150874,-36.60659667958324,0.922549575222333,-33.883959480973964,0.31924319142454394,0.026444394984847915,-39.41886170891785
-36.42405477713466,0.35025101906954526,-38.645193513317196,0.7630536087840611,-36.77094083170546,0.04679032283610215,0.011488950413986116,-39.41823414407304
-34.465525150117585,0.35273705910442854,-36.34972031083263,0.905699041397265,-33.68962983786118,0.28917088121544765,0.025750528083272016,-39.297766184806605
-39.41881506163033,1.4163153292756545,-43.13088622715172,1.351474911073205,-41.243623890054614,0.20457186790991666,-0.030613078316010532,-38.18097474586886
-39.61976333012338,1.0807814412370744,-42.123027878320315,1.6488056621724012,-39.35954573669308,0.017342480940127813,-0.004974846172887674,-40.605866335215296
-37.90690192705039,1.3018365956203077,-41.141033347160345,1.501312460600455,-38.868481160125825,0.10347731379813627,-0.018603980267399657,-37.39671576107404
-40.28455021886654,1.2993645550049744,-43.46336780857422,1.308897974669666,-41.93407798481339,0.3662112569080278,-0.03385935200970752,-38.74749521838944
-37.64548308692556,1.180008983441937,-40.493570971037165,1.5324773145477781,-37.98558261949297,0.03937322892502094,-0.011375517572032475,-37.92855729058985
-33.32892106713635,0.5100083404800126,-36.33461255745439,0.6082762559394177,-35.00194428886697,0.046660099205706324,-0.0076688332843244,-35.33255035138385
-33.42699045036261,0.35996911434302326,-35.35338421031574,0.8173452526193069,-32.984413471458105,0.3289752519496971,0.017288836305352998,-37.70360707058026
-31.791720778545667,0.43427887377490104,-34.391184920306614,0.72428007556623,-32.497841006370955,0.18855519060911466,0.0042223303186251695,-34.5447640215918
-34.86606600984374,0.6625359671036801,-38.33976936959948,0.8635694232570166,-36.75959068149516,0.10316787679644561,-0.01782013891505427,-36.092384407787804
-31.522569548655337,0.3872848525394421,-33.760334609752626,0.7986690200674263,-31.64157547291607,0.21708525280757823,0.011730799170593751,-35.12682973047187
-34.215744098278954,0.7001307819597039,-37.31103790226179,0.6790079279790993,-35.95487872818688,0.027687509220342018,-0.013968139971360765,-35.391846184976856
-34.26114740659861,0.42850928421284434,-36.20187175789962,0.9755949742712575,-33.86531395797549,0.17969626137965572,0.011436820632701149,-37.741261333800836
-32.65908731941192,0.5875243864964882,-35.24485294626566,0.8391613191296089,-33.44820214612932,0.034227085668064344,-0.0015418649747476366,-34.635719432668836
-35.85725418595792,0.9046379271763451,-39.62332886630497,1.0716677726157946,-38.08536201453987,0.28999187377664215,-0.02450607374581111,-36.31750452793278
-32.43855477222657,0.49744747102079273,-34.52775043125183,0.9051710067798867,-32.49197942769212,0.07865866892352893,0.005865512950649244,-35.1963568124076
-37.5242875589954,1.099783552866331,-41.37746736524063,0.8302541717796138,-40.00208124890472,0.1408963004447453,-0.03009982617850109,-36.91264660411255
-37.62760358607761,0.7625561327265497,-40.27398543599229,1.0938900771106344,-37.994136539924085,0.08594803572235536,-0.0036836112488836587,-39.350018367024425
-36.05158098716505,0.9859855660449145,-39.39722574164034,0.9635298252217452,-37.651798361002875,0.060606024614188146,-0.017072446702738334,-36.263855982293975
-38.55398180471346,1.006402448310864,-41.92796409529735,0.8315448339342016,-40.95604830591318,0.35409414699362146,-0.029219980329650487,-38.035552707117574
-35.71681943056302,0.8602135261431302,-38.59285493578942,1.0668324217656175,-36.574564945656796,0.013729960492958498,-0.008923342467477035,-36.803036519657475
-37.74870240305977,1.2309137780013997,-41.42700362913758,1.0064969792348144,-39.999633360006,0.1979095991352659,-0.03015535968484063,-36.968791440498734
-37.70752704530439,0.8690627158545263,-40.147151841941934,1.2905794103276043,-37.75578998480675,0.05243756177350778,-0.002773533809938865,-39.35298865445382
-36.126674002789876,1.0748816390577733,-39.258976838600496,1.137299243079937,-37.43284006898874,0.11116204629641802,-0.016284043395274204,-36.258628909199274
-38.67069781015476,1.1298272057018812,-41.85215182018121,1.0429289187394495,-40.82484436892532,0.42867902831746774,-0.02906308102220889,-38.03321047620717
-35.704735484025754,0.9296417826212244,-38.42371188050873,1.1703310131816642,-36.456584911976066,0.07559386768067622,-0.008616991631749999,-36.75450202455843
-36.27064198839766,0.32138037298402417,-38.51806873664913,0.7314556809666435,-36.43449522751873,0.20831099446345322,0.0017421050563222104,-37.37280479069666
-35.206168589424976,0.3036846239164544,-37.339399256553264,0.7229194793906434,-35.20920731652599,0.23864758037521175,0.004329513076197383,-36.21888284562506
-36.34330575025918,0.29088811227257594,-38.26254365315634,0.78189271348742,-35.80455202428467,0.31515704819775564,0.012523436794558876,-38.35030794046084
-35.073703705250935,0.36444196471540663,-37.513697614103634,0.7839886235106943,-35.27921698078603,0.22077698666979328,0.006633461204283066,-36.69671295732765
-36.22813494027409,0.2797308414539091,-37.99717326383522,0.8194264632114511,-35.17593027946323,0.4552786501260843,0.024765860489822183,-39.520579421008726
-31.495240083053993,0.43587328495769845,-33.0694136599558,0.45140724058717163,-31.825468302819754,0.22020088153524908,0.004870615250088838,-34.02649801637238
-30.492363556907627,0.4612310499803674,-32.031107438292906,0.4687448108810961,-30.790813085287247,0.1650693592564647,0.011795432154160042,-33.41437769560097
-31.53928962450379,0.5267526772613462,-32.881012087753746,0.4967227707871642,-31.422313430538455,0.2114619438067875,0.017747576452117476,-35.128543257252325
-30.11760405513833,0.4575692329215497,-31.734574763332343,0.4912619371071143,-30.417979363091224,0.17159209318831858,0.01430689876564241,-33.53811495085654
-31.070402162304518,0.606678565068188,-32.23734491422044,0.5070696337042393,-30.116162750127554,0.5626626536617637,0.030687645357179733,-35.95510597420852
-31.937526536370093,0.3490319038909355,-33.63349644233312,0.48646806116831265,-32.43691936970946,0.08267433937181488,0.004392603837884435,-34.299808865188204
-31.001370538353196,0.36586333498181656,-32.64125460626313,0.5031701221932278,-31.345244375452303,0.1041263111036968,0.00859625324329142,-33.57086082832976
-31.954507102438136,0.4112715328540228,-33.350594732825385,0.537048824765418,-31.806333509278907,0.18282656001531358,0.013282237409707541,-34.950874770584164
-30.606355393081632,0.37442044614940323,-32.21398566886782,0.5016916221263487,-30.918846808103766,0.10560567283652783,0.010854460781832309,-33.548650585599844
-31.521762058367596,0.4887013807948567,-32.6606058467517,0.6034576059415052,-30.854301646921236,0.2347243933816426,0.027478864322600216,-35.951818804164695
-32.880634425289436,0.30176011138937114,-34.96332547404611,0.5600081250686614,-33.69452726979638,0.1115885690641865,0.004883704713599375,-35.27342906334925
-31.982685505261536,0.3150205814957623,-34.08430160063273,0.5672194765724827,-32.703824485182885,0.1360415977088369,0.007848964519636695,-34.550978133917795
-32.879681071134414,0.32979352357071184,-34.80079559080366,0.5724031498994115,-33.25461222317925,0.20122885887949346,0.012125123203232946,-35.777926344050265
-31.614180405976725,0.32318930208353175,-33.68114967620058,0.5776378572124907,-32.2573676697384,0.14922733868653998,0.011516034660736746,-34.620972761153
-32.46612337281728,0.39212107180676153,-34.11001045478756,0.6115863656529169,-32.205898274749124,0.2835624484430101,0.02564148456383532,-36.74090365353136
-32.938497547833265,0.3154953282839136,-35.17927632631226,0.5450781712304436,-34.16150033402177,0.035336420637363364,-0.0012532948416425465,-34.86992439735449
-32.16488385154232,0.3120628924709617,-34.34563106218077,0.5362635979513086,-33.19478128156294,0.12213895522931566,0.004248411320626372,-34.47429487610731
-33.07678331957503,0.3382531833076744,-35.143418266007735,0.5405561615791775,-33.82170653804783,0.14581263919975565,0.007583728724086629,-35.58868896134047
-31.7502361284252,0.3187087743296757,-33.87745502111038,0.5502343287359827,-32.72269678356019,0.11569547295418907,0.007075109418209115,-34.41141356166794
-32.6877606194836,0.392748028486983,-34.41959227625096,0.5748476730598777,-32.718327688910776,0.25183612347003714,0.02256725740894703,-36.70415506815506
-32.8803531719406,0.3377632492927919,-34.939079439274884,0.528101538515427,-33.78018476899225,0.07626039560267343,0.0032743029192468217,-35.28834839795849
-32.7848227903425,0.31664152915542804,-34.92319849295707,0.5092146802838968,-33.86967389248869,0.06880545819965712,0.0002829107742393884,-34.88547975267567
-30.827931994246885,1.1892090174389853,-35.027323251710285,0.9489183538097199,-33.191498606061884,0.16437373781864795,-0.04241188088728351,-26.825619383026936
-35.553994954406065,1.2447351110691822,-39.96079235503723,0.9720136482761778,-38.270933480468486,0.258820803351382,-0.04050535382859762,-31.7520826524101
-35.22574398972442,0.48438722048018384,-35.907730948828984,1.7729662696021087,-32.8058178567588,0.10915772819998464,0.021220116437821547,-37.76814016902237
-30.8646699853852,1.193157788452506,-35.053128193371194,1.061318615051148,-32.9680957405906,0.14181163752739925,-0.03471092016222022,-27.316092647837905
-31.00764345890746,1.13312663377655,-35.11035635987248,0.8964091252415837,-33.53045193616589,0.24812584543177657,-0.04406966548024915,-26.809308185470346
-30.79685745351437,1.1378604032042359,-34.857210609501884,0.9980101811255006,-32.85655807760517,0.13855072808299723,-0.033336892722181106,-27.340208369590272
-27.197125081593,0.7481408280407039,-30.778115699568744,0.6343704059555414,-29.878044955089976,0.21661359021196258,-0.036763914843098607,-24.320997320947903
-27.15569360856535,0.6966544798019128,-30.574335372294037,0.6643210574595458,-29.38868096337297,0.11962045763677821,0.0023731689675076054,-30.220471557476106
-27.19117738756036,0.7266918271056025,-30.706856936307265,0.670107963947397,-29.52815988752079,0.12368482129869908,-0.029730700464520463,-24.737731707624107
-28.281356468376927,0.9669150962401287,-32.549512214811884,0.8187473310010136,-31.503875708660427,0.37216766267725476,-0.04702988997754952,-24.506496453495288
-27.21049779598495,0.701408607845376,-30.600647306560923,0.6600815434942786,-29.245838123183418,0.019714366769937597,-0.026427693727549873,-24.963665059534396
-26.339160074584363,0.7100698475261951,-29.84937923248753,0.639156283147109,-28.741987742005648,0.11169026737337373,-0.03321631682069416,-23.802703855242587
-29.641633269580428,0.4387355815742799,-32.19173368016375,0.7444682822934453,-30.4337956826123,0.04801448637011473,0.005138846168350019,-32.296539155824426
-29.756131041782012,0.4966813618385776,-32.58443689487224,0.7429182306326355,-30.91259478866808,0.014659446656533954,0.005350870304412875,-32.6559842675307
-27.472166467561934,0.9808679269040658,-31.97571332400713,0.8929604572776951,-30.59082269601177,0.28259994164291485,-0.014815945239781608,-29.469927545562893
-26.239092638286703,0.6767189283710224,-29.614482011928537,0.6980515003151636,-28.146344222809702,0.0114759279485314,-0.02366409295527534,-24.287686797584048
-29.01032881991579,0.8800051925765229,-32.851197624263605,0.7825299644426293,-31.301018760886386,0.09721351392200851,-0.030771282854435002,-26.759496343218142
-34.53894241977463,0.555858303482252,-37.33266288912847,0.9526936607435369,-34.95294799469686,0.09388426406063068,0.00857538994492014,-37.460295720701716
-35.247985221617576,0.48633939765544726,-37.99243395470515,0.8682485415288246,-35.86895693386038,0.05644422829215761,0.006598466132748807,-38.52610752676974
-33.46043425035629,0.5748591450485178,-36.49607534400417,0.883254557887902,-34.347077521846515,0.05767573632543957,0.0005510258262146888,-35.58173683792107
-34.19514890090957,0.6571677398864287,-37.534009870852564,0.8835915730791613,-35.48932117964992,0.016705822035820942,9.645790064759627e-05,-36.58537724615322
-36.80605655983813,0.5115068325865153,-39.40423808989638,0.8585791882969789,-37.70698620238412,0.15015957995721063,0.005074084629347289,-39.8343802402482
-34.4448960506265,0.5478999609431807,-37.323001606787074,0.9327856888490021,-35.03715646597658,0.06748068740097943,0.008658927702614776,-37.625694630758346
-37.90222084570097,0.48457119102180013,-39.70953786312543,1.1011279184639666,-37.467893051855185,0.1866906580200575,0.005761694176437681,-40.83322491711826
-36.16694483295088,0.563260921411878,-38.34287858123311,0.9550355354018759,-35.83178559892533,0.1843533995887912,0.0015769491035565577,-38.25760939678438
-35.44888888202844,0.49751918028333475,-37.44057155650474,0.9887351964952922,-34.91508537627227,0.14927023126809053,0.008490835806067734,-38.10930110127005
-35.49486044990224,0.6009439433052258,-37.75428610830461,1.0146157835597893,-35.302689041937924,0.09381512048798138,0.008338747517551686,-37.762938634119095
-38.03950266193599,0.7105676477478887,-40.52952370546802,0.9628469664647178,-39.14887036627099,0.20326137704516498,0.00020384620617354274,-40.4076034250394
-34.77725655780474,0.683697398434969,-36.69664659358749,1.4899778938848989,-34.011454713805406,0.08178402524771342,0.011405735415030201,-37.45497219594827
-33.490926495543164,0.4145351509200711,-34.499169953591185,0.9708835964501252,-32.380632787087265,0.11943003864372331,0.02027496856128862,-38.35383114942908
-31.930655461896578,0.39513364477799306,-33.05094152025987,0.960467074401106,-30.67428809475093,0.25854341099678646,0.01763845087626496,-36.078256426245225
-31.111902534291143,0.4255703566606208,-32.08243651269979,1.0458145705704247,-29.59880679959158,0.21943075397783895,0.022837296180845044,-35.635736170104714
-30.927652010167616,0.4059160916613213,-32.19700722076937,0.9990647371836022,-29.70115603292064,0.26772062394576,0.022704424196551765,-35.12038175677369
-33.98976241560832,0.4095032417017752,-35.87814148924379,0.9055569659225831,-34.36657595931885,0.1586442218315565,0.015990784971147465,-38.39279069564714
-30.257472409223,0.4256378434162974,-31.278054597616865,1.0518739196678102,-28.641028028882964,0.2834056960517738,0.03020018735601597,-35.31142979747887
-32.903899486945214,0.3474207121474215,-33.93039663741088,0.9919858657161056,-32.17966883150982,0.045048408737368824,0.012927282417096333,-37.04576937280594
-31.436176248165168,0.36456650238044047,-32.580572213097355,1.0368033746750283,-30.335428999207895,0.1883443260110162,0.012859775146064565,-35.032871491606244
-30.54767133166651,0.35720806505678593,-31.50872916566265,1.0638973454607,-29.242188911626396,0.14826549917248757,0.016960735273941197,-34.404171159627445
-30.266550728668797,0.3786685421928924,-31.561976388789468,1.059006628278942,-29.287788785849635,0.1580565441485523,0.016457599110226824,-33.76047968622667
-33.80649785887031,0.5903890764774319,-36.438411914797754,1.140174914878164,-34.92392501830048,0.27212817982088167,0.0015243011552514244,-37.04069746345736
-29.724754501096918,0.35911209278917033,-30.716179080216527,1.108452058280134,-28.24652196217874,0.2110826676277754,0.024764209543306073,-34.1596979094899
-35.042243135408754,0.3349451477524315,-36.45077672429386,0.8611543868616431,-34.82323516374741,0.1142672341558335,0.008628493893952333,-38.9553808073776
-33.63316501194238,0.344737126061788,-35.151427066283006,0.8478910323007072,-33.151489357146176,0.091691826210675,0.007982962084457087,-37.04901823992067
-32.72262373841645,0.33355535984562873,-34.050033883914516,0.8792059890489144,-31.96059123618548,0.10094778753443404,0.01124840132955424,-36.24132694948461
-32.28957306892838,0.3605164601180732,-34.02543185366993,0.8452163019435729,-31.966344577839074,0.11045676982639044,0.010520240201699928,-35.546692993763536
-35.25745126715678,0.34821784716410764,-37.06938550373589,0.7436567557973173,-35.97833420012029,0.2912390835560029,0.010700878935712069,-39.055133787154794
-31.980378378835262,0.3490715701610747,-33.33865883644865,0.9694848154969725,-31.019763131371406,0.13519525020446377,0.0221224907016247,-36.34226354055207
-33.48989658669514,0.3300098415696709,-34.715644194418964,0.7799663720846595,-33.03529256953214,0.013319350702606186,0.007813468271005963,-37.30401213644143
-31.60117242917549,0.41525190990038136,-32.34422121117873,0.7012790959248065,-31.039594671997666,0.3563171778293631,0.0035196990677840265,-34.76021972751936
-30.752864252810085,0.347049321758889,-32.26267737919402,0.7629216160935484,-30.181172723828652,0.19534285115424882,0.009150074742032083,-33.84952669010379
-33.35448486965467,0.327066979352622,-35.09890196492461,0.6100257225367345,-34.046684070220245,0.17448824154801518,0.004397525777975067,-36.72205346728583
-37.71577213677276,0.5055204898620628,-38.53806136198138,0.19559164687543348,-37.07627721632683,0.6542040816174272,0.009484263964892527,-40.23923604682006
-36.23197015401602,0.6815227151177086,-37.406522770456945,0.14089894373859885,-35.960413974217616,0.7346256176993047,0.002865878013730582,-37.488250543876
-34.67291943341607,0.48689813247961977,-35.56981448110005,0.16858730658968177,-33.480337090231025,0.9658815317362713,0.013125163475250935,-36.919737964438745
-34.52517134467719,0.7880409141717175,-35.932065947441274,0.15994682103517824,-34.350911977088366,0.7265562905285774,-0.011191247474262457,-33.10169543240255
-36.876117515622255,0.5751623811021667,-38.10211588119185,0.11789254778430173,-37.12712506202345,0.43102355996775293,0.0030387520856955206,-38.778667230395506
-37.379401220930205,0.4569324034472561,-37.84507500769179,0.36608753260483035,-35.47148414777669,0.9169117557428074,0.021088519794828654,-40.28119907753386
-33.09790993094374,0.27442408873620705,-32.673008816600884,0.17266722036770113,-30.81876886723543,1.00147186039372,0.027199348992019,-37.69301305107489
-31.761988747642697,0.17488155775225303,-31.651900343379744,0.13486387038268238,-29.98530434342905,0.8972090322514589,0.021082247251205423,-35.15473400975653
-30.35094931438465,0.18687150931319868,-29.91506348004789,0.12993223875643894,-27.769153978665983,1.06299178897713,0.027003426331234315,-34.30406396910774
-30.06917511541285,0.2439346544767776,-30.135525588575376,0.14571082896459153,-28.334301443708785,0.9219517910893036,0.007917484034544904,-30.974599973338407
-32.95292250563569,0.15351145727822496,-33.24874226499006,0.20868490326979258,-31.942210290574714,0.5740810743926986,0.016315974737473548,-36.51905416839481
-32.88292227065877,0.23812115170003867,-32.090763385696135,0.14778192108027818,-29.666557911705077,1.1606865507056139,0.037368259842668755,-37.78858324996984
-31.348670721394882,0.209302539169476,-31.012687711272463,0.16887358099813649,-29.384282929491555,0.8936439786638278,0.019947352659863728,-34.526020478963055
-29.771215784675142,0.2508630153387812,-29.20511310323552,0.1546804926767434,-27.167383521546746,1.0266043276034953,0.0270849238997359,-33.65481118864187
-29.48389750723775,0.2226051175813856,-29.442308620274765,0.18997747679462454,-27.631473841785123,0.9112379286107916,0.007743866989991739,-30.42754215042041
-32.54588182158595,0.13140563479979114,-32.95382215987411,0.32248434319371083,-31.87903938537618,0.6092402195870019,0.013026948544183932,-36.05276994651279
-32.50053982535302,0.30227703173335063,-31.554904567256074,0.17017291297999154,-29.13140819957291,1.130693503408762,0.035465351591844115,-37.13077042012938
-35.967932126272984,0.17605460445786048,-36.17168000625172,0.14823117274139885,-34.998871313839764,0.6869005389856158,0.015589331465717948,-39.4661670364596
-34.509384437594015,0.27477465854570055,-35.00169053070812,0.1873489101264544,-33.667952048711555,0.7490737557255915,0.01251239470169509,-37.083734219639155
-33.02554077339708,0.20046962554120107,-33.256722120124536,0.10495876491290879,-31.672999021954585,0.8551050747998725,0.01869303164541713,-36.092350722591775
-32.65987940816476,0.36809622139543186,-33.35990021204634,0.18544989115279087,-31.968761629158795,0.7593356943068689,0.00011330228278371113,-32.977352786061715
-35.16593791584235,0.1927516389344038,-35.75337303248359,0.2645614494122713,-34.948452400696006,0.4662789938447669,0.009499269773329811,-38.045598800583704
-35.5495045564633,0.14090113489831296,-35.437342119452794,0.12623855834339046,-33.38383785444881,0.9848339423151232,0.027258286536226927,-39.45653508756431
-35.10360592819016,0.1362359837030596,-35.07168552131832,0.14821434743860626,-33.792788105317,0.7059873519043381,0.01968618711496692,-38.987489820801144
-33.6241730310885,0.2070839117026207,-33.98290556370411,0.1897103988368411,-32.564517013655674,0.8033702846460365,0.01579354318650732,-36.62022140204362
-32.22564720542219,0.15899968325755892,-32.17725485394857,0.14215626191307768,-30.423154344433897,0.832821256531459,0.022387961162661944,-35.649857681878714
-31.809200398592306,0.28794533530870264,-32.34671215445932,0.2213807342053613,-30.942780460499623,0.8893704729315918,0.004594077268395914,-32.67678097682456
-34.45084716105018,0.16026859133128868,-34.79745416811565,0.23191347533457443,-33.85372234130691,0.47659878639667924,0.011694644361149451,-37.55352112547031
-34.748816234767176,0.17282051691742864,-34.34338394101905,0.1482988797365314,-31.938945428915225,1.145400062360331,0.030330926329279678,-38.877302674614995
-34.69484495842617,0.2142856953927874,-34.43666251460402,0.15105312330883724,-33.12199973522942,0.8053041090711419,0.024406933240225765,-39.13431990628817
-33.26577739773677,0.1806473974018964,-33.28908941595888,0.2090126557796415,-31.818524233806052,0.8424147350838478,0.02008848642472705,-36.77354754689012
-31.788423549895608,0.19537653125831733,-31.529631687300572,0.13683117662157307,-29.686848390721607,0.9104675510463447,0.02709767690273752,-35.76346169257744
-31.386426876533754,0.21576609840720185,-31.687688154922338,0.19267588817515452,-30.041532043720093,0.8578447624465935,0.009501255074559503,-32.87042542079856
-34.343210619889916,0.2324412113881394,-33.7701583391689,0.17190090232503996,-31.44741876488309,1.0616394454530542,0.03484156996452081,-39.079393984790116
-31.039423911021565,1.1127674348035583,-35.599492914536626,1.132288505022585,-33.82426978869788,2.1619650210771644,0.002814737069005521,-32.87043270130743
-34.93965146344688,0.30085619062991437,-37.02812845976643,0.8477651757900213,-34.693402337961984,0.2328028360441599,0.023698042829260364,-38.88799349308182
-24.193786445629364,0.5205591195376534,-26.386508680102573,0.4886938112488716,-26.049545271401392,0.153572773355778,0.011871800063540827,-28.26895189760603
-24.452975768417645,0.8930671867838866,-25.951710082227045,0.46430117993056796,-25.078812650049343,0.018068286923694568,0.025021722856893514,-29.61488620638599
-23.910759120519145,0.3716476801026476,-25.69857455275117,0.5064720746678107,-24.489588061941674,0.07373205984688891,0.022878682127054146,-28.165837552001825
-24.46270844634965,0.373483805800458,-27.020173518671214,0.5410158884038998,-26.15453611708495,0.1303526320379884,-0.018136229352973283,-23.409571753464054
-30.81817006937905,0.4341341716419681,-32.051542643251544,0.6262387755332776,-30.41709101049963,0.07301524670480503,0.03213033331426463,-36.430695256294506
-29.57122007423558,0.5106657225567028,-30.64408898588009,0.7101180642021188,-28.71925188129942,0.11948464689399045,0.035332381989549834,-35.11545458188551
-33.71388020580684,0.3473114310329392,-35.24796464429987,0.6828253363028501,-33.54923817662879,0.05867803088249828,-0.01005200881952449,-32.303099388678596
-33.816294569579625,0.42738958380687453,-35.14512942132068,0.648618416674291,-33.51411303022253,0.06228434505159,0.030727070503094808,-38.82828475094586
-36.78369012919211,0.5952781313062121,-37.563867362120085,0.7692717699910709,-35.37078017432911,0.1536409117298475,0.03859047743731677,-42.64262125421455
-34.222854146117356,0.4963543497128282,-35.53409281026978,0.6484780996432191,-33.679083321836615,0.17465632591060648,0.028732989058337443,-38.90223147499981
-59.987192196662996,0.6439457874920187,-60.23272459918588,0.6794893994886079,-57.73859392511423,0.43652422097201266,0.03173922853233155,-62.544122523679064
-35.348511371240896,0.5244707818818585,-37.22492034893554,1.0526456962693043,-34.753515303466656,0.21047606259669288,0.021442662121999516,-38.55742310490617
-34.56129283730994,0.5878264678957881,-36.60472241559289,1.0517628343189778,-34.36314899233869,0.056972577914625726,0.010170974873763438,-36.60844139574835
-24.879336121246723,0.3930461883505301,-27.067559511045665,0.6685001954464088,-25.477278186162216,0.059344167122670925,0.04864115391106944,-34.42223765252374
-24.904053876313515,0.38356764737461346,-26.984311778174213,0.698678693200329,-25.24203110717174,0.10403377726769895,-0.0015316975177520232,-24.867850494487346
-24.728586449484116,0.37910330539738774,-26.819410704689176,0.7045175524098146,-24.931974680786258,0.17278819037926282,-0.000479999321099549,-24.784829857652344
-40.07252867069357,0.45574804171710503,-42.60144457714167,0.6917388434236671,-41.21106023795443,0.051553980594735635,-0.009587941210197999,-39.70714384378622
-29.55099739228649,1.8881105401727392,-32.22002072590888,0.8358384375529562,-29.964727765899724,0.21521767836815697,-0.024645181938463358,-25.684766588601807
-33.05756709806198,0.8503489151121775,-33.360454975269946,0.8096892597919042,-31.261958565364168,0.19976994727401645,0.045452608533830416,-39.26417154280977
-32.27458244122001,0.6337932340519552,-32.55182550427556,0.9504084015246682,-30.219576604281418,0.1890878640647108,0.04095132513692257,-38.11387406731381
-30.92425835654373,0.3274914394808304,-32.28478812320064,0.9069902197149575,-30.08694043952248,0.16286427709341508,0.02682712435681738,-35.469577276214515
-30.827354448274452,0.3340765255605634,-32.324093109869466,0.8753785245927687,-30.178656008522026,0.16946445837286114,0.022176371545474954,-34.938590834598
-35.69832013035942,0.4008814789332036,-36.49082861477781,0.7901067265435159,-34.46916775919955,0.1486848977192866,0.025324004918719598,-40.35362207717307
-33.56468607650481,0.33520326815488005,-35.25885770685123,0.8124415242616576,-33.1317526564348,0.17689067232962416,0.025840688882158052,-38.12464908563916
-33.179978413356935,0.3316634352857925,-34.89279191696397,0.7955158151955132,-32.86293796465724,0.14916034649328277,0.022107360063769458,-37.48376404837112
-36.03702868059725,0.44214742215903496,-38.80021701096937,0.9771243890743632,-36.345588222292456,0.17958747270046363,0.012456389372405468,-39.44141610116223
-34.98208969419288,0.47877907897766503,-37.87354562433819,0.998487981625162,-35.251436039107446,0.24027867982642845,0.0169904661766753,-38.540790342448865
-34.02652379930056,0.42712421354420776,-36.65048170868566,0.9813090797250426,-33.9403969808571,0.29412436093029,0.019566489081453704,-37.53234246216047
-35.25033745526578,0.48811430143255824,-38.1348814328721,1.04092847071626,-35.3557435783777,0.250168062474991,0.016988475096745056,-38.462952658694725
-36.27709550569184,0.4716329005288357,-39.200773843516146,0.9066332540772427,-37.33113979038687,0.014803548461188561,0.006747037011089652,-39.24624190894928
-34.850409108812286,0.42876962400571544,-37.54848400159415,1.0189860996553142,-34.669649072778945,0.33963543360011916,0.02210091272404602,-38.673048706041726
-31.506303607427768,0.4173539759474016,-32.5577845329065,0.5076350880521348,-30.885326240355916,0.28998058170350893,0.032918621533413635,-37.36374574060011
-30.49136978773194,0.4064246984669166,-31.626122907936722,0.518644781576343,-29.816893549786943,0.3543393795830278,0.03474311955911381,-36.29661191693544
-29.447952180520897,0.43911088992160374,-30.42856435114631,0.5526102951682587,-28.405999604111855,0.40626557656166246,0.03759083719084921,-35.262479656063086
-30.381640305725167,0.4013958790202164,-31.560519738185114,0.5469132777392365,-29.65580598658528,0.36488839837333564,0.033533470906568746,-35.742734669155354
-32.20841199126203,0.3456634301833024,-34.00976163271338,0.6011346305467817,-32.67971272520278,0.05122391753410771,0.018989401324808444,-37.00124932290718
-30.290873759899455,0.45352266581173534,-31.260320110417346,0.5665548057988704,-29.120913426541723,0.45062625136549156,0.03954328594814331,-36.31834289968074
-31.2307745814633,0.3188814172674505,-32.463021751912336,0.5578328800012855,-30.808455575611745,0.19169373860657,0.026607559859916564,-36.30460114280803
-29.598981775235224,0.3251299446220532,-30.93382039969741,0.5602535059556479,-29.16335240237134,0.26239296902719517,0.02860889047089909,-34.82920548966772
-28.298606781833087,0.32433789294583537,-29.44860066799164,0.6149830380017833,-27.448376036681353,0.2938353955897861,0.02990639804348983,-33.286329502653054
-28.865187903217596,0.3070028811791528,-30.23922486441689,0.5916898689412873,-28.313962100962364,0.2971449767187778,0.025112086259874107,-33.32261867865124
-30.327439013877566,0.32067144231353484,-32.84027963930039,0.7359393872316666,-31.381868876584594,0.05270329538722385,0.009912425314323067,-34.283673761824616
-28.47475553814893,0.32664875757057454,-29.773570896232133,0.5677313040151282,-28.27813281070867,0.09088350973625133,0.02478404505818079,-33.31421248422937
-33.127358271426075,0.27629941500542565,-34.487867672503256,0.5430809209813149,-33.215249147583044,0.0499574816141243,0.019685476455678756,-37.57321451837588
-28.96898715263715,0.2832130073723447,-31.02997037254545,0.6937075710801348,-29.27562437985795,0.2381999738084886,0.029372747153047288,-35.033263448557854
-27.073246641003188,0.33272850349051497,-29.45301128678398,0.6652955310058506,-28.0686793367221,0.14178368157246432,0.014803748982165044,-30.80320406353833
-25.84403038479236,0.5514687632040095,-28.980861578883882,0.7415271733720682,-27.752902778348496,0.1344846143852359,-0.012513972594424333,-25.061609256268625
-26.0390598044385,0.6187272974488105,-29.26380846882609,0.6523695042117883,-28.657809015004446,0.1279550041737374,-0.034324615204274135,-23.21703619893307
-25.61306626671908,0.568796462977024,-28.774964473923855,0.7276673815301583,-27.52968410305436,0.11169793210874804,-0.01813760473176272,-23.954201176375683
-24.16875531680973,0.47031144595732666,-27.136744461872233,0.667607636753185,-26.494369083604507,0.061880873762250675,-0.02834447226893797,-22.042873062612536
-23.986679368010613,0.46545132764458375,-26.9089300908854,0.6309959564690165,-26.03383086976355,0.09534214192935832,-0.020672110959021817,-22.412345849981875
-23.775694588601635,0.41979446905019085,-26.49737731007343,0.6351994384769085,-25.36732724476206,0.18846667463939176,-0.016054055748139087,-22.46298972336411
-24.11445096334388,0.4257397706739958,-26.870224938701547,0.6459489652733231,-25.695977407026703,0.17935767164860927,-0.014413845452447841,-22.884729689829772
-24.41874595567717,0.4867866017432821,-27.30326125248363,0.5794960949733832,-26.748638567697117,0.10379002655684157,-0.029950209587393205,-22.0701965258604
-23.8177686659428,0.4320103772414512,-26.560609580843312,0.6500904097951252,-25.46155030833944,0.14454313327260962,-0.013537911642195536,-22.667711974215987
-35.85222685489563,0.4626890963788913,-38.31026274022353,0.9367212383163509,-35.80738885260901,0.12140577367780808,0.016667789987649985,-39.58659589608488
-34.465278726231006,0.6302503908299557,-37.434304020489975,0.9142834145485893,-35.13594421358276,0.06549405076896544,0.0022736456057158862,-36.20654335834962
-33.09434814325232,0.5139504943130423,-35.630442420407974,0.9593881590482628,-32.947651669453194,0.19219074832172633,0.018186662543524235,-36.44077438994943
-33.70373150277631,0.6171748660035111,-36.52313120493181,0.9605585371829746,-33.92795137528621,0.14997670394089738,0.0074034124522466375,-35.67993449170025
-35.31525618774818,0.5728930205731285,-38.20547255073525,0.8607935945717363,-36.36117100013034,0.1064306738303432,0.0017077693443705215,-37.5451043405201
-33.68249756395758,0.4960346134886111,-36.11642779758024,1.0154155415747796,-33.18675881991034,0.2482617821702472,0.024491421772736367,-37.60040460200788
-32.20254897657544,0.47171391871923496,-33.40942217358047,0.6452348545568193,-31.46612739136937,0.2565093966239626,0.034465096881626654,-38.18110243501517
-30.8583498832833,0.3800956426346693,-32.53024967735972,0.6125011681327669,-30.83509052034747,0.23586001406386917,0.021171072881951587,-35.03317271168766
-29.37563260528047,0.4546147151990569,-30.745868739003456,0.6600485249940329,-28.70383566640779,0.3066588088578888,0.034226055226678945,-34.925856233876374
-29.889561681813404,0.41098982132887085,-31.518899583929592,0.6726915058609478,-29.4822928292971,0.30766518881502264,0.024910671377455975,-34.194467263307196
-32.067253874407456,0.3972956747657666,-34.01911282109744,0.7571924917394364,-32.42320344932337,0.16642989797252442,0.016059763992881875,-36.271151731921755
-29.89037691469034,0.4914219508098467,-31.084682512520324,0.6818261588328904,-28.77756927704033,0.39597220380234904,0.0398678299362632,-35.92233039670995
-31.948470969145212,0.29847485630303916,-33.33005214783394,0.6952116488568403,-31.362451205801374,0.16344484722172406,0.024920092889424875,-36.69495328708888
-30.634980448686278,0.31713955092055385,-32.48456767431729,0.6490396955096324,-30.612309885788843,0.2002646518052228,0.011413497994354411,-33.691278722444565
-29.122869325402924,0.32178899042466436,-30.76660504145532,0.74630255544612,-28.65773070975046,0.18889694436946255,0.024796117502078288,-33.5099544813351
-29.727434766665645,0.3365347680414415,-31.545093383576596,0.732484242532877,-29.460495731611072,0.19717055677653755,0.017166872610814614,-33.010002383133475
-32.06192066186106,0.392770282849593,-34.7361250855099,0.7682506443022656,-33.01749407017166,0.008512367043550196,0.006626361763091086,-35.25447597053136
-29.664493781012062,0.32778099913712166,-31.113501907468613,0.7901740722374402,-28.703041162812283,0.28826170454485406,0.03222397516584401,-34.704072418746655
-34.02062863367123,0.31800196085361565,-35.80781969116131,0.7241900341886999,-33.889476316951345,0.17325993532988243,0.025328127284220632,-39.123466419977696
-32.689877228512266,0.3118895854852294,-34.925832457079984,0.7577096777490291,-33.25408219553978,0.15646903739508722,0.015709992480656534,-36.585904136490505
-31.147946779548924,0.3134995431032763,-33.011423917142125,0.7464221302740853,-30.92839511780402,0.26255795133344373,0.025423854029770016,-35.81674446940634
-31.78799243157797,0.3192036851437939,-33.918672132613196,0.7590671052524602,-31.89248124994294,0.200603104079592,0.017797837982709654,-35.46193116917273
-33.64837597834453,0.3060677935698658,-35.802248096707174,0.6684691752593093,-34.53172933637536,0.06767249856631662,0.012533572824000883,-37.50670306845625
-31.76520195206205,0.33654375541959913,-33.575679214144266,0.7798036734669139,-31.256953610344013,0.28896809581981436,0.03217646296900542,-37.121187743589346
-32.17639314219059,0.3528085268798711,-33.74528983088604,0.7041554788418317,-31.846167968228198,0.18351675437006165,0.027123397576279195,-37.36436386087197
-31.086986136049653,0.3185142997665977,-33.07891030540735,0.6823273739380168,-31.291336531079388,0.18851942641319916,0.01467565494689141,-34.76100312892504
-29.369167453081847,0.33754313177008555,-31.127622219915764,0.7271896197336958,-28.975469753317768,0.2610424364297199,0.02447554220382095,-33.895020724261485
-30.06336096730034,0.3237701671978809,-32.015880017905765,0.7245052256325604,-29.987073635544306,0.21474311177709846,0.019652174524666274,-33.82188011138833
-32.00184155995494,0.31098269364951026,-33.96981167904233,0.6473408241688833,-32.58764219219852,0.02804567222873997,0.011076756806714412,-35.63413637874265
-29.98397703470647,0.352763534557034,-31.609645689930456,0.7527117989746656,-29.320245677519036,0.28800150400659646,0.033478403402801046,-35.307450171849645
-34.80599272103548,0.7148332891680163,-37.761038853281285,0.6595510431024775,-36.95334611102071,0.3620211355255027,-0.004275531242654486,-37.82123749586745
-35.86498656176349,0.4928046844308462,-37.690121483648625,0.5371177986891944,-36.515319569415404,0.5016554397736885,0.011935223246703175,-39.70607818629066
-35.856933063042256,0.3523442107741125,-38.53083670150462,0.6178308911126432,-37.43457809688858,0.5034820076951761,-0.02576069090338932,-33.95984958310796
-36.989551290466835,0.4502419490905615,-38.58437945581559,0.5567546225015526,-37.300897269295604,0.46180732646129796,0.013934871055451258,-41.237700211534396
-36.120975641046876,0.39131594947003373,-38.5313157678718,0.6250043006661601,-37.42777307242456,0.47315967527183506,-0.002698495418105208,-38.18172204666859
-33.47191807138036,0.893675900149047,-34.79245795327404,0.7671922225866231,-33.922480172266354,0.6354020699566602,0.021435875566041047,-38.753112945426565
-33.68012137391191,0.772497488389574,-35.16625656715722,0.7715720596381515,-34.008089760889625,0.7761339807426604,0.0023733093927255445,-34.988317928966495
-33.602054836743775,0.89137581506246,-34.77101122097611,0.7516215242733758,-33.831633891883136,0.6352118607188241,0.018445156464137066,-38.19212607328914
-33.09111998104089,0.7730643038681737,-34.533420543937446,0.655746894839741,-33.621847964018926,0.49486200321398677,0.016073025224441893,-37.72045101531389
-33.28107811492499,0.9320403161499436,-34.023477073495826,0.4647461250914303,-32.71096674372966,0.6680553976200566,0.030989073769864685,-39.11478720627512
-33.22936064965063,0.6868751104145375,-34.802434475555195,0.6751932259811191,-33.73681501921914,0.6619254442973608,-0.001931099941359135,-34.18701654685064
-34.962160377403734,0.844527949806609,-36.49336038701947,0.7279845225601218,-35.37515090180189,0.6661414544753312,0.018514361024677704,-40.12747320138678
-33.19579130474615,0.7295190319209469,-34.75126434286028,0.710230340525203,-33.86622617709019,0.5875230742014891,0.0127679010141586,-37.151058418479764
-36.62371287673518,0.6161157513570068,-38.59138633707503,0.7775239636001632,-37.73818610383027,0.498854224982243,0.011146543474465793,-40.82019893770418
-36.75760596626847,0.5602409881479112,-38.53420551589403,0.7759992044823804,-37.70794031765829,0.537507922199151,-0.0042416557065655,-37.63829808731443
-36.71207290103159,0.5734555706787676,-38.79233622155493,0.8568265703085265,-38.01394909176287,0.49830199887544585,0.007370221394301373,-40.17778669603954
-34.96076418376248,0.8010891848836057,-36.704090252831364,0.9217041686776271,-36.231220649245714,0.5698890583937875,0.011749784362380698,-39.37087218117338
-34.954617618551026,0.9184660114752031,-36.16952435466166,0.7090000299729717,-35.073636534661475,0.6358127031706342,0.02648228943864324,-40.53392947055021
-35.46699769133306,0.6385889270642228,-37.21822286226012,0.7720077646988333,-36.37221559306194,0.5934927952131,-0.0017538880856625934,-36.89653990130198
-36.94016427934034,0.8763911629214748,-38.154662560904775,0.6673017644614425,-37.307921400426714,0.4759874509217512,0.01801685504257679,-42.06444615143875
-37.42014064460107,0.4419362686976137,-40.367354564986954,1.127293774893198,-40.36249604502285,0.44659305024116097,-0.008526022470104803,-39.734914194465084
-34.907220359997,0.4288713484423872,-37.18250725859903,0.5335213976401832,-35.94430833409181,0.12603318089392967,-0.018255171450172043,-34.51011214046241
-29.794918993559488,0.7128389008051786,-32.77049942912041,0.5475028032691736,-31.864691091782102,0.028436174426316574,-0.033571674916268064,-27.22769993649828
-51.739702767613686,0.792137988668536,-55.22542510584182,0.5895890986980494,-55.49385030393206,0.48912067221231825,-0.039425233991517365,-47.92538600449879
-35.26859992024022,0.2848224809962026,-37.06687733190163,0.6311187864387507,-35.25202298605133,0.17541217118118316,0.003186608133822642,-37.12678396676278
-37.36312638373009,0.20365930317142567,-38.77133299315162,0.650398938596708,-36.569256709419456,0.33975025227410366,0.016244266534035497,-40.32620210782776
-32.609188297387526,0.4070991775193776,-33.040349979681935,0.6276347366678482,-31.16206079204972,0.20701283764033507,0.020906927387217486,-36.699673236269035
-26.971070338389858,0.34023011279708715,-29.351458653255264,0.5972279904670799,-27.855137700938094,0.11266693403503386,-0.018436638779550638,-26.28512447953448
-49.21021326129114,0.2756106991661652,-51.22659277926714,0.4466324605843983,-50.86643631405861,0.3072142611694131,-0.012650296958698093,-48.60693200177875
-32.273352897398716,0.5137835956560288,-32.31109294446143,0.7069406808332906,-30.01083974363116,0.34864776098011174,0.035486750041185885,-37.796246196659666
-33.70420475206785,0.24911226740488474,-35.0292256812497,0.626129201347516,-33.27185233656832,0.12879092908294426,0.01445121133315004,-37.24100548761823
-26.931416140179945,0.3989785339016403,-29.261517358623735,0.5167416715926617,-28.302228493002254,0.06571285901869946,-0.028276535645116042,-24.815801594010306
-49.9807864770635,0.40253209840289084,-52.577331425211035,0.5388653941012619,-52.49990285839855,0.40446190008611416,-0.018799499750018125,-48.78137456161034
-33.15594329744782,0.312746127903653,-34.04843906007326,0.6683676624029821,-31.964847798058035,0.23135325392060604,0.027411422068858417,-37.96605370444143
-35.00732553011427,0.3706393417055043,-35.56035360189213,0.7486647197188011,-33.05918472377207,0.3477198897470076,0.03684056892261851,-40.53498445453727
-39.99595237152896,0.6548650342024492,-42.64521860359722,0.9915858217620459,-39.939326378572055,0.21512269152583163,0.00651664595188025,-42.55749328935035
-37.59838706940294,0.5789910663909199,-39.92587891813387,1.0880358117788944,-36.77114815538531,0.35693818587887194,0.010611310609977685,-40.07738075483818
-37.7359613046716,0.7011680716519723,-40.52713223867423,1.0348947576022305,-37.647355503968726,0.27007484740773097,0.007769065154437572,-40.17389535134822
-36.5868801941502,0.6914715846549436,-39.24690656172682,1.0668925763055215,-36.386804049634385,0.2207310152655548,0.00672460605038997,-38.75143315053334
-34.246788108139484,0.4740157714491663,-36.03084815030826,0.7520934057303341,-33.98658268361289,0.3135098866913602,0.02063218975205008,-39.20662843992522
-31.828355442182662,0.5079628580472014,-33.335744889714306,0.7796308080953791,-30.809279637199896,0.42142850764235096,0.025233911576169856,-36.84759587025974
-31.85836444738282,0.5417358432513854,-33.87737451426371,0.7768761520849715,-31.78787162924965,0.3542410648780629,0.023608293582590235,-36.93725854599624
-33.890822119289346,0.37880492668762195,-36.67261881682257,0.9459560263884544,-34.456288263848165,0.025874364463056045,0.005790439692448722,-37.5600450960355
-28.990469107572824,1.0183191480893818,-30.34474746947276,0.793619541449056,-27.72043295382631,0.6089398617815279,0.04617604378367098,-36.07540423208045
-24.961761888219428,0.3849522755102701,-28.242346033362303,0.8897700384308836,-27.592121799635297,0.3234330678728331,-0.02937899627566391,-24.177588041010225
-30.564811453297494,0.4431880394755174,-32.46532334595544,0.9029009879029527,-29.935941644879723,0.2610894403277925,0.010601641512382812,-32.55909776932515
-26.034183247164908,0.6188128849339812,-31.584114336634293,1.3883062719492898,-31.233725434523322,0.07028758570726604,-0.04584036594113465,-24.98804465080407
-32.95015614010288,1.0057796801732104,-35.94785023871634,0.7610051546584724,-33.88331291193712,0.11319095061324434,0.0024475886351041274,-35.9542812759778
-26.314896991250496,0.6829261038098392,-29.919438263756753,0.7448995335374305,-28.324072620402788,0.04620980064129266,-0.01788043946235805,-25.927861677099212
-31.85795254094759,0.39706674198296604,-34.54367773165369,0.7868877049134678,-32.273755173136465,0.2650366175572644,0.009161892094667933,-35.36474233687762
-26.41577413774395,0.6287676972210929,-30.03922212907066,0.739355255801756,-28.619197920164964,0.03567371986210241,-0.029369818000158823,-24.20569779779154
-28.245917985383606,0.5832922387532979,-31.97685708843769,0.7791312556323231,-30.971900674575163,0.1857870949238321,-0.02708280497189937,-27.6333325527728
-35.34399172800635,0.3770695111856886,-38.04045560485719,0.7042697675274769,-36.70173098148223,0.10785646566148925,0.0004177615314501216,-38.511909424447445
-30.440001115231986,0.5719958745637664,-33.786554124156,0.5873718777397392,-32.22504521532005,0.3463856465781249,0.007741009305339912,-34.39465160592549
-33.50934796472326,0.34871497362789744,-36.06042434003645,0.7909892493256718,-34.10754129788199,0.1445937029166873,0.011249820476271162,-37.65510336924276
-31.72206094137892,0.3602935807882074,-33.84940483347849,0.808110023251583,-31.308317538386,0.3673156680517814,0.014153505587627893,-35.37051434737807
-32.119561299259374,0.37567460696008553,-34.65987733196377,0.8266488579684645,-32.43040324848987,0.21163258702501508,0.010351415850230285,-35.56254053490271
-34.323357196822634,0.3273195554523965,-36.76764136861105,0.6783127273869449,-35.60859195439588,0.14087353839082006,0.002179456973704519,-37.73083212669966
-31.58979667842877,0.34634020760635476,-33.855422823819424,0.8126514470214784,-31.532531507518584,0.25847182980018807,0.016274487878540307,-35.61308810393049
-32.60544872502131,1.6862894234147763,-34.96344905032631,2.3206988359218736,-33.535930953507176,0.5191496304585433,-0.04739943159911896,-26.568845670874936
-32.432581392305366,1.664405606614414,-34.72346966512263,2.3493468589581887,-33.09449104762949,0.4597622225959514,-0.042297685444970756,-26.72139380072331
-33.46450052379533,1.7001983203295434,-36.11307973335089,1.9660452551044303,-35.2001320891946,0.6210378364131632,-0.059236823168496065,-26.496250258958934
-31.118140517793123,1.4334542494149247,-29.73010755844078,1.4920587651456139,-29.31460413807723,0.7957432782375949,0.023591750253166982,-35.52113064486313
-28.20887731469754,0.7694053407159346,-29.36237694498557,1.6022188055842166,-28.58846732248489,0.7212939042680209,-0.02861445263986506,-24.987888055019052
-27.789321470530382,0.9608498180786339,-29.41894003766499,1.4015144043773635,-29.37264041667198,0.8769343067596325,-0.04471196977221572,-23.60126766459878
-30.97900908287869,0.6169950066874378,-31.6802171051719,1.584400047089559,-30.99460638730394,0.7383877449729502,-0.003521036471209099,-32.46139142085427
-30.847799923224116,0.9540198337161251,-31.49461425776777,1.5779367446812815,-30.239414141431208,0.4380303801022673,-0.003879648653007491,-31.148730149044468
-34.80800382971266,0.9262906407268741,-36.13671321624136,1.9473204511815803,-35.223446357420045,0.6616887182105279,-0.01442082946556719,-34.92003682451962
-36.175864913589905,1.1750297407546326,-37.77657480810555,2.021211351269076,-36.5240654816853,0.5608385184378166,-0.013435177756300118,-36.208268639977256
-33.43623730230649,1.9619647234225335,-35.42358432388028,1.0328551044237217,-35.41391137959279,0.35603576964713546,-0.012513765282384697,-34.57498065188433
-37.63361542725613,1.3221145160130574,-39.64580974844769,1.6524477677144498,-39.11047860128552,0.7288995945106884,-0.027675451700169322,-36.14539002801469
-35.42351741382692,1.1181441223910245,-36.89143291235942,2.0499159423547404,-35.45966609410434,0.5092435346544358,-0.00763128997689876,-35.88475876354327
-36.41040225230786,1.0817216147754363,-38.13208990171317,1.9570654319762861,-37.11505510567322,0.6207928097000904,-0.01609718637970158,-36.45621085467819
-37.29362745766789,1.151634639267445,-39.40197265626186,1.521868069834168,-39.01481316990959,0.7167582780397457,-0.029371232185496306,-35.60270212347845
-33.81832049997151,1.1234325478544867,-35.75705683450545,1.7786465107640403,-34.51560652321186,0.5255370509974052,-0.006528470023312063,-34.98837844300552
-37.98561142762059,1.1752533211956935,-40.216016446141666,2.3345017460011275,-36.722544153596765,0.2585247380852785,0.0034547777279389084,-38.67180788019567
-37.46648778113625,1.3046216077514006,-40.12120795892969,2.3094621813170346,-36.86816325848205,0.15890337534657473,0.0010009195723940096,-38.01533794004768
-40.209882495487655,1.2815921893336226,-43.17758949907733,1.9589181281782027,-40.7800151170143,0.08632658005601726,-0.01495848279926879,-39.80444915934851
-37.88248185169312,1.0625309636318334,-39.576079794380796,2.588886471644357,-35.43197100576841,0.4054203497393894,0.025906705892391427,-40.56719392112564
-55.32165196091121,0.7311223258533537,-59.64121158372416,0.5279190231266543,-62.21847059671187,1.679220733064003,-0.005539399363881481,-55.52411271065107
-30.775975461660245,0.36061672592624083,-32.26822952462686,1.0436554910127427,-29.604257055587762,0.2652524772175968,0.020091231707181807,-34.530557471203736
-30.05659570336489,0.42192366412926124,-32.06208875023519,0.983262069232528,-29.640884231638903,0.2099307973785444,0.01624245435894735,-33.69323546914826
-33.662490256445736,0.5752023701065008,-36.55639468986583,1.0711426322249702,-34.69724251724651,0.039637631639269644,-0.006140787778699768,-35.619600184676834
-30.3544168677034,0.5147658122688118,-31.395740248988865,1.2087634500835254,-28.123221574795455,0.45655767615323584,0.04066191559294375,-36.11204409793936
-54.084833542383485,0.9714258394485611,-57.33512745737417,0.49596925333671343,-59.897892136959406,1.6197731300786031,-0.009881824149441821,-52.886946041705855
-30.45487619433586,0.24248272619846856,-30.298524679811685,1.1890049164951197,-27.84937584625078,0.34109712819308774,0.028362097931495914,-34.10868867013767
-29.46075123121758,0.31118362531982696,-29.895120874880966,1.1150332197522879,-27.689278663199467,0.2535723876881374,0.022600086305912846,-32.70200848937503
-33.09483470288519,0.6359926762499679,-34.6259400376113,1.3226863220183387,-32.79070306293501,0.028802621989002165,-0.0021828152821453035,-34.33423022818933
-29.311745895113567,0.29060970548798626,-29.037569198019803,1.363058628259244,-25.876240416280524,0.5051283280841045,0.04530678135302283,-34.55046445954192
-59.93216425009481,1.2469722519952073,-64.93600293315518,0.7468482719502892,-66.9078484181549,1.6409887935705034,-0.015020512842467844,-58.856371941362184
-35.41169238745653,0.6551995771192142,-37.74033826265308,1.5206261071437654,-34.87936461257817,0.16679677307370072,0.011506559557565292,-38.14868850678527
-34.8792806789526,0.7811770017059038,-37.61724154363914,1.4743836166929647,-34.92961506557856,0.1378706186718568,0.006627120492952859,-37.23183794553731
-37.79856500196253,0.8038319862747009,-40.79143307957021,1.279997780459911,-38.92144185152618,0.12274918572683215,-0.010326071691400597,-38.942960625151876
-35.18835050243715,0.561954545341847,-36.97116188867519,1.7109596071961874,-33.42648908473317,0.3693409394872415,0.032280867956088,-39.71260733738982
-57.9588861356967,1.2211569564491647,-62.89382815530184,0.7010752521155899,-65.50185877976573,1.9610902281493994,-0.01626506174831751,-57.055706439837785
-33.496828773545865,0.6106618153468448,-35.77500242433251,1.4033502987428452,-33.01450230806138,0.1726712749733512,0.010798736231762422,-36.32398266397954
-32.96700600492774,0.70831347073992,-35.617341965094695,1.3370780185507027,-33.1392490991725,0.0843489056798189,0.006953117793676987,-35.518318411873224
-35.980986998673124,0.7604834283132422,-38.87875877171515,1.1462178072033946,-37.28097450727378,0.19293481661242842,-0.010815549121710337,-37.211421974841855
-33.38357773869886,0.5301307446889775,-35.07162104498839,1.6058451834165945,-31.644188794279255,0.364884371037587,0.031512040720264284,-37.97752247636318
-40.473825349413914,1.0658037938638039,-43.306770188944405,1.3242326739655883,-40.31890598715567,0.15085666661775712,-0.008081956799421856,-41.03228252642615
-38.84427740481034,1.0738799577393021,-41.67698122560164,1.2435211794425611,-38.46882688515128,0.3301541069487942,-0.00969458804800298,-38.80118715407306
-37.51396211785277,1.080395621523929,-40.37123098798863,1.2628083423403165,-37.14186905938248,0.3103935516305551,-0.007295581502816448,-37.546801387125605
-37.75590832703001,1.1146891439424336,-40.6893679217274,1.2575552916580435,-37.53018735390104,0.3320593631069145,-0.007242855650084663,-37.73123221998801
-40.27936301682492,1.4584389721192166,-44.29056173213167,0.8381930444576582,-42.739897055242814,0.10010228963236167,-0.039195440457084785,-37.61959395230106
-37.166454906369296,1.0221173720062635,-39.69840217850381,1.325932072175948,-36.36304029078654,0.3795982651424699,0.00047472848554130264,-37.90607725848935
-34.22830779075233,0.2869336485468311,-35.449104866431625,0.5426780707260962,-33.87831731744213,0.22616565936860286,0.008431845891299175,-37.51000966319786
-32.55211458121357,0.29791162905705165,-33.77051321151075,0.5997325652302956,-31.934668395215898,0.31675769854510527,0.007809331065899454,-35.44381221207516
-31.23375796537108,0.301814253441427,-32.49261326330034,0.5630895150197658,-30.75737151922088,0.2939218574607964,0.01175838183107779,-34.32546958674959
-31.568738705468252,0.34865285677798935,-33.00951663003161,0.6410821176533754,-31.10726934798108,0.3121104645570361,0.009795771171087216,-34.37328016771312
-34.85410881484094,0.8307846689201392,-37.98486908785411,0.48595281417014524,-37.38045167956745,0.16747203592493537,-0.026567758150436296,-34.58429611386553
-30.967820728378232,0.2764770835948609,-32.03260807598758,0.6577401910101621,-29.949716232952518,0.38191390547525594,0.018175954641029193,-34.63508194772593
-34.63178156935495,0.5289340147943359,-35.968717118520026,0.6885298599637358,-34.67514477634207,0.0005483670294848527,-0.0003243341694999647,-37.08839251105388
-33.007958101993985,0.4274639954619862,-34.08063024915419,0.6990976640972929,-32.54727280394233,0.11422150753090975,0.004959781616000897,-35.19546209318586
-31.27593318533271,0.4153264379876326,-32.62436637223308,0.7125160663674777,-30.958358382445844,0.15476066838215746,0.005735086207764179,-33.63944024401801
-31.524866366208492,0.4371021762735066,-32.968708474195566,0.7145505324013363,-31.12948737601083,0.24573354941984082,0.004596242436591972,-33.72799894185448
-35.42333157615079,0.9731615722671976,-38.59554426275066,0.5169936717931158,-37.85033084649305,0.09008610825692506,-0.051037989906510844,-30.985266090611827
-30.90025991180437,0.3456468413392675,-31.997073368920777,0.7175649500223583,-29.995842829796032,0.32498468427519467,0.012924982929806542,-33.892310993959356
-35.72261103106915,0.6962359485232628,-38.03723796084945,0.8177686057098311,-36.224847272328674,0.032337967001341575,-0.004057593689496269,-37.41017610866164
-34.189120753933594,0.7315184436467557,-36.524946446202264,0.8665839658965905,-34.39659492496078,0.15184460022853694,-0.0036364077557894474,-35.543755250719705
-32.87397250868955,0.747365036260062,-35.26579708003745,0.8629205640409494,-33.17024598576724,0.14305418446105098,-0.0025341806163707583,-34.20355382148793
-33.14533759783351,0.7835942881279505,-35.57154892549913,0.8700157154063144,-33.50912312711264,0.13127462886831212,-0.002006385895357816,-34.456636272420404
-37.08919380576451,1.084120193529322,-40.37554571480979,0.5381544682840541,-39.51588970167888,0.1136130109873666,-0.047605205003435014,-33.21300012877106
-32.59676079134067,0.6789346502756483,-34.72484139459285,0.9250121471023708,-32.38694923980357,0.21532555347506838,0.0062178516795441405,-34.65172480766766
-36.52129198365431,0.6552535093982831,-38.71880957212049,0.7904800070666197,-36.96556602578275,0.02652614835625767,-0.002454526090041153,-38.41494696397149
-34.94184316865228,0.6770443382418082,-37.143203559686086,0.8445073554809928,-35.13242961055387,0.11491775231174617,-0.002583437411479789,-36.50621970478986
-33.622412143508015,0.7021077760955611,-35.892643100528275,0.8439060121209698,-33.86077963969819,0.11970293823106101,-0.0014614465911114345,-35.155929544015876
-33.852313009841595,0.7345489367214871,-36.2401994934508,0.8317502357392499,-34.23971857931642,0.11175957797166865,-0.0011083721669875432,-35.38932089146175
-38.71925531293042,1.1698170424450791,-42.14060508820634,0.6387303738090475,-41.32902978786619,0.22435866406266294,-0.04468545927423367,-35.40412958040713
-33.30507763454894,0.6359864529893589,-35.353312622395975,0.8864143811501184,-33.10852674965269,0.19065352839394042,0.006907696821028917,-35.54086326233797
-35.75923574390029,0.5466311608672663,-37.71569232664925,0.7109549183888434,-35.971932481560046,0.12457887542895192,0.00021836213033715485,-38.062551437043865
-34.226381353227794,0.5918121533767065,-36.23147418329239,0.7976127771598874,-34.32390144741773,0.12399665633395565,0.00034750304773566463,-36.23167787027358
-32.89804711926714,0.6146034907296308,-34.91827751301194,0.7862619041098653,-33.02147976306797,0.12705536938965262,0.0011807534652772409,-34.83183887799859
-33.14519498779281,0.6466324537363541,-35.29929303018088,0.7977376413667406,-33.38345276604516,0.1320989427565056,0.001863556461785052,-35.12258033084758
-38.39247332575534,1.0321229828571337,-41.48535002731624,0.539213246592477,-40.945308201740175,0.2574311154527114,-0.04050304102127597,-35.72767242741986
-32.632394192595655,0.552236958448769,-34.381203286964,0.8617627093791425,-32.111026110077916,0.26994828355379874,0.008764220950822897,-35.16395207938078
-39.82466547026161,0.8793527002340215,-42.26384293645215,1.237356653027906,-39.73622103701075,0.09064515055309784,-0.0026396139486417475,-41.234811005186636
-36.7161482302691,0.8390443826886103,-38.94978607148692,1.4065592835293041,-35.82466872704594,0.09663185399493167,0.010322557759966352,-38.79364031024319
-37.627340867004264,0.9412885420681166,-40.19208287098509,1.3769990118162292,-37.137927104651624,0.06979036517431123,0.004855870075523046,-39.04044588689133
-40.3536915689437,0.8665826347138447,-42.95870369396182,1.0162925462177665,-40.919118194712716,0.11686425235931377,-0.009941578240964343,-40.870609476551586
-36.279282476894416,0.8017763730196898,-38.36174681559928,1.4453639603963762,-34.965321858335756,0.1907765364517665,0.017111105732745317,-38.713055453518535
-34.81588352316335,0.2833905568446157,-36.10057687022126,0.7822594230452015,-34.3152813889474,0.08239585998973299,0.020380214079886768,-39.4324638139751
-31.525053846293606,0.3268090170999391,-32.60914096559446,0.8762357973050754,-30.16807764986578,0.1346228440270319,0.032771264376891075,-36.8525460306841
-32.447931723183615,0.2959557852405843,-33.80571710584509,0.8551191593023284,-31.458285253097756,0.12330288099059132,0.02700502839535758,-37.07992250989618
-36.101446135800416,0.37989131869407755,-38.45558161099487,0.8581873506972181,-36.72675717310675,0.18542745604391284,0.0029782088452398486,-39.09246790157593
-31.082632657044044,0.3421870296387826,-31.997730171698077,0.8817777049723001,-29.395953518002305,0.21170547862795863,0.03939264376220986,-36.757173327517535
-33.598581663766964,0.2645375747950836,-34.80571820516832,0.757879792523743,-33.11438283262615,0.10142352087934325,0.01666196640145001,-37.725502537411764
-30.284812934818408,0.2675656386163759,-31.2753954716395,0.8776998872928214,-28.94720578589646,0.09084205248135233,0.028678737481435634,-35.08477929098806
-31.19941887394053,0.2736988262275782,-32.43480533591911,0.8513444176623426,-30.163148676441125,0.09147595272125651,0.024953241844185375,-35.49901713525843
-35.0758800398554,0.5164182542053724,-37.719873651214165,0.8870679492322867,-36.064031392569674,0.23012975079713807,-0.0034496769290696086,-37.47737776678543
-29.839127526465383,0.26625585094886056,-30.65063181889374,0.9109241667363417,-28.03156738687357,0.2108906712865091,0.037131012301265004,-35.14377316365212
-35.58469843020043,0.36357743015835087,-37.454412222184004,0.8690954278213439,-35.505848775093924,0.11410202086191476,0.010938278901331602,-39.11494445043696
-32.332957717113615,0.3464786268798933,-34.02505347364857,0.968006839563734,-31.55235348475924,0.046746968723328855,0.023406804753778442,-36.55680990591992
-33.23607993875687,0.4048579227127473,-35.20008888343696,0.9505148902709123,-32.73797161722527,0.06931995740168835,0.018661771214340626,-36.872395283781486
-36.37622722284307,0.40765357234424143,-38.421277124339596,0.763184777673473,-37.01709103319865,0.2552567346244796,0.0008709524353575585,-38.83007264708167
-31.83831179991516,0.3201150888142611,-33.34875743743616,1.0229680223592532,-30.58288183331697,0.1365162750281561,0.0305274597750007,-36.45893533210539
-34.911643465030664,0.27872318717484473,-36.69872606806243,0.8231095094810438,-34.96407455255771,0.14183649997771797,0.012135818430129468,-38.78886984523893
-31.660105185975034,0.2736107494765759,-33.206063053852034,0.8797302433792015,-30.959613576576974,0.031349141281200484,0.025229035840184714,-36.27806996663391
-32.547676445844424,0.313444772340459,-34.403807402174536,0.8698323388002069,-32.1948612259125,0.039318263907836236,0.01981510900944201,-36.53952199193781
-35.856968709622905,0.29775959943847147,-37.73747197006269,0.697782340521168,-36.628140137677796,0.3085077694946041,0.0023796243678719064,-38.655093665580445
-31.173546100985448,0.2634330718753719,-32.54928279973683,0.9235888388705501,-29.942233309882244,0.1600669782841248,0.03277739668288769,-36.210244720017904
-31.59298235782311,0.3583079815157145,-32.748205991765204,0.896626696162759,-30.422474640495807,0.04478958155682105,0.028863286854090182,-36.57959609376381
-38.92770287281769,0.7524204460002232,-42.57342717303281,1.5756006722417677,-38.393546800763765,0.30944001345281225,0.0029533144690732627,-40.678388480389636
-37.71021408640355,0.8453642774575761,-41.82287851772001,1.6325291533276447,-37.74475848520418,0.2974286606898148,-0.006891743454492264,-38.45113576202078
-36.75307935084198,0.8067648872071879,-40.65468881698645,1.6615315179317836,-36.39580661375817,0.27824008163698516,-0.0017628673805810573,-37.826751332883674
-37.818569707875284,0.8052876728332606,-41.678273778442986,1.6056957573804567,-37.42309390451473,0.32895999398576053,0.0011337970391286367,-39.202404399911416
-41.526599160464954,1.059294330800983,-46.197329634279605,1.4736443240536712,-43.4125979211051,0.14985570800291123,-0.0250339589905787,-40.701485286342695
-37.64438610294559,0.7050021404451043,-41.11678013298648,1.6530909808788135,-36.414647962325944,0.42178253377692226,0.011058503229393635,-39.75347817713939
-32.76065963449284,0.25744359643337666,-33.83468940788802,0.6676531469512781,-31.86898050019201,0.19147846800088028,0.017951078821338718,-36.77926166363465
-31.54357672696603,0.2841891728909638,-32.997853337165566,0.6200639325275361,-31.125428204718563,0.2147991917419043,0.008906326206294543,-34.59742155785549
-30.545696000719133,0.27336212817040423,-31.817553360606382,0.6650680357802784,-29.736624785975536,0.2671279127224574,0.011947763684526878,-33.76993562101117
-31.60951816594316,0.2797388438123915,-32.91214356677129,0.7015108593447784,-30.79692360837179,0.2350104358565415,0.017087646136365445,-35.3590654709842
-35.90637978863779,0.5250880797392806,-38.791692354936295,0.6419786863425655,-37.76861368238028,0.15944286254530174,-0.013979293376989775,-37.04324267661411
-31.377063142083212,0.27999299820375423,-32.24352123699268,0.7899762557885978,-29.67738979103819,0.36575059362699675,0.02592688719978919,-35.758770699579
-29.705107135057126,0.4254622564266986,-31.158080610647445,0.884730955485502,-28.87012331740503,0.11415499397901713,0.009245626648603997,-32.36435690383111
-28.528437440212436,0.532488879084481,-30.32779889965855,0.8603712158121222,-28.10416668042739,0.10172197368232523,0.001634066668438827,-30.301473521729186
-27.49311120726574,0.4884468122180806,-29.01355397197302,0.9346068846331189,-26.626706248633898,0.10186975900139442,0.0031214010076012376,-29.31791539198163
-28.692408863548764,0.47797376239301215,-30.136576773318733,0.9806348157818947,-27.69768688122288,0.09231678351102841,0.008017690131400574,-30.959556882464977
-33.23159079756881,0.9004308175739416,-36.742767166425566,0.8138653074669576,-35.326183104974774,0.2590678180696857,-0.026911264932649746,-32.67533260171123
-28.569988215463646,0.39613685001233434,-29.748526981705858,1.0294973692844462,-26.76030680240181,0.3370168300646255,0.014040865863418102,-31.23455111529023
-36.571424071999246,0.5292007504374654,-39.61050098043884,1.2433137310660765,-36.539420859683815,0.16772571726788357,0.004640529705314019,-39.06097532338395
-35.416155925112,0.6626052358695786,-38.83095250080466,1.236479783039635,-35.84271608100134,0.16613090700704433,-0.0031828034422875105,-37.01851822174777
-34.408867662368124,0.6118850750828932,-37.63671556177198,1.2405567131752775,-34.454994294380064,0.22411777217233275,0.00036731680874997277,-36.17520073963144
-35.48890036063456,0.6147420443293651,-38.74269203749179,1.2562662002014027,-35.48394556197441,0.23459344737719487,0.004017198310697522,-37.67070845138217
-39.3558533534145,0.8645825906168569,-43.37438281527097,1.0984296831151033,-41.64751352257604,0.23490607410468162,-0.024326639117036156,-39.11412550077032
-35.31239955176716,0.49579341852473235,-38.13189262114292,1.2800271019104335,-34.49614120321626,0.345935056355417,0.012784053694713467,-38.118704688898234
-35.47997524982111,0.45238418996610974,-38.06084536518227,0.9903969562014634,-35.53172299128999,0.14010428053039883,0.0054452740225566475,-38.24018007773079
-34.31518443119206,0.5534554205088191,-37.218910415084196,0.982038783829566,-34.82775269940427,0.12921011450943226,-0.0015596483409168705,-36.261925580199296
-33.28368808938859,0.5111931506275581,-35.999103527717956,0.9726993423944563,-33.42848137198108,0.19795684571232425,0.0011162082175930246,-35.33756450513127
-34.427163719460495,0.5081401176089724,-37.16199109837906,1.0153090857391371,-34.49567189364114,0.18578018831346155,0.0053413328668626804,-36.93944330668702
-38.3138930068842,0.7780152140333503,-41.879884464321634,0.85377718992761,-40.690911375019816,0.2597120480467763,-0.02341344275499076,-38.347421182197216
-34.19157745325771,0.41624587465193824,-36.55252096350829,1.0525973778909303,-33.466752062446204,0.302867619849618,0.013891076981847656,-37.30536058968804
-36.950446543125295,0.7218636466571827,-39.44212445774285,1.232764045988599,-36.403901866563245,0.41172128509185374,0.003097855526391645,-38.74322172498565
-35.992169358344015,0.9130805940882624,-38.90388559684897,1.238899731493123,-36.19832411174882,0.26519424055706015,-0.0029369836887064753,-37.18510108549787
-37.59699968050755,0.8431912391736963,-40.43403366478509,1.072869167914973,-38.199050302643684,0.1779463290148524,-0.009736355419796876,-38.482186957457
-36.405023206184715,0.8803714453650691,-39.28469005432565,1.2060517597264906,-36.65734707137668,0.25929292268410264,-0.0029411734250178955,-37.50846416682274
-34.05525985263772,0.37720867358602594,-36.13721152758136,0.8243181615552573,-33.69163259885377,0.35113284823200314,0.014095356420979347,-37.770846763567725
-33.05097477281984,0.4565192513635611,-35.6564879064662,0.7376790247991133,-33.6432951673429,0.23266476170754308,0.006416372790431264,-36.0227997976846
-35.27943793719048,0.658608441812427,-38.59826831670277,0.912064759075438,-36.661526692964244,0.09054437582216937,-0.005577069866867029,-37.511015135173125
-33.54276661141368,0.4368570556151206,-36.057356116747684,0.755808206473961,-33.899883764113696,0.27870827868881154,0.006814974673942824,-36.348869324541255
-31.975995685848286,0.38864338249549985,-34.070298380789325,0.841708110194464,-31.75484153776562,0.273335377895652,0.010898795148786897,-35.49089035279888
-30.215480028843352,0.26168371433376586,-28.694855248703647,0.8715161162079177,-26.71199226207723,0.048285112951964776,0.033161491180538294,-34.24737374961206
-26.28343047798839,1.056796140930983,-30.894673035054012,0.9943275820310121,-28.90107513388417,0.10899270817311445,-0.04535154060346713,-22.532361345595596
-25.14502289347358,0.7047788103935752,-28.568863298748276,0.6691389526638987,-26.918317986454667,0.1607607828131182,-0.025501579645804892,-22.910674220917848
-31.205888059143565,0.4674049602998815,-33.849740963533364,0.8647318768653893,-31.57433701337863,0.23167040943949493,0.009240927881216821,-34.65234548373312
-25.545454808314382,0.7884480624082353,-29.385721810058023,0.7276539235628506,-27.732060473988724,0.1013356892495599,-0.02856694898449532,-23.05991477981463
-26.060295032667803,0.7706805090790598,-29.856239180929617,0.6562540444151823,-28.527965340122357,0.02127195499732432,-0.041146471780007174,-22.555366014752742
-25.63066559650421,0.8019603057734483,-29.515044431664933,0.7208858583918897,-27.950239441424866,0.06286402976489142,-0.029054793077988656,-23.12192340003361
-26.415550842879576,0.8536418923996478,-30.257566201159968,0.7219410240531509,-28.69851100050365,0.058293451177613836,0.01781595415777987,-32.744133371140194
-26.4139126249733,0.8478825879611801,-30.136911787052213,0.7323394957391137,-28.543254504474817,0.07178270481079681,-0.029616825008144294,-23.706838937333046
-27.026920817477873,0.8552567740876509,-30.715811649715857,0.6622847840766517,-29.52198940612114,0.048922767693702934,-0.04348358510719365,-23.180665434608716
-26.586139222284846,0.89515112057535,-30.38783718242802,0.7398075089018294,-28.759751149567897,0.08806102316363912,-0.03081980027285351,-23.784095708989867
-34.23238418606876,0.4886074571306975,-36.646945977798,0.9624505897809519,-34.166450419581125,0.26167179628411,0.009361175995051407,-37.381480101163014
-33.35865669010305,0.6257726809098887,-36.269780189491186,0.8693845903784024,-34.05170329124758,0.2581825945310376,0.0012884701910429077,-35.63612176203899
-35.212427594874,0.5923696698089805,-37.942948702172224,0.8088010917010254,-36.21286312779948,0.0784297895912443,-0.005321690033492053,-37.079498972174044
-33.81443621423011,0.5904524333137632,-36.58662934415261,0.9159644355477999,-34.31609575369469,0.22660635313092564,0.0031076048438528803,-36.134058453061165
-38.616891511645285,1.1254506252085317,-42.64350059658216,0.8016910133436271,-41.330165614733815,0.2568103352728694,-0.038314937028092945,-36.58188539641481
-36.567301267544316,0.8506503643054769,-39.70048306881874,0.9142973923760002,-37.426348619382935,0.03638335922619183,-0.015771940553131587,-36.362193406734754
-36.580966883397444,0.689688529475118,-39.190145402655936,0.9911145480941661,-36.6003158162807,0.09984676598767828,0.0020869795396126363,-38.71163788196072
-37.50243559320105,0.6728444041170645,-39.94665240743751,0.8167346159814355,-37.76530482823061,0.15205774880892242,-0.004243445726547523,-39.21674048531327
-35.50660450648526,0.6877331243248468,-37.813574311032376,1.0136966673419536,-34.777651388228726,0.3767017656396677,0.008405953389412803,-38.030148851454754
-35.09706884676416,0.8382786057373922,-38.22946343302475,0.5350838330732237,-37.07435833564246,0.023838773767248148,-0.037795811311151,-33.30429081227724
-33.02879491352601,0.5734404244366701,-35.19164349282205,0.6371925080941587,-33.27206176540518,0.262512919049666,-0.013968860546007161,-33.358531929423975
-32.86349459119275,0.42849387067050065,-34.62048143258171,0.7331126900860224,-32.290844119108215,0.36821138166087036,0.004846093217007984,-35.43405848679501
-34.40420307974359,0.5997055402295448,-36.85374735593371,0.767909886355637,-34.751794740605305,0.23984973120396152,-0.009114528962020583,-36.04956321841921
-31.931200711634002,0.38801076634638687,-33.454994243468505,0.8214326606185928,-30.727233782703227,0.5023589795128836,0.011957558119061839,-35.02264228797015
-33.711905364917016,0.6765913044953713,-36.882536854092564,0.5433644805436826,-35.72818261225706,0.12334427828397676,-0.03237548057662621,-32.88537167644276
-29.957626119257327,0.3044147858688853,-31.69745755021151,0.671290085042195,-29.158488683534063,0.5301898426514788,0.0020223756662631383,-31.692883903441487
-35.54774307665636,0.8313308546105976,-39.18142017889576,0.692304575145998,-37.99358927763235,0.0918518792621082,-0.03799859479873932,-34.04107598870209
-33.339521139102764,0.3858361985318212,-34.74146060921608,2.0653848665545786,-28.929479493278432,0.29690575297687627,0.01607442738678917,-36.1899083313617
-34.89406470269432,0.4598536769668454,-37.27009451679555,0.6681979029022801,-35.441946027876504,0.149727689723136,-0.004619932974902916,-37.07854844600989
-32.93585073067972,0.3429763237100354,-34.56875176864372,0.738297357050431,-32.05757745426364,0.38217164551325544,0.013431150996896866,-36.25989097906272
-35.997682136752886,0.8911950064405758,-39.6688263403726,0.6484968003437389,-38.38915894666803,0.025022727832175424,-0.03607304997203862,-34.55651452461271
-34.146858507176105,0.607398351412184,-36.89957682580536,0.7142619975505721,-34.841325599802985,0.22600159778898798,-0.012288895887315803,-34.8899365434572
-35.283376005322296,0.5033390196585263,-37.56679595258022,0.6705303847960367,-35.770055281343424,0.12545089386887964,-0.0031569710542775553,-37.60399117602394
-33.34119139395555,0.41432649607277344,-35.386330832868204,0.8234567700825728,-32.57536982460773,0.45739253156928994,0.013371895407694772,-36.7758215078838
-35.06410809121561,0.8690165048507884,-38.63701337087521,0.6145608691267549,-37.48633543455381,0.005145486471463914,-0.03738729196059798,-33.540255033709386
-33.54014802449234,0.5467770327107818,-36.118263331297754,0.6856638486406091,-34.11511238674771,0.23399196505553857,-0.009616634625442858,-34.720441930893
-33.36395784355875,0.3859200405763905,-35.53638102919143,0.699035647357254,-33.032052884321516,0.4823054932834383,0.00449410528512043,-36.26983829972371
-34.86044792407217,0.476914546885157,-37.05857287724737,0.6621975904760422,-35.247706449160745,0.15203499885394045,-0.005025704542689955,-37.06680961583104
-32.78489094944243,0.3781722821542802,-34.69555101790371,0.8040818326899294,-31.925297050504096,0.47011293634700146,0.014649079967072026,-36.37662295925043
-38.10480196972518,0.9236055511549075,-40.56940374033894,1.2031608972912586,-38.68135103602867,0.1407942650528087,-0.01094783343478642,-38.734346990625305
-35.034145619336726,1.0027409447560924,-37.58359036935845,1.3574132976333966,-35.3124055135667,0.04186216330373384,-0.010557044105774625,-35.28959101500126
-35.92471538494971,0.7413252129971174,-37.668963148851184,1.5393308109244774,-34.72917761633856,0.14230477825356602,0.009633273977589627,-38.206597981474246
-35.17492975938137,0.9004875888306856,-37.47729961343954,1.4124806653121822,-34.9892969794828,0.005205378039756522,-0.0008122314452974356,-36.46044790074948
-38.054958397332996,0.8597685024116509,-40.260918123683176,1.3247456572367808,-38.479599694846854,0.24163583050921109,-0.006430045238430571,-39.154929556306456
-36.626581795613134,0.7430474718131933,-38.05548412227094,1.7168963489483668,-34.88512740652341,0.19244691373744274,0.033272405082896764,-40.15458245313585
-23.73223232081002,0.5212531905721811,-26.57989735910509,0.5705227745487499,-25.68922350237873,0.13700646042836806,-0.012147163092246276,-24.657958503000522
-25.246357636297862,2.0352322779103105,-25.057699220561577,0.5198038429555596,-23.980384298724186,0.006399310602381241,-0.014237237814029371,-22.349795269279465
-22.84840176303661,0.3253960066372601,-24.593060590706052,0.5881126847907604,-23.0731188103691,0.129677863412315,-0.000744728832910652,-23.395841675878025
-22.754123179262436,0.41069669555845845,-24.793666189512678,0.5953298036169787,-23.3192045946392,0.09692834982204176,-0.010112418290200535,-21.93994110700795
-23.95718027295725,0.5807272169247734,-26.792705198154213,0.5753968921901567,-25.977611529564314,0.192154973299431,-0.03207174208192215,-21.572925691826544
-27.74561181209573,0.5609685947549982,-29.50720966235726,0.7461111518785567,-27.347499534894578,0.29400785870094154,-0.029120985440875772,-23.189090422394006
-24.317271174657407,0.46523858736495194,-25.811776308753753,0.502279047084308,-25.06682180950073,0.1692373532441854,0.01187819461450288,-28.480388056665824
-22.568580835769065,0.4497263503345532,-24.525049106649764,0.6379199873819673,-23.058607216953416,0.053246951830290705,-0.011924873298791794,-21.426194720593806
-23.113898239391304,0.5632935775567798,-24.68063253879028,0.6228327276715285,-23.336719736532018,0.010082324324652583,-0.0016002645400365878,-23.75648310625171
-23.956159687784492,0.6965977067544539,-27.048408626952817,0.6278608005441156,-26.27402522777331,0.26402718497694444,-0.03724626515882732,-21.12973093292899
-22.69146224107793,0.4586893978313404,-24.660939899529716,0.6784741320539398,-23.072126347830434,0.08493627245137642,-0.008867530652138503,-21.76578159653533
-24.93375970435286,0.9334648977766766,-28.15657918831206,0.7162998633099122,-27.31148875027429,0.31671398451543803,-0.04080478579320826,-21.437743827579382
-24.383789127897707,0.8293331928261423,-27.26675617880948,0.7519011771402015,-26.097218323075523,0.20685255654484494,-0.031187296602186318,-21.570758724350487
-25.612708025538673,0.6359768786949987,-27.979885330035103,0.9173079484126613,-26.341302124583315,0.12903456956476253,0.008576116457436458,-28.610997494358116
-25.176558238772728,0.9231000459904131,-28.43281848063497,0.6993044176142851,-27.77257481873125,0.3933209604555174,-0.038953553147071523,-22.206644726903377
-24.302701570278828,0.8017297097395937,-27.03415323309318,0.8792912421295437,-25.371212113776927,0.055419329609000575,-0.020157106432516596,-22.14609378859395
-25.56113270777221,0.7738897678030978,-28.59358923104054,0.6014010101636673,-27.847777603657946,0.28255667477036905,-0.03872193037581141,-22.38108751023509
-24.951982571023173,0.678391961363304,-27.741174227098266,0.6761996247183546,-26.619034324460447,0.1752454995621453,-0.02878904847181453,-22.531864361531092
-24.74176333565611,0.6362870930624458,-27.310377794018514,0.746237324012636,-25.67861309381643,0.021266478630929724,-0.022718131428321048,-22.622614717770276
-24.870862363335668,0.6465535750219086,-27.52080335931668,0.731606636384957,-26.137395097139134,0.1013145000315874,-0.02177422730909279,-22.897436282200076
-25.897393093197582,0.7654327551562542,-28.994313831308947,0.6025686774219489,-28.442864615917326,0.37857922056248966,-0.041438528073206096,-22.519273251785478
-24.909096190619977,0.6278792865459237,-27.448336661158326,0.740055945996607,-25.907067168015832,0.02843290188340487,-0.01748735364278989,-23.17676802939385
-24.514842116970737,0.6240074178115741,-27.336967360041925,0.5509687648175686,-26.608955376059917,0.2250552729568784,-0.034256147762393385,-21.869895656214005
-23.889115804779763,0.5492162881183202,-26.426563058310684,0.6139759179049858,-25.302207290438922,0.10903806320283449,-0.02457141635752129,-21.968237472011097
-23.652309827442743,0.5281586113861398,-25.99001049628191,0.6939946608318435,-24.47584625269706,0.004960675367142687,-0.015250930644950565,-22.323178753606584
-23.735387270799645,0.5373526991265809,-26.181735437188372,0.6752604488687913,-24.781884317105426,0.0297291378013147,-0.020740168890673687,-22.042390983457878
-24.7695748365867,0.6503790587429628,-27.699817440929973,0.5659048171588212,-27.0224209495543,0.2515616946212858,-0.037438669747120006,-21.86980316972879
-23.747104609819406,0.5273445619860445,-26.09866823688816,0.7180982914313503,-24.358385821072588,0.10708185889801408,-0.012393661653637067,-22.554849853306973
-36.485380258480234,1.0533238387220283,-39.18182285296026,1.2993738263902936,-37.31320396214595,0.18072027997120588,-0.017355362334592384,-36.76376388882056
-36.38424755109527,0.9589217684540241,-35.593997878415905,3.2663953571091984,-32.31123113530245,0.4496829310494719,0.019314352223059997,-37.88855764407831
-29.368434464092367,1.3487115478076932,-32.86995394126523,1.1809729641251787,-31.163021190783862,0.17981425274133328,-0.04618396862002574,-24.29230687595509
-30.011446252916475,1.4241742665836596,-33.70739070056878,1.005338116241287,-32.5778027385878,0.3266772052874562,-0.05664608191990067,-24.16109489443505
-29.460983032932944,1.3900824316962233,-32.95575362997904,1.254598333199498,-31.218925897535442,0.1960461282914034,-0.04536825758541728,-24.402951562105283
-24.060078753096494,0.5048111943102076,-26.780529970930424,0.5741202338213697,-26.09039520569519,0.2671170450148752,-0.03748484504481081,-21.395393897517124
-31.312176680919848,0.36019656882164924,-32.61857465693273,0.7331188794685444,-30.775299277283843,0.07132720098150035,0.015790336358599832,-35.33055680894012
-30.313523900899142,0.3492725096105357,-31.90135256370096,0.7334430576207677,-30.17324515371059,0.000426957978224486,0.01282481652111591,-34.05605329644552
-33.44660990407885,0.3452681783513629,-35.22443464738279,0.7146096314684447,-33.548700710241945,0.02466260040018916,0.010558008250086962,-37.28957269472906
-27.69570426268527,0.3365249003009988,-28.399766111684873,0.9667465240993522,-25.6743489047754,0.2592881906979692,0.041396112525006266,-33.80090852327828
-25.503153033983978,0.54485457247549,-27.99249018873082,0.5853212810627805,-26.978945776062943,0.1425452103602877,-0.02028600646552407,-25.4351453663516
-24.410988583527292,0.46038380713346594,-26.509873968085387,0.6536065334682893,-25.26112190603075,0.10736424177622002,-0.0038708091507935233,-25.767948374065817
-25.29981307321553,0.9207637837722016,-28.78775178248132,0.7459811497212008,-27.753602867053036,0.24191280554775266,-0.04384825949620242,-21.55303756834091
-23.830056359384997,0.6095604622304541,-26.429773031792962,0.6263380353700126,-25.14337968127775,0.04515934560085644,-0.02799962173920114,-21.379601093736834
-28.005951500228505,1.1201900666427165,-31.75108118591509,0.7680537342565124,-30.881638450215306,0.38338781744863953,-0.053851205163874594,-23.332741704957343
-33.82341867542648,0.6542585711332487,-36.25666098579467,1.0264972882996772,-34.314780696268684,0.0961071185485123,-0.003756714648629515,-35.71119391947965
-32.33290930279364,0.7625453449642624,-35.00570978012199,0.9974488466707744,-33.330046667088915,0.1666576466605242,0.008491868579541869,-34.8781445088671
-35.42045537405828,0.689937307000734,-37.91433808005016,0.926568884504819,-36.35132124302122,0.19116424023593273,-0.0032545331178414193,-37.41277514839039
-33.61374404526772,0.7079339855039989,-36.13478462060391,1.0448369784281857,-34.147479146934224,0.07587429750284105,-0.001800764890214863,-35.536932163409126
-31.85889636478258,0.5246537759233507,-34.244679142861635,0.7783123688215574,-32.956959255197845,0.2385575534212166,-0.005772845657799956,-34.24320619926595
-27.090601887320823,0.7546992982385584,-28.8748844302037,0.7428876618822073,-27.64640282742559,0.2111373362324597,0.015694730258915605,-32.08756479494765
-25.554681174975002,0.7919458035516105,-28.608600985731158,0.7592765230763244,-27.3422756762834,0.20591868681764577,-0.034075203462766955,-22.556098924405013
-26.376039257436233,0.8810417530359276,-29.684619523586058,0.6483163629479204,-28.98370387378399,0.36594337256037307,-0.044456786122723156,-22.55376605003222
-25.550366761665277,0.7945170321929337,-28.61634780430915,0.7494888206893723,-27.373399439877716,0.20903037541059027,-0.03256244368824024,-22.66272491755306
-40.19361248193619,1.253369866281011,-42.92055422470803,1.6546238100656852,-40.58084814198807,0.09227141067244701,-0.01306782640628018,-40.20206423277867
-37.15269193144886,1.2448099692866523,-39.8780943740439,1.6469212447448518,-37.36605011506594,0.01042093130528368,-0.016866199800564745,-36.56287583871768
-37.78964765811494,1.3096718659896942,-40.95108681174578,1.4769715031496868,-38.740131442199846,0.05427677131489656,-0.020962158169987477,-36.94540190627165
-40.81383135159134,1.2782662091101697,-43.96841199843425,1.336906032245438,-42.32277935374929,0.2767435928737567,-0.027407979186476947,-39.69771013683138
-37.80553258153991,1.1739932169334755,-40.25748514203092,1.7510925376564905,-37.3658953709816,0.08364357171814214,-0.00405720960627238,-38.14055049005487
-33.630626800991365,0.33981430900756965,-35.46761814739593,0.6006940384977933,-33.9479921303435,0.11237717540044088,0.004418041860074656,-36.72533421967458
-30.745401654401135,0.35088169829070015,-32.58348944856854,0.6232844739340944,-31.076946642567997,0.07477022262204082,0.005091359962139951,-33.588905953417715
-31.40684927887859,0.379534215799882,-33.454178738434315,0.6048255602229144,-32.06550237291839,0.036784099844256686,0.0019608628432009737,-33.98638398043376
-31.342717986784244,0.3128332101952351,-32.858458365593236,0.7025497283782156,-30.87116676484844,0.23916232480244165,0.015338995690867496,-34.92587959243245
-32.81924808524837,0.38521154826141674,-34.62025302631631,0.6145869701236344,-33.29019886898619,0.027263201902952033,0.002043813976516524,-35.5262875198333
-29.929550788258013,0.3949822726606081,-31.707496319620915,0.6351879624345459,-30.29428445987622,0.05143403289906732,0.00043594771366492816,-32.19439700938776
-30.627458995607597,0.4207113471342723,-32.56121810391296,0.5993706851213509,-31.190574368510802,0.0618812220114937,-0.002155703283189927,-32.62155104499427
-34.56874540714532,0.7056493006602921,-37.60790307116436,0.6964463952674985,-36.59915243522936,0.17726621088493416,-0.020976065523418685,-35.33884734982429
-30.553659082804746,0.3407080978652397,-31.99057489865836,0.7416688941942856,-30.094626334316597,0.1976725951315233,0.012175371916975479,-33.660685160806324
-37.07074283175979,0.9704092158781504,-39.79358104338684,1.1348808503581012,-38.018094900750896,0.11278996684669619,-0.01335114102937071,-37.68609640877256
-34.259358610568746,0.9812198772723985,-36.9196444473786,1.1510025810341222,-35.09771028682613,0.09743391165739342,-0.014062037233162888,-34.45933417770224
-34.99229486415514,1.0391696849752727,-37.89007830689337,1.1194258463315419,-36.17634287194261,0.13045889329797944,-0.017149077603733777,-34.94489515247137
-38.131876066055284,1.0713935214817984,-41.15972608046435,0.9279144872130964,-40.05274265395673,0.2956718447759101,-0.026909661726402207,-37.49857861715005
-34.848945945147555,0.8931079336140516,-37.21416214130101,1.242103616216236,-34.86839120494823,0.08573861657836038,-0.003180571083129837,-35.8523101306936
-35.951065882067624,0.7597218360240219,-38.471290659744206,0.8865892384796324,-36.98057016107485,0.12461173390469125,-0.008923745982080929,-37.31997740119652
-33.05434211223445,0.7667370066285265,-35.60706958570101,0.9082545369836038,-34.001204595402974,0.08376757069616325,-0.01002280533379858,-34.05647580730368
-33.81203264925348,0.8121268507908652,-36.51690721174592,0.8737025669579116,-34.995584901757184,0.09493794661514995,-0.013347396844632166,-34.5092722890184
-37.10236287791889,0.8848708702254163,-39.96554414025325,0.729243386997115,-39.18387149971407,0.34150331264043904,-0.024329537694249413,-37.09024574660449
-33.70762824591806,0.6868163891890527,-35.923859436942806,0.9966038082931192,-33.80885226539597,0.09921998668604114,0.001052574724100124,-35.50480702665385
-36.42805274253081,0.4429741869283421,-37.823030748333224,1.07321051661936,-35.41507694307705,0.1534396030939432,0.014408061605271359,-39.60694270393646
-29.283855733579454,1.049845968093418,-32.21647277185188,0.7908522419058495,-30.853089498385298,0.10850241242447904,-0.03816707526571241,-25.11308915375827
-33.89443722453446,0.5911154908849838,-35.147922263426,1.28570329083215,-32.44086902372271,0.1596934148724905,0.014784415467915006,-35.63348937378015
-33.827820244178234,1.0020865616182215,-37.02267007986744,0.9269591407205499,-35.53666869333392,0.1651918578415652,-0.016135236227024435,-33.94741375453004
-31.02205874460347,0.7573909578247752,-32.91419721608308,1.2651609853036583,-30.520945090072342,0.04547812228313587,0.011429898482605378,-33.09454626064899
-28.050496886554733,0.4021578243651521,-30.407394247462122,0.5636985454688015,-29.333898244376275,0.08623972762195517,0.004246392594448818,-31.197664344688956
-26.556715590437644,0.6502192111545267,-29.633329374604923,0.5408874272613017,-28.876052470745584,0.13302110084893048,-0.03481924599836985,-23.584329247038465
-26.58456613477294,0.4705611343127994,-29.10103191244265,0.5783987275857018,-27.940512853954832,0.05649286228784971,-0.00015541717501256432,-28.46567842935509
-29.41942656713359,0.817945799269881,-32.96874560502266,0.5638331275361191,-32.452148295656855,0.3219350653825408,-0.027046128009070764,-29.18741745491669
-26.32155784360151,0.46314428815739433,-28.75681725026826,0.5778947521116543,-27.525935045881937,0.02407152416437416,0.002380171389354528,-28.517474463498733
-26.506170339258578,0.5036662615609855,-29.445644206752466,0.5682704232110597,-28.520807449302914,0.019151913525238085,-0.012001363446196707,-27.966017549835932
-25.385557437779458,0.6612280691774941,-28.51370767725083,0.5585383566910729,-27.698782195428954,0.15011854312365647,-0.034375458268849676,-22.69261480226015
-30.288618278471525,0.3090350748576649,-32.07018805717834,0.6806420275379366,-30.23910570357079,0.12641642697781413,0.017568788225027852,-34.27384494215016
-34.42604471951002,0.684664596475899,-36.74975538132118,1.0191430723782517,-34.765718652227044,0.07002390206395762,0.001609519332459876,-36.738817979199034
-29.278185675372043,1.1833957401042918,-33.07944688321239,0.7441666800296105,-31.769150755045708,0.1116936547800798,-0.05116000983176223,-24.262502667581295
-32.83677721993,0.7856026729274351,-35.466108871880245,0.9974829326158606,-33.37826246120367,0.03267000539138876,-0.001031801659660687,-34.08232896856165
-36.90280083211715,0.9756167378651732,-40.0907120710654,0.8204477341355947,-38.830257984174736,0.21014009421099714,-0.016840334987502505,-37.29610348815647
-31.57331082321971,0.6818272024129667,-33.86423252540867,1.0459027444787552,-31.19046169037658,0.30031553191196586,0.02650133820841581,-35.69877035988737
-27.603121610838528,1.0913279534547011,-31.25708394053713,0.7214663815261932,-30.134795079040806,0.21687850571643055,-0.021473544006357943,-27.404962099089126
-32.898323144208746,1.0398125126842612,-36.50397212500603,0.6950138388612143,-35.4402295905752,0.21230172138682923,-0.028250926751816143,-31.412561726830145
-28.528825879779127,1.111879197489368,-32.23429971874945,0.7120453086572157,-31.11538351090617,0.20670929425407805,-0.04650421597337648,-24.025841709673678
-29.61951407185623,0.7993162180675248,-32.448987657886306,0.839293316090176,-30.765025473051193,0.0525630477533772,-0.0051007880103605425,-30.70279568379261
-32.74076979101187,1.017459928578418,-36.128452027266945,0.6925174372007463,-35.232729482663835,0.27507480704490694,-0.02381291228621441,-32.51431059176682
-27.083760243515584,1.0150391494522517,-30.398359670101442,0.8155208362940697,-28.839294712002335,0.07844446591981373,-0.018218176593557546,-25.976282218652415
-26.00123950994524,0.8400579171643816,-29.38888004502883,0.6426454677139407,-28.325854913509048,0.17646319383846581,-0.03581891116122633,-23.00007419065124
-27.12897150981643,0.8938587470088929,-30.73331977870059,0.6132385006701205,-29.798386463628194,0.17956977649403713,-0.04113648066867604,-23.67261438498673
-31.433481404760784,0.5139982485515951,-33.81050769112434,0.8005796953659859,-31.92665205636522,0.042915227569530416,0.0059962871036674005,-33.93684244620276
-36.306683777112376,0.7182656825798014,-39.32706883892067,0.6168382901700646,-38.47452014250439,0.2563885042534468,-0.014041848983274948,-37.55844829116126
-29.875811553984192,2.1554269060100006,-28.609996352495873,0.6833869403919479,-27.114163289048065,0.0336929102576487,0.045663853530916405,-36.044271269965854
-59.08458805504744,1.5848936537658522,-61.129808625404536,2.4609330409333943,-59.46667116865053,0.37429881090821854,-0.024792592965228108,-54.756379600621536
-38.803732479722704,1.3554090674514931,-40.26137552627004,2.6241014665096083,-37.6339109246496,0.04341330618672836,-0.010637869343196332,-38.105923392309954
-37.470229497523434,1.4404221801629478,-39.24956465187928,2.470786586412174,-36.95411927828721,0.1304618941947041,-0.01767065564538531,-35.929750827325186
-39.56953022830585,1.431509253140833,-41.60546204340618,2.1877016381773484,-39.88544843323653,0.28853909225631225,-0.023990961631246602,-37.97604811407676
-37.66947878231733,1.4627626832560625,-39.45983400589101,2.4637668649434668,-37.20818650031795,0.1461079440388381,-0.018391223979963796,-36.11095701545153
-53.28273683930321,0.5970917169277472,-54.26909927420006,1.5508661233564909,-53.29899095713818,0.5221134762730635,-0.004040745446919445,-52.39076880670671
-32.7272603424484,0.46112510432084375,-33.26542326268459,1.6509618474539964,-31.47995721723015,0.21239544728348267,0.004576628171418744,-34.93973214773368
-31.37372947600695,0.5313893277147719,-32.28140010547553,1.557456952002519,-30.758485219108078,0.30008707610906005,-0.003268698708358059,-32.67195439323022
-34.474556743886254,0.7370323341304986,-35.998067539819054,1.5767810332973824,-34.834213130171456,0.4657422017027791,-0.015523796396280484,-34.99346749899786
-31.535536512250246,0.5330198073616438,-32.442883718545446,1.5568875785854728,-30.973238970318462,0.31209178292209216,-0.004166428721137807,-32.846672490318646
-52.067194834066036,0.5607919325999402,-52.93890487395505,1.5429851644169674,-51.85666631748087,0.5281571446857448,-0.0003580411158573454,-51.58935971779215
-31.428056473662213,0.41901298027539585,-31.81772435031833,1.6278160271685604,-30.05950462821633,0.2418605621851591,0.008147407389261098,-34.094586193809086
-30.04652251377567,0.48000016995891287,-30.80764942452999,1.5504177964362509,-29.301059205306505,0.31494549700554236,-0.0007111297791563046,-31.723270845176955
-33.371335843515766,0.7367886282740499,-34.88632539012147,1.6308812423428087,-33.64162777071743,0.4634013572861954,-0.01386173540293882,-34.15844243748254
-30.25749879691554,0.4785212496633615,-31.00122983888158,1.545246306627862,-29.551493038634547,0.3392581689221862,-0.00015435076413000998,-32.044331816946
-54.46422841513298,1.1279389426463986,-56.208490686149815,1.8603612755829222,-55.23008942441814,0.5469898471493531,-0.015424424583402992,-51.96642339516381
-33.939490059194675,0.9393881087666438,-35.249445288034735,1.9880965115004618,-33.32999463208441,0.1711828366014042,-0.006172664268909411,-34.55816167209929
-32.57073004643917,1.0526260262092373,-34.274818599982,1.8742129830722016,-32.697794294847334,0.26331067292662363,-0.015010597328541516,-32.20581238977781
-34.78638159066904,1.059160338175436,-36.79207678702972,1.5984391938101394,-35.7574412435461,0.39351538589427765,-0.021828014540427668,-34.29658193287806
-32.81934783810322,1.053691611440078,-34.525535256497086,1.8765505675521703,-32.957447084337815,0.26697528985020763,-0.015448978293164134,-32.497325944856584
-56.344372273539584,1.3234823492491865,-58.28990790379986,2.1192078204350695,-57.09970016739232,0.5320949511451215,-0.017206851781525864,-53.61861213158002
-35.856345696158094,1.0752364340678675,-37.33514907785814,2.15756036911418,-35.208366898548164,0.12568383595610788,-0.008083984097653698,-36.17187836867965
-34.52387611662216,1.1949149298633541,-36.37065068445408,2.063939243656759,-34.6385602916258,0.2585747907128821,-0.017287347241448286,-33.83053689584472
-36.91039211881835,1.200440218387856,-38.8520215591328,1.7545673511049926,-37.77097460499261,0.431161620006729,-0.024041154265934242,-35.99983851378068
-34.74441875119564,1.1912784480757739,-36.59773146299226,2.07037448496243,-34.881123349771805,0.2777875310636583,-0.017589104995741844,-34.1289801602703
-54.2206791585771,0.9694214978349158,-55.646026756134475,1.7426267420593604,-54.8073478794628,0.6162557818649226,-0.012937762618341698,-52.27149668053101
-33.5623454830121,0.7818801742649248,-34.65838582192397,1.8548811588666296,-32.95376277468112,0.24405138797701567,-0.0037430975643794784,-34.754020370159026
-32.30896762184031,0.8835258085114892,-33.71476167112358,1.7609459747800127,-32.30782337714802,0.34346211941639715,-0.012195267368492524,-32.469613209241174
-34.713976362717624,0.876020995091897,-36.228750456570964,1.4790512049854625,-35.398383408566936,0.4976998118101893,-0.018967015623002823,-34.621772496167104
-32.55717897588417,0.8793023277817702,-33.965559374814745,1.763449666411656,-32.540949667822225,0.3268904736473337,-0.012333611329515078,-32.79470256108567
-59.899934289595265,1.050773066036786,-63.77840081008179,0.8312847891391826,-62.59540172668978,0.4012756094276866,-0.023631826733124976,-57.485422040038216
-39.19632806986239,0.6462108639066828,-41.54760227289461,1.2100376821137913,-38.36717093504695,0.22991007816649858,0.014369304534222709,-42.17028426879934
-38.232432327822146,0.6371297855257967,-40.576764461216875,1.2135045597859488,-37.492009144573785,0.17567564722481493,0.01695336726578391,-41.33939444184946
-35.32040355938452,0.3297961945107494,-37.046180572158555,0.958915540507859,-34.193360281069495,0.3372398663018773,0.025528972975184853,-39.796518366179235
-36.0506890207825,0.7723664628840867,-39.56059475431856,0.9569669897452917,-37.656247999460255,0.16798388738024977,-0.02924677695742136,-34.82407616678077
-34.93357358741413,0.34967545266781314,-36.774949420793675,0.949581551000649,-34.061505154192034,0.2682281918338955,0.019322806544486894,-38.607700284321275
-56.88255316111322,0.794048777681273,-60.11020702242522,0.7548628371054853,-59.045505550036374,0.38473733216161565,-0.011661976155170178,-55.70362325664685
-34.93442020558885,0.41106508873772635,-36.719910050968686,1.0580545209094931,-33.91705073056367,0.23176616723233487,0.022111386929316714,-39.09862786145365
-34.28297344847016,0.3576465099581741,-33.57257576349745,1.0510546129265952,-31.046837848349966,0.08427372326307467,0.04300752626848284,-39.21827264588381
-29.326637416912234,0.7908702683521711,-32.26059804603972,0.8633244216702965,-30.199389366779144,0.042322051172466166,-0.02478496075735995,-26.69240835230305
-57.103711527278264,0.7651327367179929,-60.50095589398603,0.7973944006758091,-59.270083023870484,0.34067861427742396,-0.012902026933438195,-55.880994405157026
-35.86087132906747,0.4297688608534052,-38.08830803179073,0.9769425679268491,-35.29758683522931,0.24454187244021594,0.018559149094967035,-39.73036338014525
-36.15449972759984,0.6981519451492078,-39.07257194016064,0.7950280884248607,-37.65251221464541,0.2549631157909941,-0.024360791393825833,-35.307860222264964
-35.829618279754044,0.4371753037835858,-38.01752102440442,0.9382851481502289,-35.34421607586491,0.24080414080331744,0.01302777584779176,-38.79200969548686
-35.3200691121625,0.46664595919521873,-37.07828160816902,0.8034493106907692,-35.11820288508992,0.1330746617506979,0.007842248713970854,-37.32349205032206
-38.082929265006655,0.5376487509673029,-38.30272673474178,0.5966701312603988,-36.836775976816995,0.3444031740647224,0.016928846395741326,-41.37256546042993
-35.24185848130688,0.5111825657305279,-36.51376603267768,0.8729241603149146,-34.253785709826914,0.19541093869971426,0.018796048351492105,-38.621589026194656
-36.6768061630465,0.501573390604808,-37.934883540811626,0.8770332602953181,-35.58463714962875,0.24582689658368517,0.01587079428915078,-39.759718921619594
-35.44431373289294,0.5224254442076361,-36.89479152881138,0.7797409106733103,-34.8803784660329,0.15916918555675041,0.005916919922185105,-37.31735899911684
-33.981407522634555,0.6759098116818713,-34.8721825395468,0.7374636432748816,-32.9971644789254,0.1441008330606823,0.016847598503014066,-37.1973499623398
-36.63652264437803,0.808964562402306,-37.006145075986055,0.8714778408863488,-34.63745037486268,0.26990088382315996,0.02620941824625219,-41.07403788660927
-33.80053041864489,0.7843068596146667,-34.424971310668354,0.8433821048039479,-32.26721957627304,0.18996259311672675,0.02666283041125058,-38.24616122134653
-35.24934772808042,0.7807285783089111,-36.00672550474654,0.9152249998787965,-33.79479157484426,0.11079102025409267,0.0249076804365901,-39.52937816537808
-33.76251380477879,0.704743909011923,-34.70455269524091,0.7663565373077025,-32.7095529439508,0.1785734593117612,0.01318461519824099,-36.726478492323366
-32.76819330166696,0.6046286496001098,-33.649382516678074,0.7902079260302646,-31.679351068368597,0.16834268402702016,0.007679698071391453,-35.04719744130811
-35.611003969836304,0.7570565696300947,-36.01125938078961,0.9402529283946305,-33.70900724274247,0.1970322116466253,0.026017556524605634,-39.79145128609008
-32.794475623832696,0.7135890846972596,-33.46196968692508,0.9008710353753684,-31.251807685956003,0.17039059013910007,0.023808808082243105,-36.81707988700345
-34.053097223768525,0.7131621564637476,-34.73880584857022,0.9067660882996182,-32.51404144206458,0.18097261117577282,0.022711541799420826,-37.96693450804397
-33.59958377777865,0.593987403750971,-35.30713488539407,0.8020927712195325,-33.82569525700184,0.1302108243400881,-0.007921915899418201,-35.419626318552574
-32.736606082313585,0.5892384617093107,-33.73584978295211,0.8574600774845017,-31.711321273826268,0.13507393623911512,0.011023788484283613,-35.33622911216344
-33.665474186249426,0.5514610716594928,-35.008495251066286,0.7083424795959175,-33.259610153983644,0.09416677414670983,0.012775575326233479,-36.515404102721966
-36.343600291468846,0.6854280826677598,-37.15944959368947,0.802492992708213,-35.038256399944856,0.19031313809946424,0.020776868107284182,-40.29804089263681
-33.600158477521035,0.6498638067253562,-34.62985728805246,0.7929524536522582,-32.55397970203968,0.17004376250738157,0.022875380535295982,-37.7336297681824
-34.90018452609006,0.656922980470117,-35.96188054814708,0.7964726560368428,-33.82208554434382,0.19678347516358702,0.022193530838806375,-38.886166080281235
-34.01095938396151,0.5815333891331483,-35.535258231922285,0.5965950430099934,-34.516686160931634,0.19261720259009224,0.0003176284323025009,-36.58238376926104
-33.700052598013286,0.5823511776095901,-35.05234773980457,0.7709693983105399,-33.112971713301796,0.11202253741454508,0.014608084923459585,-36.66736513383982
-34.33587864560905,0.5464103061177363,-35.61540440669208,0.6993718228971615,-33.84730579579714,0.11519134731941867,0.012683833246176595,-37.03197611435707
-36.70534616281546,0.6817308872884518,-37.322884749042146,0.7678962786500492,-35.35399713177992,0.15189813139346595,0.024908086489784032,-40.89134166929249
-34.19464723417918,0.6432993065059078,-35.14829236678144,0.7846450306075023,-33.10932034040442,0.16862845652029276,0.02278503346105746,-38.19338997004348
-35.35962715261412,0.6344525635084565,-36.30164084178348,0.7854181955497107,-34.24656014514907,0.18215312975383888,0.02164184650090471,-39.20507574167281
-59.27218385733198,0.6556631180326566,-59.62589979892732,0.9591209890548767,-56.80794833963196,0.4067736280394753,0.024695007561441613,-60.91507276415579
-34.168814514040314,0.5555688713272989,-35.44056984493488,0.7024659608377455,-33.69238970800689,0.10262599326039737,0.012694115373553281,-36.950221867785714
-37.443942146522154,0.6212817161544273,-36.08949710761562,1.0708110701430937,-33.666413589529554,0.1731158479815859,0.03555809354599075,-41.383760465277255
-33.83699190275271,0.6246117789110358,-35.002298630462974,0.7676367152705679,-33.141481925751144,0.10700665874192342,0.014951572477772724,-36.890746503009964
-31.592377316600228,0.4921981483931027,-33.760868261849886,0.7665160788758495,-32.04035449028171,0.023266059493655507,-0.00800466217219985,-32.04550997019278
-30.329141285822367,0.5735884208118401,-32.687360108694776,0.8329587018444239,-30.9598649178985,0.05451451252352682,-0.006004569442593494,-31.08038488377774
-30.964360139808917,0.492751187290376,-33.08676552217783,0.8928518329625766,-31.059247218874766,0.06764287641885616,0.006331704705526996,-32.791456487808354
-29.664146259031906,0.6720938902404621,-32.38461155666302,0.8744740802923205,-30.589235245418514,0.059648993483121845,-0.009518712944990206,-29.74579843755122
-31.44965703162667,0.6295518556596986,-34.04123129994763,0.8238454874440398,-32.71774997748889,0.18874659719637837,-0.012340898352288188,-32.05024853639228
-25.721974376681736,1.6599629955622048,-27.464856692455534,0.5740750373665855,-26.519980291348165,0.12861627472498238,0.026814927476176222,-32.318174873576275
-32.2749129590113,0.49423074487966,-33.63074782905868,0.7381761879046081,-31.660904610663074,0.14414016927776138,0.022168832823231024,-36.538936885658266
-31.431680042158824,0.3935769155137293,-33.38557078996303,0.6596949211734635,-31.818183258696006,0.03678320989862888,0.007380939096136372,-34.08219534790871
-34.108271009395665,0.43690416158960893,-36.387459773936925,0.6730737782381697,-35.15583530134607,0.15371112383621463,2.2760334910081752e-05,-36.90027683265177
-30.805274352348412,0.4637700021373836,-32.388675034883505,0.7214035892481034,-30.492003096235642,0.13033301137317338,0.020310764869347027,-34.68231833084931
-25.522557956623604,2.4634579310277034,-27.8554362669461,1.19402536382338,-28.129227660048493,0.05661452524310983,0.015619433381346155,-32.49176388962042
-23.16611078731907,0.36398195209405815,-25.71825357120019,0.5356602518653688,-24.76687936679625,0.0755953696476931,0.03832965052035413,-32.24930981351593
-29.836609377778004,0.41859948352840914,-31.632817687485385,0.7674641680407631,-30.020224503435117,0.10961410763225785,0.006370198369204396,-32.36911222947017
-32.73509891343516,0.4495508807003306,-35.47593323078689,0.7109169649934931,-34.15403393764109,0.12125976997920469,-0.0030537880141184607,-35.34144068778797
-29.662621089170614,0.4737813024187923,-31.02265451163199,0.7567736764229687,-28.991602644851753,0.14674416118972347,0.016634121164588747,-32.83161800243267
-26.79082892592568,1.199388211115301,-34.00388356840731,1.0656955797848942,-32.82282469798195,0.01870275509620212,-0.004257989723090515,-32.699902137016196
-31.007389922971996,0.4335162845889764,-33.09862707930936,0.6318307770213126,-31.713959707169565,0.007550398261552831,0.009275159828049653,-34.244360314234406
-31.049958005576208,0.4021350946394383,-32.66305193136813,0.6893119656515602,-30.8770906148,0.07901815004912548,0.01734695194347946,-34.980885682350724
-30.64696442062729,0.35135296689493367,-32.947362875542325,0.670025098232396,-31.314883996092515,0.07872415982090769,0.005856101077030456,-33.19667229256424
-24.570786713155627,0.34909606609148747,-27.174220761110504,0.6463279624504549,-25.968809015414813,0.07082659513550003,0.0002922874987652689,-26.307069050184115
-26.197691237858173,0.5229878750547174,-29.56589537733391,0.6102823491616092,-28.858707454937214,0.183362636626576,-0.03295471204467855,-24.022179171233184
-26.09813589070342,0.48972231228344626,-30.415999614687635,1.4273487387690846,-33.452968401501586,0.016368803032146023,-0.03931622577440191,-26.579545116656373
-32.89637802929923,0.3715028069419223,-34.595973276922805,0.78765610842328,-32.52282389191931,0.10118443993590305,0.02288179534659301,-36.89714461128226
-27.970398325937786,1.200449205715989,-29.2735681444796,0.6138346076938515,-28.351900609817672,0.11205905063069414,0.016543150542510397,-31.97180535542924
-40.2870745536698,0.5042880570056143,-43.59185131130025,0.5864223575146692,-43.357993760380594,0.3987663283159444,-0.03926710346102508,-37.000107138499246
-32.22868387373147,0.3492284100904789,-34.227279741308664,0.6630659687008447,-32.51448578257183,0.1062114311762322,0.014100054920519934,-35.5423334724573
-39.059085423751156,0.7522130191009454,-41.53651036457851,1.374478150530476,-38.847140010199375,0.011088726649623305,0.0018661277101977795,-41.235454549911516
-37.35774702844289,0.8134394140044205,-39.90461108393771,1.4114575491300068,-37.042660489907234,0.04655343514833974,0.0035930224985725964,-39.2626699738534
-35.53618505617754,0.9124695247028313,-38.42550519890719,1.405626804480775,-35.715802917447256,0.01977280343688333,0.0007385534073257,-37.17775106714781
-34.59772924106079,1.0266116005984158,-37.55059725918004,1.2399779982025576,-35.0717281854981,0.005538817046333967,-0.011405640991405643,-33.43739009436653
-29.725888994787287,1.2362925123318373,-33.522851050801265,1.2479606795289444,-31.296438255524453,0.13619292629480334,-0.031031809093016297,-26.368940938820728
-26.283848274177977,0.7852713035975334,-29.874578100751744,0.6982173730162747,-28.773094970004667,0.18044911810581668,-0.03689754291050267,-23.406651831785073
-31.496288823632057,1.869218007462478,-42.57493705407359,1.4024299253227885,-40.662888549414234,0.09724992435691192,-0.06919093030526409,-28.233653467919975
-30.537878673435518,0.4517456247906445,-32.82670423774007,0.9087441657234189,-30.829588744389454,0.052177417612394764,0.0128168942295117,-34.23449317509679
-29.943621888421234,0.5299430680543912,-32.64270856070705,1.0495828498144362,-30.30830034020203,0.02103974045606812,0.010454863006928336,-33.21473551971049
-31.407337978214308,0.8574813966051229,-35.09493266580418,1.10564487494361,-33.38399858192613,0.2867851715026521,-0.022064777290204625,-31.052332999097374
-28.756600183173134,0.44470213314649537,-31.006360006316534,0.9797095178923636,-28.88947305814757,0.028597509363558305,0.01791087390009885,-32.82914923526609
-30.66257901367848,0.9075953903160647,-34.315764117534094,0.6845668372392829,-33.456967942465994,0.26791627306335347,-0.03347732711673006,-27.992029513809207
-25.78558442099819,0.8093990908851614,-29.097426802881497,0.8260094607436583,-27.792202344448135,0.225014331767144,-0.027108102972009565,-23.476385480668306
-25.635712292505616,0.7997153465221487,-28.841682962674806,0.8761342106033119,-27.23458768512379,0.11604175791007833,-0.022348352337066106,-23.62088952482913
-27.118822076472057,1.2256064757022798,-31.872878137412734,1.174160346765946,-30.237639773033493,0.3723449622860714,-0.050454922295525124,-23.07947022891013
-25.604146397331377,0.7651166272584714,-28.71715051546964,0.8873535673048454,-26.943908461964025,0.04355283099227463,-0.01909084109232287,-23.77671242529583
-28.71574127087654,0.8443599033412346,-32.96593063841877,0.7607965332721797,-31.73702421504145,0.17965564355844357,-0.04085178845474435,-25.67174478717326
-33.44796467632074,0.8863423166284822,-37.967767316309285,0.8243438929021099,-36.74279349027197,0.2612281613205856,-0.03800624041216621,-30.699884879384676
-28.501832085013547,0.7928216353796421,-32.55331483487044,0.8008346127686572,-30.986944087724716,0.06969103116119925,-0.02895284700437206,-26.247096724826793
-28.313509169839044,0.7667612448027501,-32.24765034206847,0.8202191853706939,-30.587580089286615,0.05777721744236774,-0.02486238430962434,-26.36488160280131
-29.037811034809366,0.8308927684615703,-33.02471651657476,0.6981229415624964,-32.227155660121845,0.3542909200261159,-0.04030079796105836,-25.911205109308906
-28.236189567641123,0.7532214966041243,-32.11063442230298,0.8330704211189233,-30.322019839193533,0.004149851039932291,-0.021799585498429492,-26.47637106758372
-27.01458512246951,0.8641506242908766,-31.05225714879109,0.7613117399543191,-29.7956374621072,0.18781018524469537,-0.03946959928711014,-24.03309333673995
-42.90946602362415,0.5492983131211514,-44.449224874928795,1.1306792162110173,-41.862045564109906,0.06563114312427956,0.022289672667397984,-46.99071832722204
-30.227717979180134,0.5545708223824053,-33.14214969905218,0.9593486503320977,-31.095158756885272,0.02456169331328813,0.009714468489540792,-33.93780547980942
-29.72621411343716,0.5991423522295811,-32.78936837507807,0.9627058695971917,-30.688820367645697,0.0015545631342814797,0.007421264535914802,-32.824253872424485
-30.565980206014277,0.6722488717344952,-33.72394529293923,0.8140468844919845,-32.487454790711304,0.2998221887320549,-0.01175314834327542,-31.476860063712227
-28.90784963970046,0.5453299978793668,-31.78982280345051,0.9647965243927656,-29.657996644345168,0.008634026213427856,0.013627277361932146,-32.72570951858638
-38.48042599271669,1.09037014574437,-40.95796946394487,1.5856570788523843,-38.61686895890308,0.07973479672841419,-0.0032658523985508226,-39.44167873208215
-37.29207107225603,1.1042649009859264,-39.83915111665317,1.5993588895051967,-37.421639413177374,0.05347610140765142,-0.004014802618856101,-38.15818082884452
-37.26644390202547,1.118085692412047,-39.887409253344934,1.5880480625154996,-37.26257531750685,0.01780243493975541,-0.0014675928254708377,-38.22096043308017
-36.138344796520336,1.1834402393064223,-38.72658426667222,1.6627122720924932,-36.26749298122185,0.05116829988818565,-0.003922651118120556,-36.61838387206302
-39.0111677620961,1.2048011357114239,-41.9187959391533,1.396416709381261,-40.40796991047377,0.33444656971036407,-0.018036191443272887,-38.63755603871928
-36.46227636902189,1.1231229776004767,-38.809879508506825,1.822858588437799,-35.937221398754225,0.05071751484619088,0.004437529236186227,-37.71310566044982
-33.06407755739079,0.3435576818788827,-34.41114582403499,0.8106073656325854,-32.720282854692016,0.05556228818582606,0.01875127836557519,-37.2316232290997
-32.49041013020823,0.6070281415099222,-33.31528026227567,0.8472199985269235,-31.543543748345197,0.049506492420768426,0.018106276714866948,-36.044818453996754
-31.722317317494966,0.3446517317003242,-33.01447011262539,0.8274275858445057,-31.131877358749723,0.12300864753604583,0.02017442760589767,-35.82827876103749
-30.38187775724288,0.36793225702423304,-31.92031167595531,0.7986664138448856,-30.214202988723642,0.0521790185867837,0.016046544808374582,-34.07026541708053
-34.052119510876224,0.533787532759083,-36.5064866564354,0.8234986727778314,-35.3775282883765,0.24317374875553555,-0.0020350087457266844,-36.44371930657568
-30.784819428239746,0.3561478676413676,-32.134059695287654,0.8736430724554629,-29.997134729477224,0.1894767541710318,0.02169368421773438,-34.97009418985447
-33.08216301527344,0.3788422412427844,-34.35698938830319,0.8243581486087822,-32.89153065469499,0.010732339709626369,0.012764481384985508,-36.53059705582606
-31.879911611753197,0.3781124314473167,-33.202898479296444,0.8677078487162654,-31.562090469963124,0.04080040389247865,0.0130573811868422,-35.28401230958628
-31.815533895033937,0.3749431632346877,-33.10311855914679,0.8850030865798242,-31.31859769146185,0.08788327432409056,0.012475209793657908,-35.115814247275814
-30.45433632429207,0.4058743633853853,-31.905237599808856,0.8317790648748762,-30.32331036160185,0.02523202951424849,0.012405995113595917,-33.591378285082364
-34.4585796970209,0.7378009865921933,-37.23209043892072,0.9301863455377443,-36.23198655419542,0.3164079854911623,-0.011352323862030687,-35.958404047946466
-30.749037555466135,0.36103339379076244,-31.899673859449678,0.942868275218722,-29.8985256031441,0.15774565624783332,0.020379779399679793,-34.55402697157286
-35.46472432034443,0.8647252540669146,-37.84627976018656,1.2329341419600828,-35.972895413612605,0.10519507151248739,-0.00022351835119712468,-37.319589824780536
-34.2145534332884,0.8305534331132993,-36.633375931727045,1.1951914353905835,-34.66657757832341,0.05562762652698661,-0.0005552838040245616,-36.00150384042671
-34.21344656832176,0.8049970034768019,-36.5492292275182,1.1752874036770324,-34.45819667705428,0.002766346248978464,0.0021012597271835923,-36.12889503241224
-32.87979160003862,0.8785121639703474,-35.47271495076254,1.1444680769795401,-33.5451185657662,0.05723369564990877,-0.0017091998691880746,-34.33279427228137
-36.09161470724139,0.9106656878122057,-38.931253044518144,0.8543400854926435,-38.012087231667664,0.35519081907140704,-0.015146463278863664,-36.70209372745818
-33.27845241661109,0.7805406425015607,-35.48096451785961,1.2131330139765077,-33.247761129662294,0.04113369586731444,0.007207058402584433,-35.495233146849216
-35.75158741352341,0.7721981534433697,-37.99010219113089,1.0611978683838075,-36.30879266823217,0.11173334260897543,-0.00016278111397360483,-37.73944310913939
-34.53438507636457,0.7682024416614031,-36.80401960501925,1.0775245343203872,-35.00602644170432,0.08217297261847004,-0.0002994020988872874,-36.44846493594218
-34.452417145225205,0.7431532660084276,-36.6671292893462,1.0847189017667358,-34.659928964618295,0.009626078108586483,0.0026579739803464916,-36.51239589865505
-33.113787764429574,0.7987170809885226,-35.610138409648876,1.0313878563034935,-33.83156777900882,0.07392501933340788,-0.0009049201710835255,-34.79897454354439
-36.36133493847348,0.8779199222662588,-39.091501471733324,0.875038519625569,-38.156303243869,0.36906509394875303,-0.014434209466674647,-37.121441077528765
-33.34799161236887,0.7126257660293012,-35.46586928606965,1.1176240940787208,-33.263408552647306,0.054134674328855215,0.008134248110646619,-35.769329686810764
-34.38977367986756,0.6173510639267693,-36.36730886516128,0.9205243978957063,-34.79319216838166,0.09151679123528453,0.0031237981652947008,-36.76070365651406
-33.11143552840032,0.6156847547827697,-35.12720690370613,0.9281521389410267,-33.45191913976308,0.053327248197430295,0.0028723252559159757,-35.415805597016245
-33.1960566713434,0.6044458124160497,-35.1509176238703,0.959035690436935,-33.31028387120543,0.005191774466916793,0.005548311538901252,-35.63052448733307
-31.91197157973233,0.678751992738042,-34.12697015466805,0.9486314375814104,-32.40470584725998,0.05392495464203477,0.0020495316136594516,-33.90282124011274
-35.208695253621684,0.7241038186123187,-37.67168493078201,0.7636647342115656,-36.876871376826394,0.35725395395966586,-0.011990942869330532,-36.285315816200594
-32.165236607915695,0.5776006908626947,-33.995639235364294,1.0276927711467116,-31.931748901168348,0.0510019727015017,0.010897199263510916,-34.92600284677205
-35.75082300704982,1.1339790212155647,-38.36774829390137,1.3965670605380367,-36.099017167776466,0.032836160133434406,-0.009268162674737332,-35.96236657607186
-36.01755865215253,1.117782258402238,-38.55081333471907,1.432671083492072,-36.1348497839625,0.026291563906590695,-0.006250198758963479,-36.346190384363034
-35.1279119722321,1.1199630537552776,-37.689418722688835,1.4415873963262298,-35.19337658655937,0.029865813146072704,-0.007339411448100925,-35.28854530628303
-34.999587479095744,1.1494997754788017,-37.73730855574777,1.4705184500917654,-35.166086591549956,0.036968977350896014,-0.00667798747781014,-35.16747963510702
-30.98069194935625,1.5415246629536568,-34.9722108088489,0.9448574614327897,-33.82702567560055,0.28164292377458,-0.06030077557239248,-24.362744967086424
-36.94809777075293,1.0690725169603286,-39.33738527987079,1.5161782534600838,-36.45749341211303,0.1674462499631847,0.0014464572797140167,-37.5892400188141
-32.135690670683154,0.32995364933806237,-33.79503026063303,0.5413498353046032,-32.43082242232102,0.08593782725902088,0.011371819222453092,-35.70866889497661
-32.34777139098469,0.33304276279759376,-33.96945470919517,0.5810835078968449,-32.36668476687552,0.16755189876709004,0.013546454023991761,-35.99445289728129
-31.34904220020318,0.3343650215273037,-33.01472576400877,0.5752320389291767,-31.475552355873635,0.13442039404562015,0.012283412207380207,-34.888948648729986
-31.387725339124067,0.3400731996570321,-33.119510693519686,0.5864005736903276,-31.566113230429227,0.12799912857125648,0.01308873101123399,-34.874557390373305
-28.454623669631054,0.9845144295289152,-32.142437952624725,0.5821684093736456,-31.410080656801682,0.19544641941630683,-0.04630538818440565,-24.45117775244414
-33.3609733698191,0.33582428648317947,-34.76226283942789,0.6714333626952793,-32.757331110891364,0.2801029528853678,0.02159516453991198,-37.366562234114575
-32.49885818734214,0.39050448071929683,-33.74096436417828,0.6587021303459613,-32.126492447578144,0.12455088926400681,0.014227814570444095,-36.38312788929393
-28.650801400523967,1.0145846077723173,-32.67152143794324,0.685895817207947,-31.6212550329884,0.11838502997285276,-0.04869193452062695,-24.79857694203455
-35.28951387101674,0.8409165421655393,-37.79967336786811,1.0285500708510076,-35.95885788215912,0.05387697413867935,-0.003176224184204467,-36.793346973096234
-35.71015890518029,0.8720260104692121,-38.26962776652289,1.12134218865266,-36.1375145757736,0.0072785953993531015,-0.001496827745981524,-37.1968036675093
-34.71145569070572,0.8398184969318057,-37.26940230849246,1.1488233220128992,-35.23824575842204,0.1127242638745806,-0.0013428580416363512,-36.21738588732459
-34.63725180906664,0.8681238568352495,-37.27562351510372,1.1150061807003258,-35.14874048498724,0.007444644534587138,-0.0017197455844373357,-36.031524053695534
-31.01529489969758,1.3288745769924508,-35.039183946496635,0.7183472472060636,-34.301971074085714,0.33062174849175796,-0.05672810628846403,-25.452190885708053
-36.77706441351148,0.7853288715428247,-39.12141026250998,1.2071901166734567,-36.58673175615631,0.1367541066034785,0.007530415467207682,-38.791969524133
-33.969586399664415,0.8714551177214306,-36.505421103844554,0.9875208481581521,-34.82024769470745,0.10101715359129619,-0.006377145207860074,-35.117613846767654
-34.233376094768516,0.8600837176121392,-36.79178751890409,1.0205882407955935,-34.91936418034889,0.029381146896621895,-0.0047433038883913205,-35.46362924312337
-33.33587191193519,0.8553289192530644,-35.85310005988035,1.0436116640993718,-33.95090621750681,0.029541072087931015,-0.005734725907734745,-34.38348675211928
-33.3820198434714,0.8831735148734592,-35.994855144001285,1.0585226546083937,-34.040667292013076,0.013729820714920876,-0.005251734161166187,-34.381058142476846
-29.657638281442303,1.3470143364703613,-33.483474173575736,0.735054658758142,-32.84104292754964,0.3647876599943136,-0.05951216874027211,-23.69429508755555
-35.25261763375584,0.7909633715605501,-37.55383044623469,1.1374823586952123,-35.24295125889758,0.10440919087931927,0.004063398213399123,-36.94846204559745
-33.28686739544571,0.577108827211613,-35.51437122783342,0.7697302482149934,-34.044549949376936,0.07159314258660475,0.0006439169252333522,-35.61895966950218
-33.528184034270346,0.5647766607775893,-35.75552443895925,0.7826839158058643,-34.13254688148568,0.003329453080481637,0.0027410486974331957,-35.96945837500719
-32.63610199423805,0.5849137948614794,-34.84660791695194,0.8218275674970531,-33.13732244255523,0.008513106466182111,0.0016869401010603587,-34.88769473428557
-28.999782684072457,1.039103305355092,-32.474346024080916,0.5070889029677937,-32.10517002143395,0.30736018347503447,-0.05196081633201839,-24.234938079631476
-35.96906479349529,1.1276227120676987,-38.22395462964535,1.4542210358168808,-36.59521904654552,0.25027879180134277,-0.008910185669231314,-36.639012393848105
-35.57672841852813,1.1158221757231759,-37.68210474957408,1.562834447900013,-35.69872133344443,0.1433272801922263,-0.0032345522417835033,-36.391920365793744
-35.332915471864524,1.1218653238210974,-37.249870626070354,1.6298560188563564,-35.34766410090258,0.29353918061017914,-0.005454154942004255,-35.520748081163944
-37.9513237813768,1.415615470785772,-41.13740121923085,1.1995190981790746,-40.118055554802346,0.3689365261191592,-0.026549017674282752,-36.644292068263574
-35.68828640302657,1.1969803565512271,-37.931829662327225,1.4992230281200842,-36.031409234444254,0.15336907662159158,-0.004984191897212369,-36.12379285358484
-39.586097317830976,0.9385701982247042,-42.647691989953955,0.9996698871782397,-41.90246491121752,0.4838334737946593,-0.015473234796321182,-40.48580634512212
-36.637703930247156,1.0803059406731197,-38.68429933837571,1.7207326902703308,-36.386701971070195,0.14840388351720318,0.0020897672869121665,-38.515420210097986
-35.70354240839529,0.8940915886481928,-37.8548452889143,1.443873200574359,-35.737111836819665,0.08229634273464291,0.0033706281318585376,-37.67608831880914
-35.52811025444431,1.0547867206951294,-37.85490991723256,1.583562017103071,-35.9326128791089,0.27882584641750885,-0.004285047236607521,-36.498493333782086
-38.011380701546855,1.133824591341958,-40.98870832164221,1.1395602995572645,-39.73868481245852,0.31050958995977307,-0.013535339670518459,-38.339459241619075
-34.98734623180826,0.9532282159653331,-37.282833489124876,1.4138159717576455,-35.24241118614104,0.09304093640898775,0.0014209477399665695,-36.6200176928791
-35.90010898873831,0.79652851054989,-38.09410722523022,1.1767687547542067,-36.52946635729897,0.1991751922075582,-0.0012648727594053312,-37.97796634288774
-35.567143200604754,0.8470199050846752,-37.80309769249817,1.354679215255436,-35.785123456016414,0.10048666450437882,0.0019339245743274557,-37.56305993735383
-35.49719878113822,0.9884349589996693,-38.21648170029185,1.239893982774757,-36.5977769124305,0.21281723304551178,-0.007667178681004366,-36.45210412158424
-38.2397732262377,1.069021777226344,-41.11825383926289,1.0746256332199717,-40.182427103515465,0.4495737726468063,-0.01668863673024118,-38.447058184021245
-33.10269377985746,1.0112898122160447,-35.684838012662844,1.2989942585998207,-33.7501296726805,0.11223570445503876,0.0013437257315450542,-34.899232779082375
-32.77724034841622,1.321361294754144,-34.577268204823994,2.559207378802613,-32.41829628304089,0.2495294855729613,-0.013702048415633123,-32.163122102454345
-25.979195359038517,1.4722938397829224,-28.281923254919132,2.3425914107207846,-26.289738769393505,0.2289027324982965,-0.036862795141594025,-20.613133109532274
-27.15155551068279,1.6261159678024846,-30.131577910635848,1.999119021722979,-28.87149741776205,0.39863893761438246,-0.05447375051551986,-20.495017055193525
-24.64799647399647,0.7403795682151818,-26.251064694256904,1.792604616242816,-24.96246150374119,0.46564074433381986,-0.007849573629811406,-25.678751117465726
-24.351640899965272,0.6237502087069482,-25.705336542384373,1.525472088660435,-24.16325606688163,0.10755968209172144,-0.026030248402932703,-21.664833316184616
-26.860469569175955,1.0194498435314694,-29.40874237941508,1.6144891815691447,-28.267474224803323,0.26226942153187877,-0.04977310924093062,-22.10411174169455
-24.128785740024473,0.6147687947422352,-25.79598790058918,1.5459863186529652,-24.13924476962054,0.09236340277481866,-0.027799881217313617,-21.551402969964055
-27.31945625218921,1.2980748108685083,-30.346352313343218,2.0111112662304094,-29.16674648180119,0.4546455355704256,-0.05396492949135798,-22.151981554883672
-26.73580787085521,1.195168232103688,-29.25840866526012,2.3102854413676437,-27.356536605157544,0.2861542912929256,-0.030386827235162506,-23.129185377636716
-28.162838424128275,1.2678262367503688,-31.02474146689248,1.7826513479154866,-30.184111827831753,0.5119409073773176,-0.047962248478027464,-23.164975899016778
-28.87163971339283,1.3203076274450138,-31.95999300524187,1.9651334340663056,-30.994424551266192,0.545304414637871,-0.051813226799074234,-23.894274613643965
-28.42937167127667,1.22302589314402,-31.104636859095827,2.1372135357911777,-29.558881617060347,0.39172844550149133,-0.03738692215453831,-24.353204004605946
-34.97089145551291,0.7661173563373457,-37.00378161355611,0.9751655427844278,-34.811185662554024,0.08469970181037725,3.5536536754151346e-05,-36.210247179318415
-34.64097100534005,0.6644966594497663,-36.3372942140372,1.0945121555397401,-33.57326076298207,0.260604257317615,0.01088335574649948,-36.32406060858611
-34.32261641901834,0.7557450097632228,-36.48378410193362,1.0255941112498892,-33.940454042879786,0.20583536151241527,0.006474796606062456,-35.79154059236715
-36.515630532660836,0.8756911824549324,-39.15102239720248,0.8158629811204852,-37.22979611828057,0.05382692128165312,-0.022159543333908207,-34.44545519214874
-34.870242916459546,0.7989240141528899,-37.23124152348545,0.9968139956749996,-34.746706087434845,0.17264116656758766,0.001665128161753065,-35.719930630604175
-33.94403403921611,0.39915020785585925,-35.90749384399219,0.6779245141417987,-34.126348507194486,0.0881878185670686,0.009229283962152878,-36.98975429143535
-33.16930804949999,0.3475139634313953,-34.764888411311276,0.7882935803815991,-32.3361777800412,0.2944546255438177,0.017845248255436732,-36.440449619929815
-32.8183232431186,0.43903214862156326,-34.825157807226624,0.7301293482787843,-32.627729438616186,0.2492134930740487,0.012498804921481255,-35.721618453359774
-35.750486627549705,0.7485453988677776,-38.68219296033038,0.798418506227873,-36.75438837297005,0.04910042229357756,-0.014374627262364466,-35.409485704174074
-33.02644373807746,0.48916645721851204,-35.1599015648356,0.7169901653323464,-33.06244921821086,0.21362909941698366,0.008125487580912766,-35.291224055702266
-33.02219613408175,0.37345335851352585,-34.91326062788363,0.6451288826001558,-33.171399672665956,0.11358702246240125,0.010064306802786138,-36.21346710415042
-32.19015014458165,0.3164510291948677,-33.7467181838678,0.729376907353981,-31.370588272601076,0.3452542025296062,0.017278503678362832,-35.52236845210269
-31.900388239809015,0.3937901888282207,-33.84482496359577,0.691526253189793,-31.71225716506626,0.26755794184505693,0.013524767319892453,-35.01394561987178
-35.086596217675606,0.7720147384897643,-38.26682553131931,0.8507213566361009,-36.20492999747579,0.06528606448685563,-0.012632536730329899,-35.26291814338113
-31.964791871766117,0.44533577482705206,-34.06383355280338,0.687663229785783,-32.00044078955141,0.2381483710235655,0.00905695502173868,-34.41178500999749
-33.39692122703119,0.38052445389370204,-35.29211623252198,0.8440811672458572,-32.69343524571878,0.2990255408616936,0.020107371560262148,-37.066890418680806
-33.116334660253465,0.47175212787582177,-35.399601370810366,0.8115813694143151,-33.0255690339656,0.23115177728952188,0.015613693054216048,-36.51945432622656
-35.528667143594184,0.5464474679166311,-37.99685520062869,0.697615196415323,-36.2395875334542,0.05942578535379684,-0.003813259751656426,-36.62606916355669
-33.09871617561195,0.5176252766086513,-35.557385242637075,0.7921388799635618,-33.26703814510344,0.2196195857253864,0.010193185667318258,-35.74750265392727
-37.16248983339185,0.8279093357343362,-38.812231004168744,1.9801817022823784,-35.810667096238745,0.10451077978107796,0.008437239397817079,-39.51916807257144
-36.03694832843689,0.7829498836799946,-37.47750088659552,2.0727646316724115,-34.04973610650215,0.28271461352328037,0.014212204821611597,-38.69355927015567
-35.105518243577414,0.7901954992128161,-36.48492503847635,2.1211268528106038,-33.03967575134091,0.2664176644460557,0.017185564028863096,-37.92076208742013
-37.8144045263208,0.7945405430981927,-39.43082134499461,1.7962743260696865,-37.0291937342295,0.06612155165691888,6.892217078723715e-05,-39.437732626764344
-36.048274965597315,0.720602940233705,-37.20916005870831,2.1922496461994783,-33.43910875347834,0.3495355383369838,0.02237934294216777,-39.31847624649263
-33.800965432484396,0.546752880995635,-34.99147680246306,1.354486399330982,-31.96023401567886,0.21361413367054977,0.025601896501562613,-38.675673011984415
-32.5995836724927,0.5633500291981267,-33.58932432409004,1.4839117155246695,-30.16290646762244,0.3139143686625107,0.02919620909160846,-37.64003313376529
-31.626264959909186,0.5720874494426718,-32.58398212179422,1.500384574249394,-29.026799461942986,0.3734114835037002,0.03182527961481533,-36.81620685269333
-34.80095834015623,0.5335571077548273,-36.593341000186285,1.5475499808533382,-33.8740830666212,0.0013570549162375267,0.011171787644424927,-38.51683160161912
-32.58272282853693,0.6032104887687727,-33.24881450181745,1.540528346473993,-29.428733625933795,0.4540249639586366,0.0389757774013333,-38.33812295896631
-34.23947529156406,0.40614546955163927,-35.348364408213655,1.4446591014159051,-32.57849239869202,0.14867367349662935,0.016762877120687757,-38.05808766122199
-32.95384206554536,0.414005465543817,-33.95467407641429,1.5506622536074104,-30.71360141706865,0.3088285727125601,0.022905872893381377,-37.17236234586422
-32.057588110101285,0.41518156052535593,-32.97659930440462,1.5910134866652508,-29.741731997196965,0.2552476702972987,0.026195249860713844,-36.46904847479981
-35.3843754595997,0.6474312837700819,-37.48476423592485,1.8106042897033847,-34.7457013064372,0.02593091028376197,0.002492357972558291,-38.092279453951384
-32.99098015435379,0.4072434560461501,-33.61987042307818,1.680707893095429,-29.94644663638465,0.3994522224629687,0.0325017670967226,-37.826160226632076
-34.18204393481949,0.4760092329353785,-35.65237249696369,1.5559480534697554,-32.864045607486005,0.09128578410745139,0.015840534570397677,-37.94706784558983
-32.937591081427406,0.46909140126534987,-34.25096410899101,1.654414979921497,-31.11139486973017,0.18768145262082891,0.01993176863865593,-36.8974253852866
-32.0321517057967,0.46177026262749576,-33.28096309102863,1.6675311461173623,-30.055786336476004,0.21977645621642247,0.024405048337858736,-36.27809006280432
-34.8578628471661,0.44471034996259223,-36.320267074932794,1.3972738070144257,-34.13884607447262,0.10063169124750582,0.005584161872013373,-37.75273766723049
-32.93541625352704,0.452683092539809,-33.98775078622283,1.7207922907036115,-30.467176805972635,0.31898736054102605,0.02970156438736117,-37.639707918135166
-35.02344672110908,0.4543785527661261,-36.517495460972526,1.430979841950746,-33.91293849103603,0.07405333684690958,0.01363057533008071,-38.656015359238125
-33.82205273342369,0.449502625537371,-35.123300887154535,1.5602087504511764,-32.097869522841364,0.1800159568601179,0.018244009398910428,-37.61406158242885
-32.90688451905967,0.4387271839160392,-34.145529918680154,1.5488590370544868,-31.07327020059688,0.2172295509941306,0.022110564188054394,-36.970076671705215
-35.73066070214753,0.42527945703956593,-37.20625392597885,1.294119335692901,-35.22459475141277,0.1444725341364849,0.0025101895248544146,-38.40535301288152
-33.85011192627749,0.43373453521109356,-34.873277120751176,1.6366391881709987,-31.52515437165968,0.2917686140630148,0.02652707827896624,-38.26428671604295
-34.23721033504738,0.6652504412183057,-35.53863094129449,1.7657015084865724,-32.35067408846011,0.2975302812513744,0.026815265955448867,-37.664319020922456
-33.075069829224795,0.8318919867796938,-34.84191343234123,1.717643243471593,-31.90027521040336,0.221100915684144,0.017974646471719254,-35.662834381547576
-28.19854853701454,1.4836047954587723,-31.916817124757777,1.2334381463581894,-30.85582103286903,0.3101135942336804,-0.055960444130967825,-22.414087807035664
-31.484319055443542,0.8699129519872094,-33.336833939328464,1.7532601001264478,-30.40351659376492,0.2057386568398652,0.01537699578665932,-33.54471203431415
-33.88788198084775,0.3812609456573793,-34.821146068503104,1.131605253912772,-31.869689381954657,0.34768147244661657,0.03859781388173298,-39.36194846794469
-32.541868720670394,0.35258536850480476,-33.96546402849729,1.0120728253349616,-31.418925668997474,0.23458895112239408,0.029118486276442705,-37.195685256389645
-28.545552643937818,1.0591728131440858,-32.84427213753578,0.806933938633624,-31.910910179032353,0.28192399571658844,-0.05546292247744271,-23.859909074651554
-30.847430337531193,0.36172555460029077,-32.40652547198428,0.990536816735563,-29.89531304744299,0.24528492400917296,0.025694521600299086,-34.93891153529329
-33.57016493318697,0.34395621162782036,-34.38792829788763,1.2247762146515064,-31.411236483670674,0.3317133450293842,0.03987235218814598,-39.122213455875375
-32.13351318658148,0.364462022626185,-33.489116602342335,1.1387186703597914,-30.796671061154854,0.27063876867185505,0.03043216613151425,-36.85891336984001
-28.6284525338473,1.21580210630141,-33.015800142081545,0.9524308270510347,-32.016320825385364,0.3024408080781254,-0.057438953796746225,-23.644931139977555
-30.427413212916875,0.3663516245306492,-31.870965007763136,1.0901932935837428,-29.220811312642475,0.28252990498202607,0.027272198451218952,-34.57962067594653
-36.11080448859098,0.4075561468240709,-37.58752066988126,1.3191032010788541,-34.522690037403564,0.3038096785411109,0.034953558606454264,-41.21295161872438
-34.607761007500166,0.46584489627966635,-36.5775785913566,1.184385608404795,-33.89001750332975,0.21823398170311553,0.025249222500751494,-38.891312292242866
-30.524133518458193,1.1177292453511791,-34.73386146989411,0.7187402317158545,-34.14874081051938,0.3859993011934433,-0.05815321743755766,-25.47244939322144
-32.89763262954498,0.5036848774191721,-35.02055852686751,1.208029133155415,-32.32636651944206,0.20232444045500014,0.02186124771787027,-36.592012729969625
-33.928854270575684,0.4246924855535833,-35.2749929683541,1.194106257691362,-32.32362240820213,0.28219226192258734,0.03805715737709687,-39.60867038651268
-32.42476992621144,0.4101893064907329,-34.31333748473783,1.0862070525744085,-31.697678272413093,0.20555311423318498,0.028044321998858823,-37.23649503242615
-28.35138512967537,0.9278619372366665,-32.41605474134535,0.6462269179219895,-31.929924851023898,0.397111369002483,-0.05485007882796189,-23.84851267347585
-30.67707041245,0.42447529824741137,-32.708255303974,1.0893824156144671,-30.174868611113894,0.16072112184214388,0.02484338461614031,-34.93390813079369
