b0_energy,b0_entropy,b0_mean,b0_std,b1_energy,b1_entropy,b1_mean,b1_std,b2_energy,b2_entropy,b2_mean,b2_std
255.15366421487204,4.754844514129667,9.71445146547012e-17,1.9966912639057084,0.5278096477917436,3.4167974746445813,9.840036055860663e-06,0.09081313588859094,0.3185261373361936,2.8277466716915756,0.0012241410305943875,0.049869699484518935
255.08846943001333,4.725398801299874,-2.7755575615628914e-17,1.9964361584693757,0.5857033726797853,3.359312068002024,-0.0004234903932697864,0.09566313738325989,0.3258271973069756,2.8311459113915216,0.001357257828420123,0.05043493660299316
255.1246593583434,4.729851683133132,-1.3877787807814457e-17,1.9965777727086205,0.5535104494690566,3.4129212242248412,-0.0004875673357654206,0.0929965754802138,0.3218301921874671,2.829816735771864,0.0013076390322755084,0.05012572649474376
255.1489876835989,4.7438270820185195,8.326672684688674e-17,1.9966729658499993,0.533892757404097,3.4772401132620816,-0.00022610000609037855,0.09133467694816828,0.31711955899703387,2.816314225131438,0.0012238154640414971,0.049759409465691004
255.12124030657455,4.730990205246561,-4.163336342344337e-17,1.9965643941005828,0.5559053544155139,3.427855853160876,-0.0005421940893570831,0.09319724882372801,0.3228543390099782,2.8312631831091837,0.0013445727314738754,0.05020449828138144
255.12568160733656,3.890486848304468,6.245004513516506e-17,1.9965817727092054,0.44834750166019643,3.451533344775058,-0.0023582719610037526,0.08366521539324759,0.4259708910031863,2.4552082081184965,0.002123628268585976,0.05764883163550893
255.0917258514604,3.857127357276781,2.7755575615628914e-17,1.9964489015321851,0.4808529914532981,3.533071867988558,-0.0030523319096733468,0.08662569631103101,0.42742115708633366,2.4591304831621428,0.002337094317178213,0.057738771894538896
255.0633637147242,3.776186344604505,-6.938893903907228e-18,1.9963379117881235,0.4865288141981172,3.4878814833527945,-0.0029751592763699124,0.08713874654323306,0.45010747107777893,2.4448151466697956,0.0024753832673807003,0.059248097821573316
255.07198366935492,3.7868875887327897,1.1102230246251565e-16,1.9963716449683588,0.47834793454623226,3.465420865192354,-0.0025946805891767523,0.08641443230112103,0.44966839609892784,2.4400580622438612,0.0023564809786380766,0.05922399295826136
255.04499784566758,3.7601456085219027,0.0,1.9962660372151193,0.493938064727066,3.466544476586118,-0.003021045731540455,0.08779894956118978,0.46106408960545553,2.429913179628803,0.00251016552599763,0.05996467517692991
254.88260716702263,4.7758500065873095,-9.71445146547012e-17,1.995630410918998,0.7642087260876675,3.4087291416857353,-0.0002681075305968491,0.10927346184445627,0.3531841068897408,2.939721732968328,0.001607073436504349,0.05250398223035832
254.96538522486097,4.856332244044177,-1.734723475976807e-16,1.9959544444045942,0.7097675556603964,3.4552490931909787,-0.00044788853761177673,0.10530867700741268,0.3248472194786329,2.956316055094306,0.0012927077978863916,0.05036067720678608
254.93884442986047,4.847072038029925,-6.245004513516506e-17,1.9958505565839768,0.7308388854647699,3.4492830924882094,-0.0006333970992453606,0.10685951709371373,0.33031668467481123,2.9553158110568063,0.001310082327581189,0.050782701614988185
255.01268339176283,4.876752860163296,0.0,1.996139568766747,0.6692543598577502,3.4669584399398703,-0.00011709546581377319,0.1022598927313599,0.31806224837936176,2.946377114826967,0.001133907422783,0.04983548504249077
254.93094301071807,4.850517548252966,9.020562075079397e-17,1.995819627256549,0.7399710561287614,3.464553618592136,-0.0006852612554916499,0.10752477932562157,0.32908593315317203,2.96282272314577,0.0013251411383203861,0.050687551269741636
255.10829728946118,4.34487383321142,-5.551115123125783e-17,1.9965137477983543,0.508694133126331,3.5151281366928546,-0.0014287031779947478,0.08914204752712443,0.38300857741252603,2.614946802175699,0.0018025025343735976,0.05467179799173369
255.03663853501408,4.2482111340116315,9.71445146547012e-17,1.9962333223121977,0.550181789233847,3.5561920533844376,-0.0020110901496877783,0.09269598682353346,0.41317967575206493,2.5960455316427096,0.002166653950241138,0.05677386570837775
255.06074079161198,4.28049452470368,1.1796119636642288e-16,1.9963276471734137,0.5374056104929806,3.5962735730549706,-0.0016019887942013956,0.09162093808653171,0.40185359789505937,2.6181822590646124,0.0019770038969564316,0.05599618459454689
255.04014556653124,4.268453411736985,-7.632783294297951e-17,1.9962470474560634,0.5529756322953846,3.560748195035786,-0.0019338115122137403,0.09293279629738155,0.4068788011733333,2.6104047002603883,0.00213153086007486,0.056340014291436015
255.17155527150942,4.659393920714956,9.020562075079397e-17,1.9967612654289282,0.5133947044063398,3.5291979047133837,-0.0009113766921753398,0.08955982162149509,0.31505002408425525,2.7800546012127185,0.001641683077329679,0.04958460637972085
255.20263797247287,4.72551681299549,-1.1102230246251565e-16,1.9968828754636283,0.4999653763615013,3.4972448420894136,-0.0008748386987800076,0.08838095758080229,0.2973966511656686,2.7936841254348854,0.0013427052020518154,0.04818307254599035
255.21510574792467,4.729806532065394,1.1102230246251565e-16,1.996931653139717,0.4902897695259094,3.51181132199003,-0.0009080179383132918,0.08752115831195355,0.29460448254946414,2.7998740706385576,0.0012980595428889866,0.047957403613423474
255.2455611670905,4.740125785705011,1.3877787807814457e-17,1.9970507988621093,0.46345874100276824,3.5458272590736333,-0.0006455739353769343,0.0850948063189653,0.29098009190679996,2.785417237566647,0.0011769913224962828,0.047664417120622006
255.21595073987072,4.725960237278747,-1.3877787807814457e-16,1.9969349589584735,0.48704445101037047,3.5229514212069466,-0.0009702314294372772,0.08723031696612348,0.2970048091189364,2.79064071165005,0.0013308513278767582,0.04815162412613701
255.13999933534126,4.388349608817486,2.7755575615628914e-17,1.996637796300247,0.48384145927191613,3.4812143039172874,-0.0010797706435398662,0.08694168675889052,0.3761592053868071,2.667575239350619,0.0017082640238600573,0.054183259648245746
255.14382731283064,4.393820608742356,-6.938893903907228e-18,1.9966527744610425,0.48303668146652873,3.5218158635437726,-0.001139615722607229,0.08686857558357508,0.37313600570287353,2.6788273780253085,0.0016470843496557662,0.05396676901296592
255.13840810016703,4.402068980393748,3.469446951953614e-17,1.9966315700612143,0.48559767876767046,3.5567055828382887,-0.0006974365033948844,0.08710325661574649,0.37599422106536273,2.667954114103426,0.0015328908770882556,0.05417661024493953
255.11313035477826,4.375703480860286,1.249000902703301e-16,1.9965326598364002,0.5033763589714126,3.503871049054555,-0.0013550045729957987,0.08867592441883806,0.38349328625035317,2.665800892198707,0.0017643418144605786,0.05470766305365849
255.14771806529575,4.012096456169547,-2.7755575615628914e-17,1.9966679981334519,0.42084548726609683,3.3829942036098926,-0.0023505924097339207,0.08105668050109173,0.4314364474382588,2.3999204042374513,0.0021667920914093934,0.05801639645517466
255.1559544995792,4.046904358027012,0.0,1.996700225135442,0.4257193165525718,3.4338227153825898,-0.0023852595748372466,0.08152407532682955,0.41832618386828535,2.4274833258777817,0.002090910057881225,0.057129689362019384
255.17464862858395,4.077744481023615,-1.249000902703301e-16,1.996773368417564,0.4195606206744956,3.427307521109766,-0.0019356815488282561,0.08094373252439326,0.4057907507415241,2.441393946996816,0.0019379342871969013,0.056271526111050726
255.1532182997624,4.021220053292025,-2.7755575615628914e-17,1.996689519162603,0.4246869181567803,3.429142991344623,-0.0025460653017337883,0.08142021031463258,0.4220947820808292,2.417860192977404,0.002168655801673615,0.05738390381474883
255.10482992959618,3.7500849032484744,1.6653345369377348e-16,1.9965001797269992,0.43956275526154154,3.4123596763616124,-0.0025545618916295674,0.08283503041892011,0.45560731514231523,2.404168633493587,0.002263146270977816,0.05961803685551459
255.12576213275707,3.793743150843878,-4.163336342344337e-17,1.9965820878001308,0.43409160475578995,3.4488427822779615,-0.002571202673755895,0.08231688916085014,0.44014626248704947,2.4290602064452766,0.002184142152514624,0.05859925083768293
255.11429700869556,3.7915739691556594,0.0,1.9965372249875202,0.4339350491832493,3.4170390875095866,-0.0021109897839498523,0.08231511930150093,0.45176794212112487,2.409561923809256,0.0020763539183719665,0.05937276987160823
255.1044535074402,3.7772588393060573,-6.938893903907228e-17,1.9964987067498323,0.4442457961378925,3.4479202809320593,-0.002716324636896857,0.08327041578568921,0.4513006964219237,2.4176210763842385,0.0022566901518904724,0.05933543663237542
255.10871395713866,4.319468648675353,-1.3877787807814457e-16,1.996515378247884,0.5011238242024785,3.5589452688117684,-0.0014818659679457754,0.08847521588793537,0.39016221865897954,2.6325675610863737,0.001833309583346955,0.05517953705174488
255.1166316656766,4.340675078644119,-1.3877787807814457e-17,1.9965463605376652,0.5007744105436271,3.6024890734732753,-0.0015971025420531346,0.08844235087453489,0.38259392377982,2.650148934169242,0.0017882513828045934,0.05464263158488746
255.12806745074047,4.338591233244921,1.5265566588595902e-16,1.9965911083438743,0.49031113121099873,3.6109177168325663,-0.001322940639628502,0.08751777678412469,0.3816214180485277,2.6418108907654387,0.001674850402489682,0.05457666355351345
255.09231855563192,4.324324684128823,-5.551115123125783e-17,1.9964512208996614,0.5191385237941544,3.5905803772385108,-0.0017603825472981378,0.09004687938829879,0.38854292057389495,2.6469496299069735,0.0018610079120624909,0.05506385580882249
255.102963276223,4.469509416554573,-7.632783294297951e-17,1.9964928753168603,0.5217995957808019,3.541410789779056,-0.0012092618549045995,0.09028652374436233,0.3752371279962232,2.6843686784789904,0.0017286615161123597,0.05411609549693331
255.11703822643295,4.482182251778429,2.7755575615628914e-17,1.9965479514121405,0.5107575990363526,3.5832211422961993,-0.0013708352197422074,0.08932361555458514,0.37220417453068433,2.6877673622061744,0.0016980071913378922,0.05389769832839931
255.1134396132096,4.497694273578944,6.938893903907228e-17,1.9965338699747621,0.5207340245798724,3.564930981540969,-0.0010379540228834436,0.09019640672170309,0.3658263622105687,2.699966590841651,0.001565630835034183,0.053437507940195514
255.09913567564558,4.473392338305629,-4.163336342344337e-17,1.9964778974313646,0.5284984541274121,3.5823464533149747,-0.0014649681347648192,0.09086056468075103,0.3723658702271015,2.6980663827419518,0.0017467770846579106,0.05390785778498107
255.10084453836404,4.639053721761844,1.8041124150158794e-16,1.9964845844413472,0.5313740906155744,3.723673352535141,-2.404434273266731e-05,0.09111926024577861,0.3677813710203956,3.0046362213357867,0.0007615524060602199,0.05359768650818489
255.10827617499152,4.654788253378529,-6.938893903907228e-17,1.9965136651759343,0.5250174658667447,3.7134432270677813,4.940040464306971e-05,0.09057259775322726,0.36670635914173,3.0012864833901642,0.000687950508134217,0.05352027797847395
255.10741845504202,4.64138758852394,3.469446951953614e-17,1.9965103088539342,0.5233943488046742,3.693406808887858,-0.00010567479061932266,0.09043243628760458,0.36918719615322915,2.9885651509331903,0.0007685403708072609,0.053699947073023654
255.07599592349703,4.631953204050674,-1.0408340855860843e-16,1.996387346259398,0.5496483354766104,3.6964028051790305,-0.00037748317127059023,0.09267207102615893,0.3743557410263745,2.997798158487119,0.000800228521132591,0.05407415150589528
255.2387447494573,3.5267139541148764,-2.7755575615628914e-17,1.997024132731067,0.3452651858258382,3.460991778705078,-0.0029296074593449305,0.0733906392441357,0.41599006471692174,2.43916097228088,0.0019541610837049044,0.056974587625185
255.24956006881658,3.540836553800812,1.3877787807814457e-16,1.9970664425790292,0.3418820702617419,3.4789313923424907,-0.0029267052226580074,0.0730297319204951,0.4085578609217469,2.452464302763909,0.001925701372284811,0.0564637048259847
255.23066886944596,3.5237648249681923,-4.163336342344337e-17,1.9969925390659558,0.3463396440423999,3.462736507168014,-0.002995802058715968,0.07350225920464958,0.42299148651166224,2.4304104259995416,0.001987137478944411,0.057451477552906624
255.2263713706704,3.531808094652993,-2.7755575615628914e-17,1.9969757266092958,0.35251391896360107,3.503671554015177,-0.0031330034873757813,0.07414994452428375,0.42111471036607295,2.444994786795596,0.001993318951742699,0.057323514845930096
255.14837426960685,4.834461457000559,-6.938893903907228e-18,1.9966705657074746,0.5355275147498803,3.748536474266304,0.0007078537664020235,0.09147194302633059,0.31609821564335827,3.1422765184000574,0.0002882673868308196,0.049693402093511634
255.1323643999541,4.827774710268965,-2.7755575615628914e-17,1.9966079218888426,0.5441192666929587,3.753541239737089,0.0005030725745909081,0.0922041781052365,0.3235163333529653,3.125055311738487,0.00035601276928567895,0.050272702426149195
255.12981229115837,4.536995024559813,5.551115123125783e-17,1.9965979357520507,0.5017966763940146,3.7928020409026884,-0.0004931638182198777,0.08854563714890122,0.36839103244759697,2.9225176234245054,0.0009608386194641561,0.05363890127644486
255.1279560748263,4.540226141674351,6.938893903907228e-17,1.9965906725388558,0.5079015991311737,3.8150311606237195,-0.0006785449762982069,0.08908143500830984,0.36414232604256735,2.9260004961489803,0.000986632031694573,0.053328120906718554
255.12351504987902,4.525339342369167,-1.5265566588595902e-16,1.9965732950869497,0.5052562111776691,3.791831772066862,-0.000727177597120343,0.08884874513685224,0.3712287389433522,2.9076057915419278,0.001025675914362992,0.05384396448919447
255.0860363209888,4.507683730590712,-1.3183898417423734e-16,1.996426637148345,0.5352366227869934,3.8056236516268633,-0.001040319477621668,0.0914439170553802,0.378727056224154,2.9152884222713427,0.001098498804726937,0.054383806662711795
255.24115610523634,4.672996462526118,-3.122502256758253e-17,1.997033566103564,0.4386916916198773,3.8080519954461787,-0.00031058424874796757,0.08279167360903518,0.32015220314383724,2.95386306839446,0.0007817354795772939,0.05000577943299352
255.2402957827858,4.685622424703148,1.249000902703301e-16,1.997030200474201,0.442740845110907,3.820529655495773,-0.00034790463812005377,0.08317273992854088,0.3169633721033334,2.965395946364498,0.000760136401124744,0.04975639192313865
255.24521456660753,4.688199478124525,-4.163336342344337e-17,1.9970494429540904,0.439143010552179,3.803316835008658,-0.0003362208799134784,0.08283415053827561,0.31564242284032307,2.966646739816535,0.0007649193737578529,0.04965250574534656
255.21716217694257,4.672976815084135,1.0755285551056204e-16,1.9969396983921992,0.45986379005388367,3.797581945384637,-0.0006139529409152481,0.08476434852801192,0.3229740330035521,2.968776234620536,0.0008091261335367453,0.05022529191294242
255.3393441808868,5.07183622225115,-4.85722573273506e-17,1.9974176460686324,0.42787930485072834,3.791977824264471,0.00030277367727076215,0.08176504428172825,0.23277651426254395,3.1714013066451114,0.0004174936907122707,0.04264261034099977
255.36987902666849,4.762653617551183,6.938893903907228e-17,1.9975370734461213,0.36290612306418896,3.4375378400408723,-0.0008818797854730472,0.07529694854987104,0.26721485026738767,2.6908914217401163,0.0014329343474850658,0.0456679616018688
255.3104963857653,4.702813360976522,4.163336342344337e-17,1.997304810495279,0.4055242922538221,3.526352239773445,-0.0013290074694077775,0.07958989135318774,0.2839793219809277,2.694037256669132,0.0015960360948735317,0.047074845955774075
255.31514276776014,4.686776377077193,0.0,1.9973229848340133,0.3943391993160056,3.492333231512916,-0.001283356057961245,0.0784850494460001,0.2905180329238455,2.6720400108725038,0.0017702358633755605,0.04760817573910559
255.30478905640274,4.692388400343308,1.249000902703301e-16,1.9972824860310303,0.406827924975791,3.470159815055322,-0.0012817375528156017,0.07971852655808709,0.28838301862144144,2.6843560472210792,0.0017341147786208999,0.04743400867431067
255.31949132876701,4.6994335555712325,-1.3877787807814457e-17,1.9973399940951426,0.39476334399096413,3.558552839281626,-0.0009881011889802914,0.07853152810113369,0.28574532724206814,2.6798613548883985,0.001622481175131888,0.04722025967648845
255.3567010978644,4.9891131227172245,4.85722573273506e-17,1.9974855330274939,0.4259332569305334,3.390103504428064,-0.0005604565114620424,0.08157752771467364,0.21736564520509302,2.956667163790459,0.0011687808135721531,0.04119226935451135
255.32228520695514,5.002470381156949,-8.326672684688674e-17,1.9973509221863528,0.45522013137994916,3.6280240855954586,-0.000418622018293781,0.0843364648797749,0.22249466166496823,2.9905559650103237,0.001117090046206308,0.04167723184289272
255.35405822246335,5.017109798724407,6.938893903907228e-17,1.9974751962730326,0.4327469105122347,3.3625149492022715,-0.00036371850687253035,0.0822285728053298,0.21319486702450569,2.9705592884220664,0.0010407614223345626,0.04079830528699361
255.36093967234584,5.034056882822103,1.0408340855860843e-16,1.9975021107324027,0.4279114655423299,3.377385024112195,-0.00028592096914799563,0.0817681777851158,0.21114886211194056,2.9774655598238677,0.0009847358931707605,0.040603334597914945
255.46536451978744,3.8471744648091444,-3.469446951953614e-17,1.9979104886409897,0.24525940778757935,3.386276896514245,-0.0030087216624916312,0.06183143084741434,0.2893760724249658,2.386836330102649,0.0019156875767750159,0.0475087434787349
255.462786593753,3.8317366749957085,-1.3877787807814457e-17,1.9979004080602694,0.24498627135236428,3.394910765732735,-0.00297849206021598,0.06179837437123991,0.29222713489462343,2.3833353876818153,0.0018906248483157536,0.04774358626084949
255.44599809158157,3.815098905687806,-1.3877787807814457e-17,1.997834757976986,0.2547637180797481,3.520122270230242,-0.0030894049528335677,0.0630169713016539,0.2992381903387642,2.3933970214805713,0.0019935915955717884,0.04830966729932697
255.4444183757658,3.8188079646471893,5.551115123125783e-17,1.9978285805146898,0.25695844117455335,3.3906658205427895,-0.003060316669707336,0.06328988943925805,0.29862318305960717,2.3738678934202384,0.0019514506606989053,0.04826163546723255
255.44039233991325,3.8348145740244624,-2.7755575615628914e-17,1.9978128366569137,0.2563982803883328,3.42138476570657,-0.0031047350167985916,0.06321853961887419,0.3032093796984793,2.371198895125182,0.0019174504847950732,0.048632773543493574
255.44163266542378,3.8146790005583973,1.1796119636642288e-16,1.9978176869767788,0.2572693258571876,3.4107459462382503,-0.0033589177150824155,0.06331311782167943,0.3010980087190399,2.3593611998470534,0.001980204511442581,0.04846036507508339
255.56702297119477,4.995767423348816,-1.700029006457271e-16,1.9983079677379356,0.28990307082957245,3.387132935410597,-0.0004917567243719894,0.06730151303675204,0.14307395797567304,2.9915209394887894,0.0008732891266095546,0.03342158977048056
255.5686278636274,4.99947580502192,2.0816681711721685e-16,1.9983142421474103,0.28832246623211927,3.4171578484203087,-0.0006810359960379433,0.06711612864914784,0.14304967014048547,2.9827769857955557,0.0008980241345843174,0.03341809540692358
255.5434431832133,4.971427690430736,1.4224732503009818e-16,1.9982157790733481,0.3079135815209969,3.433580447589075,-0.0006411739148938101,0.06935948822819007,0.14864323526576997,2.9953145699951222,0.0010476817527955607,0.03406138045438979
255.54377868830272,4.975141410431599,1.0755285551056204e-16,1.9982170908098875,0.30838036965657856,3.4570738196910455,-0.0005558066468309612,0.06941278235926995,0.14784094204073223,3.0069911698440195,0.0009748334754889939,0.03397141532801197
255.54327037623472,4.987109800116604,-1.6306400674181987e-16,1.9982151034432374,0.31045062799053524,3.4917380227459556,-0.00036577233331892855,0.06964666017083872,0.1462789957747399,3.0191709219421425,0.0008826565173327365,0.03379386885165068
255.5414536431064,4.979484543641452,-1.3877787807814457e-17,1.9982080004778124,0.3106997601316356,3.458901220396874,-0.0006049635086235444,0.06967293428017826,0.14784659676199857,3.0079698275889655,0.0010157911162585475,0.0339708655410963
255.4798745358015,5.048273932970991,1.3183898417423734e-16,1.997967226863819,0.36432144022408425,3.3942973145970967,-0.00024397311144403974,0.07544841271108498,0.15580402397442816,3.09603676193499,0.0010340973496831408,0.03487333623230789
255.48621463261867,5.05546796008755,-4.85722573273506e-17,1.997992017910649,0.3599246402486159,3.4166021046766377,-0.00010799746833504162,0.07499207185050602,0.15386072713271132,3.107819674823983,0.0009507408693229262,0.03465736606442714
255.48344145062896,5.054681893656728,3.8163916471489756e-17,1.9979811742521694,0.3629419025022585,3.406882053134326,-0.00034385135764107306,0.07530503962446097,0.1536166468689198,3.101890468317387,0.0010254039597057017,0.03462771433956992
255.47946851776015,5.055008972249743,5.551115123125783e-17,1.9979656392415768,0.3647372423228896,3.4198372666892616,-0.0002774392802879452,0.0754913401572717,0.15579423991687463,3.1009050558473827,0.0009689750164114724,0.03487411055164208
255.4952458200408,5.066203438311405,6.245004513516506e-17,1.9980273311289156,0.3531935451410453,3.454335842350875,-6.836867822808661e-05,0.07428757950392965,0.15156063481818216,3.113186407019972,0.0008522937873875573,0.0343997246328663
255.4763348589486,5.056790519680092,3.469446951953614e-17,1.9979533858854346,0.3708480858596288,3.392432358395329,-0.00034449138546950066,0.07612084252845627,0.15281705519177696,3.1134373540237914,0.00098239816732428,0.03453864701354984
255.46154061613768,4.607211767437295,-5.898059818321144e-17,1.997895535839437,0.2925917030921199,3.4871120255593935,-0.001705364511000158,0.06759317341787552,0.24586768077027366,2.5771802582469165,0.0016876099172023658,0.043794899575009004
255.46932796640746,4.629109866424624,-1.1796119636642288e-16,1.9979259869862838,0.290890422092491,3.479193670553477,-0.001498616388921476,0.0674011646347007,0.23978161150009167,2.6044905418570323,0.0015757770717536497,0.04325287003731199
255.46182190495733,4.6345846773885295,-6.938893903907228e-17,1.9978966357809802,0.29804887517148726,3.471042997652616,-0.0017488416994281407,0.06821990345393952,0.24012921987125718,2.598863907615066,0.0016592554668373376,0.043281132165644276
255.4670579977627,4.642220966433744,1.8388068845354155e-16,1.9979171106967983,0.2954050651886667,3.477710320735458,-0.001688417885325427,0.06791799016915497,0.23753693704866674,2.606183277744713,0.0015993390537170629,0.043048802948327886
255.48222024805042,4.65858728720429,8.326672684688674e-17,1.9979763991038002,0.2849416408370987,3.479104307015614,-0.0013913426100581328,0.06671039876826629,0.23283811111255714,2.6007736336669067,0.001452294527820177,0.042625562561347106
255.46911449281401,4.70019666242253,-6.938893903907228e-18,1.9979251522392472,0.30537917647906887,3.395126609231137,-0.00161430046447596,0.06905753881000859,0.22550633070698006,2.639674065613635,0.0014233793205565915,0.04194928128059042
255.42319092655464,4.80840412240595,9.71445146547012e-17,1.9977455689420052,0.33193094429857334,3.468906581686701,-0.0007257454116873878,0.07201315364752901,0.2448781291467379,2.72216991172538,0.0012162856675705025,0.04372220297667711
255.37810876731237,4.773134827294499,3.122502256758253e-17,1.997569260248379,0.3698179907314447,3.487595610546683,-0.0006161610402758361,0.07601333074370094,0.25207324195621594,2.762819671505188,0.0013675947445593096,0.04435596788931103
255.40491635188698,4.835096557263332,1.3877787807814457e-17,1.9976741020492392,0.3538650280854979,3.427993672406456,-0.0006674886941847606,0.07435519835679978,0.2412186200276023,2.7559845970713575,0.0011418549125999824,0.043396044016986324
255.4066965359814,4.83908774791208,-1.3183898417423734e-16,1.9976810639776084,0.35306206798484413,3.4989460102619967,-0.0003883656884225862,0.0742727674478018,0.24024139603378072,2.7523003167292215,0.0010531284779687546,0.04331023928498668
255.40834506344348,4.845390530135764,2.7755575615628914e-17,1.9976875110027354,0.3529425780430669,3.44674371778153,-0.0006513487736612058,0.07425835661188558,0.23871235851350137,2.767190891350336,0.0011386241621949658,0.04316994134700666
255.36293875207565,4.536800261362787,4.163336342344337e-17,1.9975099293873815,0.3503259322306005,3.483257879482971,-0.0014310447226880186,0.07397158104370083,0.2867353156937824,2.5868638648373485,0.0015270927424013785,0.047305260189684825
255.32994014362157,4.507896619539752,4.163336342344337e-17,1.997380863717305,0.36742287625894954,3.49389574967503,-0.0013711899221915658,0.07575686292174041,0.30263698011954465,2.5854589369004386,0.0016720096465770704,0.04859584129249843
255.36897017439549,4.59398977630995,6.938893903907228e-17,1.9975335188614307,0.3518872374280056,3.5129884428112503,-0.0012635861867181758,0.07413933797088643,0.2791425881765926,2.619968028605018,0.0013997288272900085,0.046678070111559694
255.36884707101044,4.616045264790175,-5.551115123125783e-17,1.9975330373950109,0.35087769948504766,3.5078226248282824,-0.0009172304120691169,0.07403798175818305,0.2802752295045504,2.616494621690228,0.0013086262130241025,0.04677539660910302
255.35651685464697,4.617437703954272,-6.938893903907228e-17,1.9974848124213258,0.36737289996263234,3.479985841498541,-0.0013030390086847966,0.07575291183352609,0.2761102453904173,2.639997481935454,0.0013904667496614457,0.04642389357142205
255.32061721598166,5.195374535215078,-2.914335439641036e-16,1.9973443979443586,0.4868521746596598,3.334889359696132,0.0006252616665384913,0.08721625007362757,0.1925306093587767,3.1910960623472113,0.0006322546600059451,0.03877815931243183
255.2481733225104,5.132771499684122,1.8041124150158794e-16,1.9970610176367234,0.5416873628095018,3.383933410827654,0.0007800319838151782,0.0919959596612954,0.21013931468007171,3.1965213756968893,0.0008401944377143581,0.04050935039277838
255.29856461562082,5.187387387651917,1.734723475976807e-16,1.9972581385787556,0.5066586453530889,3.3372016847726056,0.0006545578070026536,0.08897254007680856,0.19477673902613715,3.2000995779934405,0.0005474579877307522,0.039005045358175984
255.31669340130028,5.194273553140264,4.163336342344337e-17,1.9973290501054946,0.49083744528293566,3.3798832574491824,0.0012222475730785556,0.0875662103406101,0.1924691534167608,3.173031975523841,0.0003644122795189203,0.03877541056854176
255.27729185108,5.189793979994752,-1.8735013540549517e-16,1.9971749260325509,0.5281932460460446,3.3361110474732376,0.0006169608309291022,0.09084403573599395,0.19451490287393272,3.219807761975603,0.0005529642389538974,0.038978736629770826
255.50256760816688,5.1783032949184795,-3.469446951953614e-17,1.9980559598964207,0.3564106464064096,3.3729883172923723,0.00044942974765302445,0.07462381900574425,0.14102174542675633,3.191553110344044,0.0004878588561995356,0.03318876888170095
255.44061173970314,5.135958321482483,-5.551115123125783e-17,1.9978136946254177,0.4078493106221256,3.3924802605857236,0.0005551350657974439,0.07982692091975886,0.1515389496747971,3.2171037637360547,0.00066442121875229,0.034401403878016726
255.47431318740087,5.173263089709856,2.0469737016526324e-16,1.9979454806258201,0.3839557918000479,3.3278041593912544,0.000429268971410688,0.0774540184562811,0.14173102079911967,3.212698979024336,0.0004394756285861887,0.033272818653745
255.4817183501509,5.176992049691824,8.673617379884035e-17,1.9979744365784833,0.37734346209169556,3.4126089762390768,0.0007802726642287959,0.07678139598725853,0.1409381877574642,3.2069569625608407,0.0002747702944297108,0.03318138172440213
255.4737869200656,5.17614546850799,1.0408340855860843e-17,1.9979434227790398,0.3837493654342253,3.357301453691652,0.00042496909109164885,0.07743321791183282,0.14246371450023915,3.2133344847601233,0.0004299164581409848,0.03335885101996377
255.53376426639437,5.134995341585093,6.938893903907228e-17,1.998177936686924,0.32809485751022904,3.3496245876857103,0.00039360662611310484,0.07159837443979583,0.13814087609538625,3.1336838084427914,0.0004870111472078351,0.032847959063505
255.50165109086737,5.099128424268177,-4.163336342344337e-17,1.9980523762641464,0.3511058452777197,3.429743202278366,0.0004979378441637072,0.07406605761323955,0.14724306385491648,3.1500434095980157,0.0006313950030143153,0.033910732470955315
255.52220500622818,5.134111711133613,-3.8163916471489756e-17,1.998132741642135,0.3381754586574167,3.3429222680347443,0.0003906881382998821,0.07269001928945079,0.13961953511446018,3.1420837542290263,0.0004283085151947175,0.033024145256123315
255.52444966193434,5.141257250617313,-1.9081958235744878e-16,1.998141518003098,0.3372806623332297,3.396743967944194,0.000697347474014036,0.0725914874861867,0.13826967573242915,3.1397085890587526,0.00030192051978526866,0.032865493844750536
255.52773704616982,5.13835013118223,6.245004513516506e-17,1.9981543712502303,0.333718713843511,3.3732435330836887,0.0003589786716533122,0.07220959796396983,0.13854423998674648,3.1474546950281685,0.00043608696373542135,0.03289660625439221
255.4733501321975,4.791487453130488,-9.71445146547012e-17,1.9979417148194254,0.30530846305890813,3.4390323988856744,-0.0009951384894044237,0.0690612368458772,0.22134140474357747,2.697229403168845,0.001200099972672396,0.041566687197980914
255.45161812101856,4.75907747671898,-1.214306433183765e-16,1.9978567348888947,0.3208589225345632,3.488741711379922,-0.0008792079429142787,0.07080005408186965,0.22752295644689652,2.719025378645545,0.0013110749793817085,0.04214029164160849
255.47032820598125,4.807794971381899,6.245004513516506e-17,1.9979298982242737,0.3103756843053323,3.432170829473482,-0.0009240465526612479,0.06963308269234769,0.21929610971346686,2.7142089597313515,0.001121734720791392,0.04137623192549838
255.47771200052821,4.819662521381018,7.632783294297951e-17,1.9979587708479507,0.3054612621221635,3.3998251687878387,-0.0006530502021767234,0.06908260089264331,0.2168267373496391,2.7116798304954552,0.0010324871679997195,0.04114477920455974
255.46488698698187,4.821100245536796,-1.3877787807814457e-17,1.9979086213267092,0.3189314332947907,3.4167384349795973,-0.0009180063706692989,0.07058654906945457,0.21618157972336222,2.7343130851290143,0.0011096574743109833,0.041081470906948706
255.2437273839202,5.178896026567049,1.3877787807814457e-17,1.9970436250552348,0.5330275027129688,3.2014550200211294,0.0007248176943662372,0.09125803728549103,0.22324511336688266,3.078940173954723,0.0007862559948530098,0.04175505058899257
255.26733406687003,5.184187216446517,6.938893903907228e-18,1.9971359730360987,0.5087081508902366,3.237387337187164,0.0010086061690839847,0.08914901890237285,0.22395778223974905,3.0701858950126777,0.0006468101945787595,0.04182405779357413
255.24434337853828,5.194450502831669,1.249000902703301e-16,1.9970460348448809,0.5337094027061134,3.301483074316207,0.0015084012029721633,0.09130681323479588,0.221947218755643,3.0647458338009086,0.00047184003746454347,0.04163820377378816
255.24905420036646,5.1853297501011255,1.457167719820518e-16,1.9970644636267318,0.5273905322443463,3.2351939194258166,0.000859205480583916,0.09077300717867645,0.22355526738922152,3.081868569339335,0.0006908163560919565,0.04178574277478443
255.28365277126235,4.980991719883072,-2.0816681711721685e-17,1.9971998083694515,0.46220059431251576,3.389426120868697,-0.0003436697293913659,0.0849809753842009,0.25414663442521845,2.8698094759245873,0.001171855522823824,0.04454376876826484
255.2801379371956,4.987204948601555,6.245004513516506e-17,1.9971860592515365,0.4651083375048346,3.372719809153968,-0.00012688501662699988,0.0852484702132865,0.25475372529955564,2.8719653051912015,0.0010638008461861946,0.04459968393007323
255.3098480651403,5.001637491791213,-1.1796119636642288e-16,1.9973022745738354,0.4394875597373338,3.4072422627909362,0.0003414431001843299,0.08286661895784801,0.250664375122402,2.8575252240360736,0.0009134303450010198,0.04424342974554071
255.2741058094528,4.986766344885416,-9.71445146547012e-17,1.9971624629139964,0.46917608621065593,3.3818323911816575,-0.00021901170818788796,0.08562025683746326,0.2567181043365043,2.872688571968249,0.0011074059678687774,0.04477034556658312
255.1936758983914,5.042691588000338,1.3183898417423734e-16,1.9968478124064353,0.5505632850597845,3.3410029533495003,0.0005190567265264618,0.09274848736865621,0.2557608165488286,3.0188134796354404,0.0009173837504935647,0.044691048167860806
255.1695667956856,5.015609477052975,1.249000902703301e-16,1.9967534853312734,0.5697108760860633,3.382215163643453,5.1746684435501414e-05,0.09434897859079021,0.26072232822840685,3.0186679494118245,0.0010603713037811036,0.04511949469999134
255.17076207950902,5.0248097034157535,2.7755575615628914e-17,1.9967581619946688,0.568806824403661,3.3362222298239956,0.00030505574400633466,0.09427361015841206,0.2604310960874149,3.0211003483984604,0.0009433484575107577,0.045096873859178314
255.2156110611664,5.040016130587052,1.5265566588595902e-16,1.9969336300515161,0.5292452772357962,3.4112144899350696,0.0008968232569699741,0.09093213494059772,0.25514366159785884,3.000450157074601,0.0007385451144186022,0.044640389865538144
255.1670593336339,5.019723040448607,-1.249000902703301e-16,1.996743674608243,0.5703095411177441,3.3793370626112633,0.00012239713139319472,0.09439847243947848,0.2626311252484554,3.018572974918352,0.0009988981682905918,0.04528584622653025
255.43851417293632,5.021132154017663,4.5102810375396984e-17,1.9978054920217159,0.3738864804065396,3.416550558571542,0.00015774916631836316,0.07643265906373209,0.1875993466571798,2.986587104739036,0.000797385279447931,0.038275110352229386
255.41502242302417,4.999857603790871,-1.6653345369377348e-16,1.9977136244616627,0.3937116586861666,3.4058682576909463,-0.0002961092321497349,0.07843249955403685,0.1912659182896455,2.986390318529054,0.0009236923040751764,0.038644686299221624
255.43079871920395,5.003936091783521,3.8163916471489756e-17,1.9977753201968338,0.37855572966452555,3.4327451075225808,-9.377439491052358e-05,0.07690854622453261,0.19064555113156223,2.9848894380405055,0.00082826170693934,0.03858409453077975
255.4359665507511,5.014107542284082,7.979727989493313e-17,1.9977955294162328,0.37416420854716825,3.493599901083986,0.00024163207145838465,0.0764608224680558,0.18986924070184114,2.9834871003156005,0.0006725743683634088,0.03850845474311004
255.41187423716417,5.001246052874695,1.1449174941446927e-16,1.997701312748152,0.3950624340958794,3.4211492062406443,-0.0002048129097345689,0.07856722334676287,0.1930633287399982,2.9851548467421005,0.0008617477739554175,0.03882736981248303
255.46774891084192,4.986918049567048,-5.204170427930421e-17,1.9979198123878508,0.33967563066670875,3.427093828582647,-0.0001227698533066467,0.0728520188926185,0.19257545849141183,2.888458323071185,0.0008956631051420607,0.03877748776115135
255.4393034657238,4.969199393591109,-3.8163916471489756e-17,1.9978085785810247,0.36589876265150734,3.391646966687631,-0.0004700708366719964,0.07561049662473004,0.194797771624725,2.8994373198467533,0.0009864058216005741,0.03899852041261663
255.44977010197547,4.9712252239091015,-1.3877787807814457e-17,1.9978495083072114,0.35341274431856445,3.4161300030837247,-0.0002716161589965164,0.07431016319885014,0.19681715370602385,2.8907389360530855,0.0009080291880174272,0.03920216188326888
255.45415314785978,4.983921968789507,4.85722573273506e-17,1.99786664793607,0.35305772845218514,3.4587251209818692,-1.4875732922483686e-05,0.07427332486012703,0.19278912368800832,2.899814631739554,0.0007691795327908367,0.03880171892660041
255.44154184093833,4.9678692492901035,7.979727989493313e-17,1.9978173318060541,0.3593982286774141,3.417177762022826,-0.0003840238370504609,0.07493630527839742,0.19905993038428005,2.8874869353686448,0.0009446530465566235,0.03942414662042565
255.45354413296883,4.986531239585759,-1.0408340855860843e-17,1.9978642664299389,0.35073312737885615,3.3691665942449416,-0.00011280675535528398,0.07402832153933096,0.19572273965232273,2.890448956336347,0.0008960288562475568,0.03909323516700227
255.41653953929836,4.970940040988227,-1.0755285551056204e-16,1.997719557470852,0.3815771251996043,3.3069079688129808,-0.0004777741930719246,0.07721343350132963,0.20188333550209933,2.885543121213392,0.0010070308061060592,0.03970137840888783
255.4259070173145,4.975960322622518,0.0,1.997756190616247,0.37543683983290776,3.2857477397386066,-0.00029836856544567794,0.07659054509917224,0.19865614285263034,2.8953493797064977,0.0009130058170895815,0.03938486430615364
255.46418489358598,4.986289763947445,-7.632783294297951e-17,1.9979058759016355,0.3404243669541998,3.31028323058612,-2.4166755542048574e-05,0.0729323669547842,0.19539073945981927,2.8706313058714548,0.0008078083191721155,0.03906197124761261
255.42322354161197,4.972975936436077,1.1796119636642288e-16,1.9977456964883413,0.3761785020385483,3.3038948713747605,-0.0003942659996358359,0.0766657266884874,0.20059795634947525,2.8911968474267082,0.0009480494069815234,0.03957616373907654
255.22852656231944,3.607618172409855,2.3592239273284576e-16,1.9969841580584062,0.4276196005234228,3.2929893653167186,-0.002284764054438837,0.08170884965163826,0.34385383715723333,2.493538356822385,0.0020515723644947874,0.05178946952445185
255.1686906875003,3.7151871118945112,-6.938893903907228e-17,1.99675005746643,0.4007828578765275,3.3700517648841997,-0.002982678224556409,0.07907803604623409,0.43052645462320166,2.336728716146925,0.0022761066665743022,0.05795090392035434
254.9914394764751,3.4757409353006032,9.71445146547012e-17,1.9960564225041144,0.4399258287306669,3.1063976263906365,-0.0034130103453853975,0.08283835122875734,0.568634694794244,2.1814982286740223,0.0027145456891090477,0.06659646983723515
255.13757894951007,3.741003539752289,1.3877787807814457e-17,1.996628325724669,0.4182413595030334,3.385489385504052,-0.0029169914639530074,0.08078683310437489,0.4441796909869371,2.3368045924324865,0.0022898881082392664,0.058863488244302944
255.14179740072115,3.7625105212800416,-4.163336342344337e-17,1.9966448318081682,0.4184221040868522,3.4786234081596294,-0.0024416841903315838,0.0808200690093231,0.4397804951920531,2.3557470333100596,0.0022545604131775612,0.05857219541754643
255.14556649731693,3.7713863262904126,-5.551115123125783e-17,1.9966595795279116,0.41903083170768063,3.4016242088283026,-0.00286690909550092,0.08086493416599462,0.4354026709752873,2.3492659307073804,0.002249961328069689,0.05827967948622078
255.21859164485767,3.7002127187802802,-6.938893903907228e-17,1.9969452908006522,0.38115843243224146,3.4583952184285005,-0.0023633848119067593,0.07713633980806077,0.40024992271006965,2.3810256472681575,0.002023170034318191,0.05588254919189582
255.19925215345597,3.7877873249738414,2.7755575615628914e-17,1.9968696289186607,0.39908218901967835,3.514440335141355,-0.0027557298209723627,0.0789180914403426,0.4016656575244115,2.425876557194015,0.0020782025241358926,0.05597940713939494
255.19300106291,3.533860449123849,-5.551115123125783e-17,1.9968451721673288,0.37605713013732955,3.3877314892711983,-0.0028727265817573154,0.07660052284666365,0.43094180695266937,2.331720986500856,0.0022427501191176844,0.05798019436601543
255.3922967308364,4.705955921389174,-4.163336342344337e-17,1.9976247486500858,0.362349520425275,3.599140767972405,-0.00046389617194316033,0.07524291366624886,0.24535374873838164,2.7343390944170087,0.0010667603633204622,0.04376857530632971
255.37205802555405,4.6642914048182185,-5.551115123125783e-17,1.9975455956371264,0.3748603482075962,3.6206691618016285,-0.001153933585716923,0.07652360013762712,0.2530816262383916,2.7361138951374295,0.0012288536912841465,0.044448735905454624
255.35304927116343,4.654708779159633,-6.938893903907228e-18,1.9974712500714318,0.3899058054623221,3.586125293884796,-0.0012639520667499398,0.07804281283706875,0.2570449233742369,2.7317053748790556,0.0013009947557302921,0.044793647724948545
255.35714533186638,4.661462617369313,2.7755575615628914e-17,1.9974872705002182,0.38987872932647677,3.6117194377350637,-0.0012402877842177854,0.07804048200734359,0.2529759388071692,2.749047785300303,0.0012406372314558464,0.04443911949162511
255.3176545958279,4.625314986732397,6.938893903907228e-17,1.9973328097890473,0.4156476268467393,3.6528255091116106,-0.0009387038541722147,0.0805829572835005,0.2666977773254267,2.750361831060257,0.00127844338774273,0.04562830226799188
255.3556119545691,4.669385373578277,-2.7755575615628914e-17,1.997481273201364,0.3928216788653082,3.6039257092233368,-0.0011841711397788937,0.0783354100709389,0.25156636656562437,2.7564445039082113,0.0012105317784397258,0.04431587584159121
255.47581519445345,4.861204128648449,-8.326672684688674e-17,1.9979513538655878,0.3298012152524836,3.571181617397807,-6.436421090403243e-05,0.07178537347934057,0.1943835902941342,2.8559490814427138,0.0007591126171429881,0.038962103988458036
255.44234179976633,4.8219734032988795,-2.42861286636753e-17,1.9978204600567462,0.3539571838962475,3.5738111673991013,-0.0007900133084718965,0.07436367982658808,0.20370101633747106,2.8525243633821904,0.0009463152667741419,0.03988130737014978
255.4427968165225,4.809370041570993,1.734723475976807e-17,1.997822239404238,0.3508585419408542,3.557403357922822,-0.0008873536085055676,0.07403632433744478,0.20634464153666165,2.840496204658824,0.001014111720093322,0.04013775142461694
255.42778921895876,4.815682128053458,-9.367506770274758e-17,1.997763551210761,0.36255161411081793,3.5542914177172698,-0.0008965791569499697,0.07525998349918005,0.20965916693037842,2.8416761654807683,0.000975228857537605,0.04045999469005165
255.4151433653367,4.7885789739071605,-1.942890293094024e-16,1.99771409743321,0.3677261845356988,3.639894963663542,-0.0005535282584067649,0.07579851739867632,0.21713045012761958,2.843672881989768,0.0010101660449403516,0.04117415701849496
255.43474876485624,4.824597076279894,1.0408340855860843e-16,1.9977907671853123,0.3591731100039882,3.560484405978094,-0.0008710490429893573,0.07490875194112516,0.20607812513982954,2.850530119272979,0.0009643905748280262,0.04011303159166733
255.33788990247382,3.959562181384518,-1.3877787807814457e-17,1.9974119579411138,0.3110010837995564,3.4260805353776913,-0.002195702726157137,0.06967475026081123,0.35110901372664627,2.379293305741842,0.0018293143788176726,0.05234207464977744
255.3097912379371,3.9395733508389634,-6.938893903907228e-17,1.997302052292734,0.32569454472271553,3.4164357292897565,-0.002638701531877405,0.07128824949118963,0.364514217340268,2.3755810300030493,0.001948601930495169,0.053328887795333915
255.29999797070226,3.932874846978176,9.020562075079397e-17,1.9972637453006108,0.33581838243277834,3.4211571913101553,-0.0027834183109014406,0.07238380211082242,0.3641836468649726,2.374838221161644,0.0020168208612668386,0.053302131052577605
255.30870580925824,3.959608117978119,-2.7755575615628914e-17,1.9972978066051292,0.336621823604684,3.4535846300514885,-0.002707366586610608,0.07247334792866196,0.3546723671371029,2.3983554980700506,0.0019418840028285929,0.05260329794583392
255.29154175614133,3.9236405447483897,-8.326672684688674e-17,1.9972306676845588,0.3411902583364611,3.432493963200451,-0.0024763743786407415,0.07297236022251177,0.3672679855222504,2.3871626731620195,0.0020012097619811244,0.053528275671659103
255.31080391149854,3.98812080916909,-8.326672684688674e-17,1.9973060133883251,0.3337061216990324,3.455084837146593,-0.0026504748005192792,0.07216046795080526,0.35548996680251127,2.396321560006822,0.0019226036551129506,0.05266468418997655
255.08533235751315,4.411187394024767,-6.938893903907228e-17,1.996423882367205,0.491014496882879,3.7161426549005183,-0.0003807819556978379,0.08758970555320528,0.4236531456039415,2.7754609292044767,0.001025907335598546,0.05752162822947172
255.07980517971242,4.411749295412139,9.71445146547012e-17,1.9964022530374501,0.49873289574985635,3.7024461872446754,-0.0005262153147355415,0.08827471095129139,0.4214619245378032,2.785509734147051,0.0010364203664073796,0.05737244215017942
255.07626994335902,4.409577162224414,2.7755575615628914e-17,1.9963884185861691,0.4981780705532113,3.6690353422876667,-0.0007058548994751607,0.08822433973260901,0.4255519860877651,2.76727493968069,0.0011031052887457685,0.05764900736380987
255.0623206922458,4.392030021865642,-1.8041124150158794e-16,1.9963338300034743,0.5032138543810196,3.676627841394143,-0.000682878139986947,0.08866933039190812,0.43446545337324183,2.761418581524162,0.0010662801090346751,0.058250531338413805
255.1742557449224,3.5851855165120563,-4.85722573273506e-17,1.9967718312352096,0.37547091002316124,3.4487265328974797,-0.00274017611426428,0.07654557076653559,0.4502733450544466,2.428431739354055,0.001917972343229391,0.059279692056626546
255.1621977849527,3.588773458664356,9.71445146547012e-17,1.9967246531231806,0.38308526611191407,3.4675220175166475,-0.0028565551855405475,0.07731460001494295,0.45471694893548964,2.428519281806281,0.0019544463060433633,0.0595705993187521
255.1541634392284,3.6029599780004733,-9.020562075079397e-17,1.9966932172314162,0.3892066555545176,3.461606026771155,-0.0028708153091296556,0.0779301765203968,0.4566299052171158,2.425987993496156,0.001960995100227362,0.05969569191093778
255.136997667682,3.599641808819399,3.469446951953614e-17,1.9966260512568526,0.39732958095413906,3.4507444438436163,-0.0028265556374989158,0.07874189028488297,0.4656727513638681,2.4263774324588265,0.0019356195816481077,0.06028533608486694
255.0455993637825,4.87264324708392,-1.3877787807814457e-17,1.9962683912888821,0.6197006298516635,3.6737211141282136,0.000953580160295378,0.09839671247714597,0.3347000063659142,3.146104682052905,0.00018322160399228968,0.0511352151611542
255.02842889135707,4.860511318873948,4.163336342344337e-17,1.9962011926224907,0.6320891922629808,3.660477232146612,0.0006883009327665083,0.09937766283695258,0.3394819163800193,3.141499182488339,0.0002479590008861107,0.05149894162070499
255.0280138372518,4.865181816044995,-4.85722573273506e-17,1.9961995682313578,0.636980504147614,3.6806418117710877,0.0005990299445778901,0.09976202454056336,0.3350056586006295,3.1486865443172807,0.0002609614718589754,0.05115822130339973
255.0125624242384,4.861397217248104,1.3877787807814457e-16,1.9961390953234508,0.6487926346738446,3.6697149680810326,0.0004185328685588352,0.10068371142849651,0.3386449410877809,3.1487082606392804,0.0002775664761886167,0.05143526571428969
255.13715898000868,4.5213058181892585,-2.220446049250313e-16,1.996626682447832,0.49013969450810024,3.78964220356801,-0.00048079816485641384,0.08751115105981487,0.3727013254832526,2.8624785591777417,0.0009353327280072362,0.05395233320279884
255.1259226381303,4.510499440115806,-6.938893903907228e-18,1.9965827158474516,0.4989571797569733,3.7891880981855226,-0.0006742434526404934,0.08829355202657371,0.3751201821127802,2.86027914874785,0.00096826367819954,0.0541266005602197
255.12267282870886,4.503653866175545,-4.163336342344337e-17,1.9965699995113058,0.49994845079780204,3.7840617836602743,-0.0006363931508459536,0.08838150002954924,0.37737872049342325,2.855308209414612,0.0009472318493984715,0.0542897228366323
255.1104842458614,4.495013056031277,-1.8041124150158794e-16,1.9965223054956298,0.5084034272850121,3.77402827323382,-0.0009103802838163343,0.08912336819862203,0.3811123268535854,2.8513907034779384,0.0010108416466870218,0.05455656012533194
255.24035201678078,4.488883148697691,-8.326672684688674e-17,1.997030420464896,0.4083151620490909,3.7807972308776145,-0.0009559762261966182,0.07986870799300558,0.35133282117012377,2.7596866048888353,0.0010904180446689097,0.05237937240822433
255.23699747326276,4.495954612428989,-6.245004513516506e-17,1.9970172972510105,0.415524897644276,3.794394276448949,-0.0011569901205858496,0.08056821891758982,0.3474776290930425,2.771178134775303,0.0011280732521249815,0.052090271913546725
255.23264336703699,4.497797702587281,5.551115123125783e-17,1.9970002635477926,0.4186344366461723,3.7847465200076686,-0.001187941972763278,0.08086873231642618,0.3487221963168783,2.767819335709339,0.0011318379543833654,0.05218343704251982
255.23208460454077,4.502211308611125,2.7755575615628914e-17,1.9969980776019665,0.42070393436367903,3.788157414479977,-0.0012494773898494307,0.08106748904884584,0.3472114610955571,2.7765886299433546,0.0011161902726753898,0.052070564228594886
255.09678688555886,3.9828447789007098,1.1102230246251565e-16,1.9964687062628497,0.4687356847644045,3.48072897569629,-0.001896770345011396,0.08555932057176532,0.4344774296767782,2.4859367762015028,0.0020708644148915685,0.058224277066572204
255.08177874236347,3.966141139846836,-5.551115123125783e-17,1.9964099761445366,0.4811303575603494,3.4869544480218577,-0.002111282668732775,0.08667874204424732,0.43709090007619394,2.4925462372328715,0.0020830177426332964,0.05839891860239487
255.08555594566744,3.969103374492934,-1.249000902703301e-16,1.996424757322713,0.4731549870627354,3.512246233627949,-0.0017829260739045194,0.08596434055740923,0.4412890672698332,2.4730050819340614,0.0020012447858001377,0.05868190400245103
255.0658508803151,4.871015375023737,-2.7755575615628914e-17,1.9963476450771103,0.6225299529670153,3.4977170481241213,-0.00039975247231712136,0.09862489905227022,0.3116191667178777,2.928076884215608,0.001232077156445976,0.04932551799894233
255.0452039227905,4.879715134980218,-2.220446049250313e-16,1.9962668437094278,0.6443627674902359,3.4796842426906514,-0.0005670424868886802,0.10033866007104639,0.31043330971925265,2.943042155988329,0.0012248857221594544,0.049231695960522334
255.07250873397822,4.901095166814075,4.163336342344337e-17,1.996373699728688,0.6237367437021931,3.501973930769301,-0.000433495207538243,0.09872030542017082,0.30375452231960054,2.9520433186935744,0.0011658563886683298,0.04870033864874946
255.0938630604272,4.604308430776584,-2.0816681711721685e-17,1.9964572648366843,0.5594391293154489,3.5749776304900713,-0.0008080127791716915,0.0934910878688583,0.34669781025745816,2.77921871689219,0.0015192043382032273,0.05202180947271227
254.98315880513314,4.474519845884853,0.0,1.9960240119623325,0.638495433372319,3.613333728829088,-0.0016031030548468903,0.09986952091122708,0.37834576149453236,2.768790993876358,0.002003049175806826,0.05433059962558239
254.9849792951526,4.4765052953709565,0.0,1.9960311374041135,0.6369730808674916,3.641461257037034,-0.0012764474026778815,0.09975507541264632,0.37804762397989805,2.773909750776755,0.001857296806595445,0.0543143398276658
254.98833438209186,4.487086465560864,-1.3877787807814457e-17,1.9960442692285623,0.6350350133820866,3.590183585696531,-0.0016232532996812168,0.09959812815921883,0.37663060452609726,2.765097144021361,0.001961149179763949,0.05420867542889096
255.1727771161186,4.536345467358423,1.3877787807814457e-17,1.996766045995212,0.48374840564785093,3.596480205924859,-0.00142295172614498,0.08692838458543177,0.34347447823358257,2.6501376588018086,0.0019102717672483615,0.05176625563989652
255.1625640155963,4.530571454787811,-9.71445146547012e-17,1.9967260860577978,0.49301009422308545,3.5856747841914496,-0.001887079698247317,0.08774805782721445,0.34442589018057623,2.6424983248324896,0.001899395506290356,0.05183839854534895
255.15205795656243,4.52306337448702,-6.938893903907228e-17,1.9966849790518504,0.4967912405406938,3.59482086963252,-0.0015764472438106578,0.08809016941484346,0.3511508028969513,2.633174165177542,0.0018497598283226475,0.05234447474385387
255.15072919747564,4.521175995031237,-1.5265566588595902e-16,1.9966797799623646,0.49740687205509565,3.5864249649559574,-0.0017882811824746817,0.08814070811080017,0.35186393046925074,2.6323361446697673,0.0019508007043685957,0.052394000929523
254.9893641168167,3.997963936828479,-1.249000902703301e-16,1.996048299597297,0.5309678083051946,3.4334799996954466,-0.0016792041123690174,0.09106894244646563,0.479668074878118,2.5003016082034075,0.0021112816608356414,0.06117964796183382
254.89351552934912,3.8791589456238125,-8.326672684688674e-17,1.9956731145521,0.594419170690291,3.504513221932826,-0.002160383603208173,0.09634901288919771,0.5120652999607187,2.500901332538801,0.0024712466777402375,0.06320129030170882
254.91378331470233,3.9312270285482,-4.163336342344337e-17,1.9957524556648363,0.5867795046085996,3.5538026328041994,-0.0019288977172008679,0.0957324872397346,0.4994371806891781,2.5128714857767456,0.002363788469843172,0.06242007271866992
254.91553129856595,3.9215362780680345,1.6653345369377348e-16,1.9957592982471841,0.5749282755088001,3.5154108788129967,-0.0013640001030128606,0.09477021583041785,0.5095404259253147,2.5219461729412727,0.002227074070006352,0.06305414116953957
254.9060631967643,4.999249770248553,1.8735013540549517e-16,1.9957222345430345,0.772288419558292,3.3936190455998316,0.0008711973605617413,0.10984647272788173,0.3216483836773648,3.077945413602952,0.0008650428486025405,0.05012115020976168
254.85907164424214,4.976650790039644,2.0816681711721685e-17,1.9955382718558128,0.8132862551512017,3.4131955633789994,0.0005890421574777142,0.11272644217784147,0.3276421006066896,3.0734451155794957,0.0009280468743365341,0.05058500410189562
254.85538151576205,4.974109501369046,-1.3877787807814457e-17,1.995523825010311,0.8165485158499297,3.4371224605511177,0.0003013060809754385,0.11295344073909709,0.32806996838803343,3.0806507931984664,0.0009433238099565183,0.05061775151289397
254.8961225667319,4.98349116308741,2.0816681711721685e-17,1.9956833203454865,0.7807949857853795,3.439977177810908,0.0006167848584411437,0.11045153339512744,0.32308244748273585,3.0535214742707195,0.0008950692011343047,0.050232265249379855
254.84784602674145,4.9756187651881225,6.938893903907228e-17,1.9954943232612403,0.824100658523297,3.4407881150686435,0.00031760426599432333,0.11347454303480026,0.32805331473527166,3.0832135728846684,0.0009509604477609067,0.050616323410497766
255.02086247440525,4.365470266890622,-2.636779683484747e-16,1.9961715798404158,0.571537159817813,3.564556582592335,-0.0006756268600325872,0.0944976806620106,0.4076003657770106,2.7166153621338163,0.0016220775767475212,0.05640697405434818
255.0013109951749,4.356039222357625,-2.7755575615628914e-16,1.996095058933719,0.592667217522029,3.576053151076924,-0.0009358023323412742,0.09622655323649751,0.4060217873030683,2.7246931687719,0.0016797692494568057,0.05629585765021971
254.97995740264292,4.3375305648828615,3.469446951953614e-17,1.9960114815341858,0.6057460906722741,3.5924512972974103,-0.0012022539586908228,0.09727968571173068,0.414296506684872,2.718317898127828,0.0017149866167595355,0.05686607318410423
254.99266680458675,4.339094704294171,-4.163336342344337e-17,1.9960612262206958,0.5974664173692813,3.617640358586674,-0.0011192838599804107,0.09661345649046932,0.40986677804392446,2.7151488247914264,0.0016763201462997594,0.05656212650029408
254.95666403852684,4.336789777601967,-1.942890293094024e-16,1.9959203079286458,0.6317035805455207,3.640943647062749,-0.0019654837599462935,0.09933028400046558,0.411632380927612,2.709504903038525,0.0019841692007340084,0.05667398917122234
254.96055699539733,4.695077483655212,1.3877787807814457e-17,1.995935545816318,0.673983948636901,3.573249940520563,-0.0002270960639442583,0.10262040549924424,0.36545905596581246,2.891025945806505,0.001623358123082165,0.05340892793472953
255.06421815443113,4.8000628528333795,-5.551115123125783e-17,1.9963412555630329,0.6059038640683185,3.5120949871539313,-0.00014000094806246267,0.09729968281449852,0.32987798150057024,2.8994305873071706,0.0012393491297965826,0.05075072161267934
255.02822493497794,4.786721862842223,-1.1102230246251565e-16,1.9962003944015816,0.6356036399030215,3.529188525147679,-0.00042055426416773723,0.09965505510306841,0.33617142511900866,2.9045757068754217,0.0012767858159103435,0.051231914630653276
255.04494459478929,4.789967966208913,0.0,1.9962658288147854,0.622861693195798,3.541923295444189,-0.00031312614326267857,0.0986514871058858,0.33219371201492404,2.8942758548647536,0.001229541568140009,0.050928887702843165
255.04900409117903,4.780108760962735,1.734723475976807e-16,1.9962817158218609,0.6123104711705262,3.5369581446021137,-0.00041430629271926563,0.09781195971012586,0.3386854376504558,2.884143921190375,0.0013038407085874287,0.05142256295684625
255.37141603326936,4.832120425626301,-4.85722573273506e-17,1.997543084771849,0.3800282263443059,3.4013768658552928,-1.619492779539409e-05,0.07705803510571815,0.24855574038645883,2.741145187469617,0.0009934760233487158,0.04405513281287711
255.39061147675343,4.847231038007335,0.0,1.9976181577879875,0.36690111901331324,3.419061873495159,-0.00024216105029242112,0.07571506681373755,0.24248740423334192,2.745116178501318,0.0010130227959980723,0.04351329257121061
255.3641815709047,4.833953083403998,-8.326672684688674e-17,1.997514790194402,0.38466936882520164,3.3761766536170947,-0.000308808237945689,0.077526534330937,0.2511490602700885,2.7398992453922992,0.001028495704230261,0.04428367904709868
255.39678285039545,4.851060834907566,-1.1102230246251565e-16,1.997642293314153,0.3597804162975618,3.5046372230305334,4.8709789402864336e-05,0.07497710738622702,0.24343673330703153,2.7368534124387605,0.0009085548095664979,0.043600734020417566
255.37372436070348,4.85406335634007,6.938893903907228e-18,1.9975521127459959,0.3847560658240521,3.3909596105592463,-0.00030529965048982843,0.07753528435895637,0.24151957347247482,2.7711352952507227,0.0010129614311839203,0.043426323547966196
255.21607916168364,4.89135449794285,0.0,1.9969354613760824,0.5134018197048091,3.377807255136197,0.0001766682291071183,0.08956490507572966,0.27051901861162564,2.8814306056085246,0.0009885075501777007,0.04596142606280365
255.2284249847828,4.901100517845018,1.0408340855860843e-16,1.9969837606718868,0.5045556640358951,3.406054406420197,-0.00012021367901938682,0.08879002083135377,0.26701935118125486,2.8808174989898587,0.0010277768494701667,0.04566215452484966
255.22011029818015,4.884927884837076,1.249000902703301e-16,1.996951232105848,0.5086457360006839,3.3996463684611857,-0.00019138577126033866,0.08914904933030551,0.27124396581913407,2.8824939544883894,0.001037827674569838,0.046021912136284406
255.2400314375367,4.901991089736621,-4.85722573273506e-17,1.9970291663397184,0.4930628130002977,3.428945928265025,0.0003526350102278867,0.08777233107123913,0.26690574946304924,2.8737776524277954,0.0008448741641151642,0.04565618638615015
255.21944572952165,4.881910908824118,-3.469446951953614e-17,1.9969486321695347,0.5065784494555027,3.419764759489155,-0.0002822571536809687,0.08896745811610797,0.27397582102288115,2.8783390743643715,0.0010590393973649113,0.046252724647269025
255.27471782239687,4.828437691698179,1.0408340855860843e-16,1.9971648569847584,0.4446679780529401,3.4069873898634317,-0.00021079175968030314,0.08335402044239523,0.28061419955017874,2.745240218779978,0.001141169799456971,0.046808077993809774
255.27800139609718,4.843996095934143,-2.7755575615628914e-17,1.997177701611456,0.45011511341262117,3.4102847869240476,-0.0004591748085790775,0.08386201646494897,0.27188349049019045,2.76607117252095,0.0011462599574914743,0.04607359175888575
255.26141276439836,4.816604769605009,6.938893903907228e-18,1.997112809643893,0.4551682891667971,3.4100581360086126,-0.000554656468340809,0.08433087734888883,0.28341894643488075,2.745889302986865,0.0011921240705942305,0.04704029505884095
255.27873376053265,4.844959592009857,1.8041124150158794e-16,1.9971805664506959,0.4467283513791709,3.4440904406840858,-4.523184020056902e-05,0.08354716299420452,0.27453788808830976,2.7542906123796946,0.0010175072201002628,0.046301100740122406
255.27337548656382,4.829366091142697,0.0,1.9971596060349208,0.44866868984413094,3.4287770943885487,-0.0005837032731890388,0.08372638514413133,0.27795582359204046,2.7602209826664765,0.0011881959518125866,0.04658452599515114
255.35323728190582,4.685600498868447,0.0,1.997471985418013,0.3712539057268125,3.4770860796269947,-0.0005328701626756099,0.07616139656263649,0.2755088123673347,2.639286578414354,0.0012182999453931157,0.04637810196485899
255.36276261652122,4.699428343369294,4.163336342344337e-17,1.9975092405000645,0.3683359083946264,3.495363188143401,-0.0007553858676083449,0.07585959372984445,0.2689014750842526,2.648015524282023,0.001220365632139153,0.0458181566829092
255.35602142036285,4.690642357573437,-6.938893903907228e-17,1.99748287469334,0.37222949117152326,3.492090283448798,-0.0008191275877495849,0.07625886721916368,0.2717490884656574,2.6510961888624163,0.001237323499540453,0.04605983916814553
255.35665370495545,4.703624034308174,-9.71445146547012e-17,1.9974853476658918,0.37402655417963043,3.541085773924012,-0.0006012651683829817,0.07644477345936748,0.26931974086489635,2.652625724820558,0.001123284073783207,0.04585628319430816
255.36267689225713,4.691247448528448,-1.1102230246251565e-16,1.9975089052220811,0.363795444232346,3.49623577975958,-0.0009219525589992737,0.07538868495742157,0.27352766351058366,2.638640100375457,0.0012743660546932955,0.046209423955888916
255.52977895205117,4.989511444103846,1.5959455978986625e-16,1.9981623547964764,0.3013048645333132,3.436885096566259,0.00015571722287148612,0.06861387804576798,0.16891618341550482,2.880163102341636,0.0006459690599847291,0.03632134918897113
255.52998220706348,4.989138740794942,-2.0816681711721685e-17,1.998163149491394,0.30125519288928404,3.4350663178146514,-0.00015646136148400602,0.06860822041663393,0.16876260004716648,2.875767542312871,0.0007060298106001695,0.036303709655833134
255.50592223416555,4.986989204568882,4.163336342344337e-17,1.9980690766109255,0.32420815760364946,3.4143264751270532,-0.00016812402137116348,0.07117390109352205,0.16986960823081765,2.899435775096946,0.000686381185599578,0.03642300365389046
255.52097632241407,4.9944973456871375,-3.8163916471489756e-17,1.9981279376050274,0.3121429706817076,3.4482395376523964,4.943074754609452e-05,0.06983717830427343,0.1668807069042918,2.8960861496650736,0.0005954606969893054,0.03610264462955755
255.5098740092024,4.983331925241911,-2.7755575615628914e-17,1.9980845280902877,0.31947738175357937,3.4193327069293167,-0.00026390257388466407,0.07065241995382164,0.17064860904399554,2.8887493546205945,0.0007421987869802402,0.03650536123799927
255.16680029469921,4.733571841946467,-2.42861286636753e-17,1.9967426610869703,0.49242572553782565,3.667083175953142,-0.00011455365055397515,0.08771624045175255,0.340773979762956,2.959811368215949,0.0007542458702758316,0.051591935707678824
255.15274866339132,4.724703067416243,8.326672684688674e-17,1.9966876816030816,0.4997927019904,3.6422303121431496,-0.00034394518111929406,0.08836935368278069,0.34745863461837384,2.9381379278818733,0.0008371916822935519,0.052094334558022176
255.15928398613448,4.744805386488615,-8.326672684688674e-17,1.9967132523933804,0.5028176036682073,3.648220441263649,-0.0002767860746036694,0.08863660895355059,0.3378984101973798,2.966583003278401,0.000732393106017861,0.051374068653410036
255.14370400175363,4.739021241165076,5.204170427930421e-17,1.996652291969586,0.5154537539089481,3.6591082486954916,-0.00039483462645836104,0.08974301649958655,0.34084224433747157,2.9742921772510664,0.0007072040778326432,0.051597770264603424
255.15100617610682,4.755389370953692,-7.28583859910259e-17,1.9966808637089877,0.5182251640665408,3.669882965836045,-0.0003999421908324756,0.08998393320356525,0.33076865982672166,2.998660399516578,0.0006779255991743369,0.050829819710266996
255.2885016426335,4.826923175265248,1.734723475976807e-17,1.9972187757394402,0.4368723889879804,3.7363426953668606,-0.00020359287911976293,0.08262015267401027,0.274625968378541,3.0118095556475177,0.0006067180444100158,0.046315734596052115
255.28210308753617,4.82707525632968,5.551115123125783e-17,1.9971937464209006,0.4438497417551024,3.7082895526255015,-0.0005710584269770329,0.08327560331331411,0.27404717070866536,3.0022841753973504,0.000717747725646798,0.04626530405567196
255.27951557162567,4.83411220700246,1.249000902703301e-16,1.997183624709218,0.4501411773892968,3.75514728853562,-0.0005462350370839262,0.08386392266041474,0.2703432509851051,3.020803210194866,0.0006630868964136693,0.04595233360874003
255.26431541235334,4.826825653884208,-2.0816681711721685e-17,1.9971241644720092,0.4615090378206126,3.7530186827287455,-0.0006415994184387781,0.08491564676862169,0.27417554982608144,3.0271726687021534,0.0006400579828684082,0.046277281778371857
255.26333925704358,4.828402807106299,8.326672684688674e-17,1.9971203458708506,0.4637954372559739,3.7488163868148683,-0.0007585749869830562,0.0851247805936304,0.27286530570042977,3.027596039596278,0.0006757232967658758,0.0461660437855662
255.28175310738686,4.922720633451355,3.469446951953614e-18,1.9971923773895492,0.4633856497347558,3.6720440681352278,0.00013110915700637656,0.08509044357326213,0.2548612428783332,3.113100013928144,0.00037026947945471096,0.04462024608291132
255.27158157160204,4.919074390955672,-1.0408340855860843e-17,1.9971525885761163,0.47362999374271214,3.6639856002969173,-5.9385196033072494e-05,0.08602595611574666,0.254788434655233,3.110742353012871,0.0004121041359164346,0.04461350486035778
255.26540564049287,4.927063417972584,-3.8163916471489756e-17,1.9971284293036091,0.480609379765086,3.696686431295589,-5.3055617087518873e-05,0.08665747944598298,0.2539849797421302,3.1215062396659725,0.0003706307791328772,0.04454346514429419
255.2468324943669,4.923454635234253,1.4224732503009818e-16,1.997055772311951,0.49729552589349135,3.6861127846072197,-0.00011695314750148492,0.08814890194464757,0.2558719797396365,3.136386097247027,0.00033265458387710437,0.04470893850947186
255.23768158505277,4.930294326630593,-1.8041124150158794e-16,1.997019973552205,0.5094067796148481,3.7040536462104123,-0.00028432972232599616,0.08921547000431598,0.2529116353324963,3.1471981272842484,0.00036558170396997,0.04444928009600211
255.2807291132005,4.611435364703731,1.491862189340054e-16,1.9971883717851349,0.4147724658773937,3.774074577761672,-0.0009833041372812883,0.08049753345480769,0.3044984209221352,2.877095204026865,0.0009824256714038204,0.048764010840519956
255.2704817030205,4.604735816774426,7.979727989493313e-17,1.9971482860843597,0.42218574336168824,3.789117163418905,-0.001128140016727217,0.0812119421029262,0.30733255361784206,2.8722549109210758,0.0010142193640253286,0.04898986562770944
255.27906410844275,4.6195401387815345,4.163336342344337e-17,1.9971818586934986,0.4232177145237284,3.7878602449271606,-0.0010901068758400337,0.08131167478555895,0.29771817703355813,2.8981170469871977,0.0009514231887793156,0.048218440995023114
255.26260883926955,4.6184749168417465,0.0,1.9971174885603467,0.43663027714365266,3.8046708837076513,-0.0011879301671509314,0.08258896356225537,0.3007608835868395,2.9080583397331052,0.000940990814770723,0.048464512164146455
255.2607624158141,4.6215039391317045,6.591949208711867e-17,1.9971102655454693,0.437802968221256,3.7967486383417937,-0.0012972792423914525,0.08269817679383497,0.3014346159647158,2.9005595003810436,0.0009710115459193086,0.04851819322483097
255.41997562697736,4.995980341106937,1.0408340855860843e-16,1.997732994964923,0.37983804563798496,3.7309672227416075,0.00021926708749188568,0.0770384409566929,0.20018632738464598,3.151820516400425,0.0002609307715256702,0.039546018735455754
255.40804394556295,4.994688112463666,1.3530843112619095e-16,1.9976863333990702,0.39094741991394116,3.747919352988954,2.2666724696852186e-05,0.07815723205420547,0.20100863452314616,3.1506139000283193,0.0003010017892260601,0.03962687667650533
255.4110426437158,4.994035338531772,-7.979727989493313e-17,1.9976980605957597,0.38964381644410395,3.7272395856631984,-5.602446107407693e-06,0.07802681975161951,0.19931353984008232,3.154078707502147,0.0002853603707198563,0.03945954383237933
255.39701697265295,4.995202244826498,-9.71445146547012e-17,1.9976432089333926,0.4027039941155517,3.7307590951536267,-7.296004380610214e-05,0.07932366976437426,0.20027903323153773,3.173762320185501,0.00024103974742271874,0.03955530112338359
255.3919949394589,4.9937611783961895,-8.326672684688674e-17,1.9976235683754449,0.4082099058603057,3.7391592624111567,-0.00022753645344153733,0.0798638091142016,0.1997951546808375,3.173308081338387,0.0003029681729864,0.039507060840186535
255.41106696253667,4.732908608569203,-2.0816681711721685e-17,1.9976981557006142,0.33209119779753815,3.7612933723640465,-0.0009473882547282536,0.07202796277197722,0.25684183966582047,2.852700325965087,0.0008715589891100236,0.04478635123916351
255.41512531908216,4.780294294647233,-1.0408340855860843e-17,1.9977140268593647,0.3331137763911943,3.771682424978611,-0.0008829789838861409,0.07213960842856319,0.25176090452668964,2.862670627106558,0.000830110459524975,0.04434177469655168
255.0765641338619,3.8418916242956316,9.020562075079397e-17,1.9963895698464245,0.4695055950004511,3.4625714046334437,-0.0022753428394279213,0.08562036987098988,0.45393027113765105,2.442734493939031,0.002405676214030512,0.05950246184164272
255.11091804055107,3.932825676035083,-5.551115123125783e-17,1.996524002957042,0.4564903996704256,3.4516088966544456,-0.001966420023098554,0.08443219579723812,0.43259155977853836,2.4577161039213706,0.0022320961641489295,0.05809164576325775
255.1032936923518,3.9329473643113855,-4.163336342344337e-17,1.9964941682717225,0.4632973198317744,3.4477315205139134,-0.002484652566569698,0.08504614702615818,0.43340898781644455,2.4511089313105154,0.002287578706384764,0.05814442966422552
255.07265356916912,3.882665436870263,6.938893903907228e-18,1.9963742665187476,0.476723950951651,3.4730310691103634,-0.0023368317149952086,0.08627485700454877,0.4506224798793391,2.4579987523934537,0.0023540511498306212,0.05928698480477244
255.07006225383154,3.9161915943724956,-1.5265566588595902e-16,1.9963641257837001,0.4907189081081723,3.5267158804662593,-0.002144907715022694,0.08753789071073297,0.4392188380603315,2.4814812428391937,0.0022774759978938085,0.05853383872107961
255.06089944722953,3.899336552112253,3.469446951953614e-17,1.996328268061884,0.48878556514482485,3.4774162744451322,-0.0023087885963977914,0.08736099788008968,0.4503149876255871,2.4661274075661357,0.0023579380590383115,0.059266567041922014
255.22063237185188,4.665528901733693,-6.938893903907228e-17,1.9969532745685827,0.4713406905622126,3.5144337667996304,-0.0012868275729604824,0.08580817190007045,0.30802693758587973,2.7003160482461075,0.0017225501922466333,0.049025434936621176
255.24154747584817,4.689309871456205,0.0,1.9970350971653272,0.45750568906987343,3.5145858775050858,-0.0016866437302209547,0.0845321336808913,0.3009468350820351,2.6824667648914406,0.0016674504494549134,0.04845995004204
255.20829486154022,4.664844269551205,-2.7755575615628914e-17,1.9969050070575631,0.48431598050084934,3.52564777317889,-0.0014265609493195608,0.08697932006622981,0.3073891579589671,2.7083142890230008,0.001687052614905803,0.048975827201068994
255.21550882732015,4.667558555859943,1.942890293094024e-16,1.996933230087295,0.4749777883614521,3.5275973032390366,-0.0011911059475242956,0.08614005577993006,0.3095133843184304,2.6925413563462417,0.0016168267272312449,0.04914732125275851
255.2188493706887,4.666050269982708,1.3877787807814457e-17,1.9969462990819284,0.47375250359542687,3.526412517853617,-0.0014759032891780485,0.08602444174860735,0.3073981257158916,2.6983557007800743,0.001705236287021687,0.04897591271595485
255.11302557548828,4.5606189955143615,5.551115123125783e-17,1.9965322498314433,0.541626075702494,3.5318314639666935,-0.0012526764396061972,0.09198553274612875,0.3453483488092909,2.7376682138890747,0.001830943329606987,0.05191032288087171
255.13906302013905,4.620347609053058,-6.938893903907228e-17,1.996634132656675,0.529021273020579,3.5165844436790947,-0.0013297681859971273,0.09090758553343091,0.3319157068404316,2.7390752429318574,0.0016335757156761865,0.05089619720639279
255.13108779595757,4.620886766692854,4.163336342344337e-17,1.9966029266761673,0.533908326634704,3.546428821383902,-0.0013263009788778905,0.09132665837191614,0.33500387740781945,2.744147250132849,0.0015670558457852083,0.05113474482408981
255.1307479682741,4.61594873601213,-2.0122792321330962e-16,1.9966015969652742,0.5335814435187937,3.5704007270858256,-0.0013170625398067947,0.09129882475282686,0.3356705882071331,2.7371090828491713,0.0015699932444397467,0.0511855603816217
255.09300698333016,4.563385185722085,6.938893903907228e-18,1.9964539148486582,0.5533272534960331,3.5481609525209774,-0.0014446375570545578,0.09297123941415573,0.3536657631738611,2.7279181532810854,0.0018287001077006183,0.05253255781619515
255.29128587300414,3.3705095319476244,-2.0816681711721685e-17,1.9972296667548501,0.31911104276871516,3.3546648822441414,-0.003574339136023023,0.07052186996245824,0.38960308422720413,2.3150436408309405,0.0024191217051223565,0.055117347048826995
255.2910789379249,3.420515994156337,9.020562075079397e-17,1.997228857293294,0.31222330738721793,3.3405727321111898,-0.0034811251495227204,0.0697593789079192,0.3966977546878677,2.301291714806547,0.002309986960398853,0.055622523933580664
255.33579599194067,5.15769265412546,4.163336342344337e-17,1.9974037679883536,0.4754497664323335,3.3723781450472066,0.0005035631837288961,0.0861896108856816,0.18875424162700744,3.1193557121354054,0.0006245073151104392,0.038395995928278366
255.30430655778676,5.144898215617243,1.457167719820518e-16,1.9972805987055045,0.5056793016961885,3.3285726731630616,0.0003181887946429457,0.08888834482030762,0.19001414051710416,3.124937724846049,0.0006776787532447528,0.038523060941431916
255.27781529186728,5.149623354140575,1.9081958235744878e-16,1.997176973614363,0.5303721149346671,3.3409405858144536,0.0004238467182245782,0.0910323274986069,0.1918125931981063,3.15015212751438,0.0005657102754850599,0.03870679341206678
255.32726539221576,5.153756623860423,-1.3877787807814457e-16,1.9973704017415925,0.4848438476928973,3.4316526130098133,0.0004779982735654718,0.08703709920402901,0.18789076009134414,3.127235962513147,0.0004958285548076835,0.038309929747493185
255.3387694861083,5.149487615554241,7.979727989493313e-17,1.9974153982635765,0.47299393541352086,3.4259215079531486,0.0003717738524624337,0.08596738931152259,0.1882365784782155,3.12841361096418,0.0005755254569119959,0.03834406133692028
255.15103972812463,5.036814265856331,1.942890293094024e-16,1.996680994989422,0.5825801235219668,3.354102252885169,0.0006375307727292711,0.09540654057529051,0.2663801483533981,3.0271507623995566,0.0009368688185564533,0.04560939799896223
255.15558868498928,5.03062095947063,2.0816681711721685e-17,1.9966987938101624,0.5754976741361744,3.331480922769058,0.0006236814319269912,0.0948249027410479,0.2689136408745718,3.0191199208810513,0.0009228974282112176,0.045826150609336515
255.1252675371945,5.028504618569086,-6.938893903907228e-18,1.9965801524778974,0.6064829201583064,3.2915779107781082,0.00032902831727172786,0.09734571057750808,0.26824954264721046,3.022839899660637,0.001031026373053166,0.04576719935225883
255.14387492306687,5.026987435947358,-1.3877787807814457e-17,1.9966529607502952,0.5894546905934359,3.3052879690866988,0.0003077072801085344,0.09596944751717708,0.26667038633972817,3.0189591074669315,0.000994004106544798,0.045633040103803056
255.15517451143413,5.036711643607807,-4.163336342344337e-17,1.996697173269186,0.5804662792752847,3.3913286523109134,0.0006428741750659065,0.09523325220988389,0.26435920929065515,3.0174136242796443,0.0008182916290484349,0.045438273750144524
255.12243489124555,5.029864985047206,-5.551115123125783e-17,1.996569068471139,0.6075496817359515,3.340117042247285,0.00028639713236948547,0.0974314207728021,0.27001542701853737,3.0329128258306346,0.0009637291333780262,0.045919132719813016
255.1417816350609,4.69831718579631,-7.632783294297951e-17,1.9966447701200698,0.5583975616342877,3.492066774630441,-0.0006244774124027968,0.09340541701902061,0.2998208033048287,2.906553741665857,0.0013345329508187634,0.04837942793814488
255.12473053879728,4.686628285358372,8.326672684688674e-17,1.9965780512338374,0.5675856032434416,3.480952329121104,-0.0007435517693174455,0.09416991123201253,0.3076838579593329,2.8991601704448784,0.0013574646283231265,0.04900956467966369
255.10653292087932,4.671274568107454,-5.551115123125783e-17,1.9965068436869278,0.5809789695561258,3.4912899793358374,-0.0009613443028935759,0.09527262049742181,0.3124881095646042,2.8840099779664414,0.001450077669360395,0.04938836533766118
255.09169121354003,4.683811463130487,1.3877787807814457e-16,1.9964487659871373,0.5969627361456584,3.475470566757645,-0.000959708390994303,0.09657443612095372,0.31134605031424445,2.8997883123399735,0.0014238012613817437,0.04929872014614702
255.14297840045367,4.717377605244163,-5.551115123125783e-17,1.9966494528351963,0.5547936940917948,3.5182075144623406,-0.0006754373683613246,0.09310314309702823,0.3022279054545928,2.8935750457539067,0.0012581001140617692,0.04857543304456487
255.09312048542654,4.700906944599662,1.457167719820518e-16,1.9964543590036787,0.598986686347801,3.517202578289928,-0.0010294048740324378,0.09673731079469652,0.30789282822570396,2.9191747791910423,0.0013917283709829818,0.04902525688514761
255.1369246142081,5.2421714556683945,-1.3877787807814457e-16,1.9966257654094823,0.6594830494002489,3.235312582186172,0.0011586914399838635,0.10150408898672898,0.20359233639174962,3.2083259855111796,0.00044611761453018097,0.03987939451815373
255.10825033147484,5.227905972507866,-8.326672684688674e-17,1.9965135640484124,0.6839298354400924,3.2272426361232815,0.0010298952125513904,0.10336993273966376,0.20781983308505647,3.2029442090642233,0.00044274550392997786,0.040291393899885786
255.12032761756362,5.220809480882366,-5.551115123125783e-17,1.996560822771105,0.6722011259783389,3.2604261670953942,0.0008367590619608608,0.10248142479339256,0.2074712564579978,3.190172861797338,0.0005369342274896998,0.04025643914597338
255.08915369038667,5.215037309486441,-2.7755575615628914e-17,1.9964388361310474,0.7013418654227298,3.227148111300763,0.0008148355468582092,0.10467952373918087,0.20950444419061634,3.197019100115164,0.0005063439641919371,0.04045364119617808
255.1297479993824,5.2402118236755095,-8.326672684688674e-17,1.9965976841843602,0.6681210509759442,3.2784859796197603,0.001206050910647845,0.10216622173057029,0.20213094964165496,3.198449637563056,0.0003000865528389351,0.03973736267212803
255.06241416987956,5.213513616911924,-1.3877787807814457e-17,1.9963341958210223,0.7265204759329718,3.2702951907103204,0.0005941015781639413,0.10654355672572371,0.21106535418753386,3.2101802198129255,0.0005322792169925835,0.040603753009115624
255.25187629126611,5.346005110535817,-5.551115123125783e-17,1.9970755035929495,0.5822512166672088,3.2089516307047177,0.0016112898756334678,0.0953681236334333,0.165872492066662,3.2188644620407234,0.00020009793275663028,0.03599776111215951
255.20202499146947,5.333852876102707,5.551115123125783e-17,1.9968804772674078,0.6276773034350507,3.203786050646988,0.0014286861565568076,0.09902230416445948,0.17029770509545808,3.233556793809103,0.00024045721587083273,0.03647455279212621
255.20364116408334,5.328259681084852,-1.3877787807814457e-17,1.9968868002940983,0.6253045839376417,3.165665017090001,0.0013751570087954562,0.09883568721482545,0.17105425197902488,3.213968227155923,0.00026760683267269456,0.03655529688252085
255.1637446394965,5.319391590335848,-1.3877787807814457e-17,1.9967307054262808,0.663355081704406,3.1419308333805014,0.0013465186934116125,0.1017993616828693,0.17290027879906614,3.232446529199902,0.0002311851847849074,0.03675227858960639
255.23267793629145,5.329869227965963,-4.85722573273506e-17,1.9970003987867788,0.6004035609574103,3.250933092310886,0.001335842960816081,0.09684792802917144,0.16691850275112885,3.222833028782016,0.00014577601665094865,0.036111349353024236
255.16360703005515,5.320875990868796,-2.7755575615628914e-17,1.996730167009206,0.6628315783389298,3.2154031163908243,0.0009942655392008062,0.10176322934922681,0.17356139160596823,3.2383474446563687,0.0003284400099814902,0.036821739490163555
255.22247864062817,4.5914921843390415,4.163336342344337e-17,1.9969604975461621,0.474292395048051,3.706582022411279,-0.0008223025746255243,0.08608218451631883,0.3032289643238653,2.8549001584124896,0.001358611103183256,0.048653164949985575
255.17629114825692,4.492073106177523,1.1102230246251565e-16,1.996779794867605,0.507054945350149,3.738473681548546,-0.0009829586345621614,0.08900431064515255,0.3166539063928881,2.886543982639429,0.0014675268994266697,0.049716244915458944
255.24680320238434,4.731725079573682,-1.3877787807814457e-17,1.9970556577214504,0.48686275695471676,3.349231056323556,-0.0007434498426819552,0.08721627061362384,0.26633404066101035,2.9075071794274185,0.0011807873840168908,0.0455997854580248
255.24679565561047,4.5910178919723394,-4.163336342344337e-17,1.997055628198402,0.4571898267641149,3.4170347503602025,-0.0008829376346002988,0.08451515523456547,0.29601451762538167,2.7784766191459935,0.0013261549483542692,0.048071350428308644
255.1272254275828,5.249990760173217,0.0,1.9965878135724413,0.6355538703740649,3.184947982826385,0.0019330360230782836,0.09963329060273099,0.2372207020431541,3.128582264030688,0.00038444945032908547,0.04304810022907263
255.11198886308358,5.228594167430156,5.551115123125783e-17,1.9965281931356944,0.6454865610995377,3.163049543805611,0.0018931930258323567,0.10040987669222194,0.2425245758168877,3.1231261641695403,0.00041304019946175033,0.043526459152601234
255.0828450576841,5.214881959815664,1.0408340855860843e-16,1.9964141489245948,0.6721341583224683,3.137699626098735,0.0014648872142958313,0.10246926529080784,0.24502078399345031,3.1258583987520234,0.000537703342476471,0.0437485514053245
255.06343795779324,5.195023077097191,-2.1510571102112408e-16,1.9963382023320895,0.6812325768474439,3.180778873443479,0.0018432740743870852,0.10315455081540514,0.2553294653593665,3.128764273433556,0.0005298782377453083,0.04465960901276695
255.11063788912486,5.226836739494335,-1.734723475976807e-16,1.996522906709957,0.6505688520219932,3.253157628648502,0.001738723031434363,0.10080731697185281,0.23879325885313346,3.1144037435196363,0.00035903434544219074,0.0431907794457208
255.10579927903555,5.239487468177222,-8.326672684688674e-17,1.9965039728823308,0.6566361669141487,3.152809656871992,0.0017059592510273737,0.10127699546820793,0.2375645540503424,3.13973655510891,0.00036995622803040126,0.04307941748570472
255.14846910542778,3.9839468386577113,-6.245004513516506e-17,1.9966709367775926,0.455582512288614,3.46870378438876,-0.0019266366518495355,0.08434906535179476,0.3959483822836225,2.5446179648763847,0.001951715321772811,0.05558360859006509
255.12600328366378,3.9972037270909224,7.632783294297951e-17,1.9965830314082222,0.4716811794174649,3.452578948073083,-0.0019389000362093618,0.08582691358220612,0.40231553691882893,2.5495092641472503,0.001970065667848037,0.056028644222778735
255.08060251178094,3.945001193095666,1.5265566588595902e-16,1.9964053732262337,0.48581444522453254,3.4454873395575802,-0.002257882209539317,0.08709622652308863,0.4335830429945718,2.496194843298503,0.0021334181616768093,0.058161981141829404
255.1058333446864,3.996516496981644,4.163336342344337e-17,1.9965041061842885,0.4813987309044199,3.5067574816912606,-0.0019655186482583345,0.08670635447777117,0.41276792440914195,2.5514292227075908,0.0020450563284341366,0.05675004100491869
255.1268002275992,4.091466303488617,-1.5265566588595902e-16,1.996586149795755,0.4817877212540169,3.5028530230281727,-0.0017389628743122868,0.08674623422786593,0.39141205114676214,2.576565094244269,0.0018150790150275652,0.0552685456453604
255.12801049507382,4.119641221872912,6.938893903907228e-17,1.996590885480931,0.4799579320682362,3.487871019481811,-0.0018088194239988015,0.08657985251117928,0.39203157285801965,2.586570114015615,0.001862438768913818,0.055310740229952846
255.06559803644993,5.0777048255011685,1.3877787807814457e-17,1.9963466555985536,0.6691409741387566,3.2722549494318347,0.001177271692617077,0.10224451942417175,0.2652609894113154,3.1267680922134775,0.0006165619434126397,0.04551891179659105
255.01653578256787,5.064021043158582,-1.5959455978986625e-16,1.9961546462142212,0.7170181810817028,3.2959559459119,0.0007873979591209337,0.1058432288049433,0.26644603635049363,3.1392077240235516,0.0007445773732151277,0.045618584628674394
255.0062194056374,5.044402818561579,6.938893903907228e-18,1.9961142698285297,0.7169668611426239,3.2898086641380644,0.001081572855845126,0.10583684332741125,0.2768137332199382,3.131843679271145,0.000735619275020354,0.046498023130698646
255.03208567427757,5.089852695291454,1.8041124150158794e-16,1.996215504062772,0.708686097838535,3.2724877041999125,0.001273716133782233,0.10522166091607589,0.2592282278839697,3.136346640334845,0.0004907284048333527,0.04499977462139341
255.03460331193153,5.099122387832594,6.245004513516506e-17,1.9962253572051754,0.706363356889222,3.2958953045334223,0.001143788870990902,0.10505055544076237,0.259033331179248,3.162716790227547,0.0005310023091129266,0.044982395849772074
255.19096686519114,4.811347035386202,-1.6653345369377348e-16,1.9968372135125616,0.5331943982412556,3.436436855264966,0.00015616559092687882,0.09127506825430387,0.27583873656762503,2.9589820963888416,0.0010300422105949357,0.04641044217069003
255.1850390586317,4.791731710334341,4.163336342344337e-17,1.9968140212075636,0.5324791543633762,3.4518908346513606,3.0074749539054247e-05,0.09121395662088776,0.2824817870049605,2.947656247606269,0.0010762970089538595,0.04696520569235027
255.17789287000218,4.791869411152322,-9.020562075079397e-17,1.9967860616735544,0.5413977391806049,3.4497053922923873,-0.00021832145861901044,0.09197440954111996,0.2807093908171996,2.9568476231401446,0.0011514869366290419,0.0468157686425647
255.13994318171382,4.767745396090753,1.249000902703301e-16,1.9966375765807571,0.5683494080490699,3.452123538050264,-3.3012549337809415e-05,0.09423618419130893,0.29170741023709895,2.9597490449392163,0.0011619738458504788,0.04772435394281305
255.16960849840422,4.810814902656336,5.551115123125783e-17,1.9967536484973718,0.5542480846806153,3.491802412620243,-5.302587437128886e-06,0.09305979956467336,0.2761434169151705,2.97776306127074,0.0009660401347203652,0.046437454830210924
255.17349976929526,4.835753604560788,9.020562075079397e-17,1.9967688734290803,0.5549650343765103,3.4322806177992558,4.105722261907481e-05,0.09311996013979734,0.2715351963282152,2.989752762923478,0.0009918765196422607,0.04604763731489341
255.2882964841326,5.18727039610104,-7.632783294297951e-17,1.9972179732228958,0.5239175212664489,3.254988740175182,0.0011447249002763996,0.09047044199455948,0.18778599460100656,3.183295669496899,0.00042485531991270226,0.038300098965635916
255.27751209038553,5.178040351555634,1.3877787807814457e-16,1.9971757875590905,0.5312342284409126,3.275379709665114,0.0011040939088597435,0.09110058065692929,0.19125368117366545,3.1776934608844845,0.0004260713693576706,0.038652138975190944
255.246021647505,5.169481316578829,-2.0816681711721685e-17,1.9970526002692732,0.5610315444843004,3.2383918729160324,0.0007609455927332274,0.09362445644366697,0.19294680801079417,3.1838447288021494,0.0005360844153866929,0.03882150887180854
255.24122198897237,5.157707480493617,9.71445146547012e-17,1.9970338238441765,0.5599654997443759,3.261637493552925,0.000972397661151452,0.09353349868520079,0.1988125112833945,3.1800559302440705,0.0005401356103408435,0.03940724550033865
255.22983708132028,5.177957789305139,1.3877787807814457e-16,1.9969892849977013,0.5776486987514782,3.2715513744004454,0.0010393845286741418,0.0949983189208809,0.1925142199282576,3.1974225413499644,0.00033533857621637834,0.03878021262485307
255.27534211133937,5.1885559279205085,-6.245004513516506e-17,1.997167299073785,0.536167060207409,3.268358399538959,0.001051865634212554,0.09152324237278928,0.18849082845325424,3.195157851370808,0.00037235014173467665,0.03837246346878186
255.1605238533689,3.7131693938167825,-2.7755575615628914e-17,1.9967181035912127,0.4076381520738592,3.3738050221636238,-0.002524100368898891,0.07976825837061866,0.4318379945572838,2.3941111925066547,0.0022259645754951684,0.05804118722241491
255.16369043283987,3.7277900958704624,5.551115123125783e-17,1.9967304933348224,0.40825759069781387,3.377376695517861,-0.0025189730414858502,0.0798290650669893,0.42805197646233684,2.4082477542504606,0.002206152018319548,0.05778658113597024
255.14309765342057,3.7198242561782617,-9.71445146547012e-17,1.996649919448749,0.42707655727769883,3.3954974086983345,-0.0027292203314347205,0.0816432640445403,0.4298257893017401,2.4099973938154875,0.0022804882438560562,0.05790348307562748
255.1364083888094,3.69450847475202,6.938893903907228e-17,1.9966237454951663,0.42680839822869776,3.3671298716261893,-0.002606496552032504,0.0816216110968636,0.4367832129619911,2.405805427240376,0.002280635119697781,0.058370947865495175
255.15830986590782,3.7722452073640027,1.3877787807814457e-17,1.9967094409690183,0.42010052644844803,3.4010042556319013,-0.002507308182254111,0.08098014652639375,0.4215896076437373,2.4244194230654426,0.002156635211107483,0.05734995845057701
254.9689955526117,4.765360322315319,1.3877787807814457e-17,1.9959685757820833,0.6483597010424147,3.49329693640414,0.0007444847599539142,0.10064822934970057,0.3826447463459276,3.0717509889268797,0.0004315043485694207,0.05467381352004564
255.015616698595,4.773469720323341,-1.249000902703301e-16,1.9961510491231738,0.6184945011360614,3.504989391069625,0.0005860682006492922,0.09830377970513213,0.3658888002689082,3.0596928092615507,0.0003835341115097689,0.05346362458425498
255.0213908465449,3.853745238711318,1.3877787807814457e-16,1.9961736477514336,0.5149520107149569,3.6139644419748898,-0.0025404008192341366,0.08966421544350253,0.4636571427402439,2.65095449804802,0.0018890925069597942,0.0601560699942932
255.0071905575782,3.853964027669217,1.3877787807814457e-17,1.9961180707719068,0.5273805664358462,3.630505474036836,-0.0026763743870795533,0.09073675314171364,0.4654288759860481,2.653200664633578,0.0019193363637800215,0.060270052609597675
254.99074393817654,3.885922363801577,1.1102230246251565e-16,1.9960537001879504,0.549771432226202,3.6762943523560323,-0.0028151337614272577,0.09264045363899984,0.4594846295973608,2.6838176035160313,0.0018331173796523991,0.05988625342598914
254.97570518030392,5.1718539973993565,-9.020562075079397e-17,1.9959948380299606,0.7670237331693535,3.5128487165459346,0.0011159991541097609,0.10946917546350285,0.25727108652675246,3.2533290825094134,-0.0002102929026323358,0.0448317537063336
255.11666780383143,5.168600402249075,7.632783294297951e-17,1.9965465019465152,0.652758104846472,3.4031028654314124,0.00139881226109872,0.10098212075651969,0.23057409132215262,3.188224320942437,-0.0003578794096441879,0.04244092377390565
255.0905549633824,5.169749428798421,1.3183898417423734e-16,1.9964443196099535,0.6757533372326262,3.4148111326314448,0.0011382623301418086,0.10274896716331294,0.2336916993849944,3.1763953964076173,-0.0003027876013057839,0.0427273299085464
255.2554279476797,5.164143054176609,-1.6653345369377348e-16,1.997089397518923,0.5108961188482535,3.3695892707685084,0.0020281500963128594,0.0893232246629665,0.23367593347211474,3.1306956659791516,-7.744611837548249e-05,0.042726891208577825
255.21412549507625,5.157902532346392,-1.3877787807814457e-17,1.996927818139796,0.5647413029564314,3.5155107005672814,0.0011723727597550233,0.09392927339656379,0.2211332019673961,3.231830015685663,-0.00025200719052044496,0.04156368165533713
255.30728443337617,4.880262353345477,-7.979727989493313e-17,1.9972922468360765,0.43351879472843136,3.6913472948023536,-6.66853787542345e-05,0.08230265318136469,0.2591967718954957,3.0623618618450887,0.0005020550690909242,0.04499691901831902
255.29512078115926,4.906995357403748,1.249000902703301e-16,1.9972446675872273,0.4423723979309248,3.679360740131759,-0.0001705049519734568,0.0831386771949858,0.2625068209098319,3.0543876279344575,0.0005030991440603122,0.04528334605138303
255.09508071086182,4.897811787632882,-9.71445146547012e-17,1.9964620297183755,0.5821998838435695,3.546015571906236,0.0007511080409604762,0.09537457219703047,0.32271940529470156,3.1147842701411266,0.00011350181706138492,0.05021187579848397
255.08918051444368,4.893177046791693,-9.71445146547012e-17,1.9964389410994223,0.5834856638791441,3.532694217183169,0.0008714697080051694,0.09547881460648565,0.3273338216771977,3.1079726556042804,0.00011642945782702426,0.050569575102372144
255.0912961245001,3.4831562065614037,2.7755575615628914e-17,1.996447219924763,0.42660848956453157,3.377644973324903,-0.003327429810022467,0.08157625794497551,0.4820953859353446,2.475096092492827,0.002114272318554679,0.061334330151904926
255.0442668772019,3.473629902074512,-1.249000902703301e-16,1.996263176526652,0.45636249464851397,3.4338403122863106,-0.003113269853854084,0.08438584910813017,0.4993706281495913,2.4814807733921733,0.0022640589246788853,0.0624196048497927
255.03190154050952,3.500594810039372,-1.249000902703301e-16,1.9962147834264883,0.4667092494009424,3.431982409444273,-0.0030293070701966542,0.08534140449139667,0.5013892100895767,2.4954238778516658,0.002214815783941887,0.06254756426007346
255.09398547086755,3.665769785871798,0.0,1.99645774385092,0.4340488020790003,3.5290930605882704,-0.0018332851775688594,0.08233256705546163,0.4719657270534964,2.540531542500865,0.0016257535756661278,0.060700816863668725
255.03461752946248,3.5869808022908405,4.163336342344337e-17,1.9962254128474197,0.46320120543978377,3.4729550959101334,-0.002405833470003446,0.08503958372611682,0.5021812650976935,2.5254864408266537,0.0019481639276205322,0.06260587664817775
255.1791131163128,5.054461556095738,-1.1102230246251565e-16,1.9967908359270852,0.5706546352067285,3.533745775227847,0.000858438182434832,0.0944232056170096,0.25023224848050696,3.2135639326561583,-7.348010465564668e-05,0.044214636060112264
255.16286043894507,5.056454863544944,1.1796119636642288e-16,1.9967272458597134,0.5855997909705832,3.55546090254073,0.0008164501775389773,0.09565213088595026,0.25153977008435,3.218789048643374,-0.00012260471248271574,0.044329893095612825
255.15959308745363,5.0579026117316905,1.249000902703301e-16,1.9967144618075623,0.5823960632917795,3.534529239928646,0.0009320960442235999,0.09538904384623215,0.2580108492546542,3.207063901731111,-0.00018510465177752513,0.04489627485738517
255.16204372738235,5.06166090855501,-1.3877787807814457e-17,1.9967240503485577,0.5821771113453961,3.5520473273202384,0.0010252946531018516,0.09537015327473336,0.2557791612722986,3.2127297438346325,-0.0002171727492744943,0.04470153837886125
255.27241864059522,5.137944851252204,-4.163336342344337e-17,1.9971558630360577,0.5115329622455211,3.5687034975341376,0.0017827670870419797,0.08938413884241223,0.21604839715922664,3.2371333864231913,-0.0004937134122473825,0.04108082703492014
255.25025629610946,5.132431744334502,-1.0408340855860843e-16,1.9970691662100013,0.5309200231443727,3.55148194881035,0.0013356065991027158,0.0910705304510919,0.21882368074619554,3.2419830721555294,-0.0004186919462871568,0.04134470586282804
255.2457305919443,5.1375329101165494,6.245004513516506e-17,1.9970514616551898,0.5352376460730777,3.5441944829790044,0.0013979589850398085,0.09143923627506949,0.2190317619826816,3.240483287472827,-0.00041911975680045555,0.04136435638468414
255.15304796560417,5.104441692095527,-1.3877787807814457e-16,1.9966888526915167,0.5937296870979213,3.297809146924148,0.0011862620873031703,0.09631001579880073,0.253222347297969,3.0743163918626637,0.0007110087582052767,0.04447239654899585
255.15760564322733,5.096638829908649,1.0408340855860843e-16,1.9967066855638629,0.5889114452071056,3.3144442301572172,0.0009171493896447066,0.09592132280342103,0.25348291156569946,3.0749486430457633,0.0007556766950745097,0.0444945412308021
255.14154167395196,5.090875244491031,1.457167719820518e-16,1.996643831196616,0.6038229423896684,3.2725824644362644,0.0007400219747306937,0.09712973716795224,0.2546353836583565,3.0688827353345896,0.0008285451014711408,0.04459430959041454
255.13065513392962,5.099294247853056,1.0408340855860843e-16,1.9966012337138457,0.6179853673633938,3.2827822881788262,0.0009903579872044947,0.09826006592767078,0.2513594987070643,3.087350391251144,0.0006991831272190274,0.04430865859630093
255.13931556057292,5.112680842040016,-1.8041124150158794e-16,1.9966351208054895,0.6111063814116832,3.359872799600769,0.001211743564026372,0.09770910339928716,0.24957805801542673,3.075295002982923,0.0006013573693938066,0.04415276828874717
255.1297896443272,5.111102063423694,-4.163336342344337e-17,1.9965978471371275,0.618743463958514,3.2785573889478465,0.0009046256348918705,0.09832114867520861,0.25146689171440173,3.0932382694665876,0.0007092472985135553,0.044317965429251316
255.11200207054537,3.8599042260776466,2.7755575615628914e-17,1.9965282448170554,0.47115291497306255,3.50953654501891,-0.002189581401009381,0.08577278140379065,0.4168450144816521,2.5187979776679166,0.0020934452173914284,0.05702823127854912
255.10424766797206,3.885216951391537,-4.163336342344337e-17,1.9964979012791533,0.48316192865920543,3.524947488552783,-0.0022408556100676174,0.08685841180585167,0.4125904033687378,2.5393949700787513,0.002080536692598204,0.05673653050186464
255.08087501709144,3.9234540122326065,2.7755575615628914e-17,1.9964064396164558,0.5118527991695647,3.545129738819136,-0.002289082205406173,0.08940055978393727,0.40727218373905266,2.5672042262638968,0.0020901011087218597,0.05636883370105034
255.09906613331336,3.9501292947005995,-1.1102230246251565e-16,1.9964776253023777,0.48952542910827573,3.538104614818282,-0.002096432713833035,0.08743248709543369,0.4114084375783328,2.5515210770727554,0.002015283180377011,0.0566574536339537
255.0992344003935,3.9867431681341974,-1.3877787807814457e-17,1.99647828375521,0.4943166486291145,3.5255071621081435,-0.0017807560415187642,0.08786652686177204,0.4064489509774609,2.5656203784049825,0.00189207595258702,0.05631875778194202
255.0950604428413,4.017260966748902,1.1102230246251565e-16,1.9964619504061165,0.502724774692486,3.5544856709458355,-0.002019168556938189,0.08860585512768762,0.4022147824662772,2.5914569046499345,0.0019640691096492473,0.056021829857211124
255.1624166109888,4.9319164654895005,-1.3877787807814457e-16,1.9967255093143623,0.5782622642771265,3.3862473126220722,0.00018527079297229847,0.0950542663643425,0.2593211247340787,3.034782907047645,0.0009967677629698429,0.04499947489706623
255.1373693877533,4.922940067344555,-1.3877787807814457e-17,1.9966275057415304,0.599094027107042,3.3934743695418397,3.7728361061185184e-05,0.0967514483101845,0.26353658513962996,3.038863456858719,0.0009976608168911656,0.04536390905001243
255.1187180253844,4.923291602787889,-4.85722573273506e-17,1.9965545244612357,0.6178405871415037,3.39619473327203,-0.0001527841934242393,0.09825342656150081,0.2634413874740458,3.044244412386421,0.0010585669343252196,0.04535433028594443
255.10261633327872,4.929880857929134,-6.938893903907228e-17,1.99649151768984,0.635966648531827,3.343432820397303,2.762071378200042e-05,0.09968439256175446,0.2614170181894163,3.0556657566395136,0.0009802644075512278,0.04518140697561446
255.14855257105484,4.945381537227342,4.163336342344337e-17,1.9966712633587762,0.5914478399649629,3.402203650029352,0.0003925094366835011,0.09613125628948506,0.259999588980237,3.0373283054851665,0.0008397830782872176,0.04506153074729624
255.106492530529,4.942886814811463,2.0816681711721685e-16,1.9965066856360678,0.6307102721653703,3.3806724169405182,0.00014536262822797703,0.09927148065930227,0.26279719730565565,3.067059510553525,0.000915690252171371,0.04530192728033227
255.32701929486993,5.178257342609491,-1.249000902703301e-16,1.9973694391579997,0.49975450963520646,3.282583050343754,0.0008799013108822334,0.08836226562698135,0.17322619549486862,3.191206209811292,0.0004471886543007856,0.036784910963751506
255.28120413613007,5.156241915133158,-2.0816681711721685e-17,1.9971902299548314,0.539917056877879,3.33941341214549,0.0004122163178148573,0.0918478856121587,0.17887880699220982,3.20188865574408,0.0006127919108358782,0.037378003768267956
255.26066821004164,5.143117406291971,1.1796119636642288e-16,1.9971098970216687,0.5568244740516644,3.315656430954448,0.00021969094832885666,0.09327558170788577,0.1825073159067362,3.190043867344172,0.0007101181784516641,0.03775359767881743
255.22081902185124,5.119951870201181,2.0816681711721685e-17,1.99695400478239,0.5903917958903254,3.3787978786725583,0.00013420010207474114,0.09604610247750264,0.1887891822585392,3.220649394136844,0.0007290773002328757,0.03839770738839915
255.2346968752829,5.113142265715746,1.5265566588595902e-16,1.9970082970975096,0.573937356005475,3.3435000772959884,0.0007399534994750362,0.09469542574171236,0.1913657687116892,3.192468192597791,0.0007129244175449632,0.03865923960497594
255.23578209230783,5.113223843541263,1.6653345369377348e-16,1.9970125425726075,0.5712010669498604,3.3149817566044546,0.0004507256434154107,0.09447123116317442,0.19301684074235625,3.1740248834929288,0.0008518207366676052,0.038822911659640386
255.118809939794,4.476715700362085,-1.3877787807814457e-17,1.9965548841214662,0.5364084990243894,3.4992514572517788,-0.000996890572253501,0.09154446464119517,0.3447815611816243,2.7598425939609834,0.0018364602272148871,0.051867459553802106
255.1050283486059,4.45554015539883,-1.942890293094024e-16,1.9965009561597928,0.5435583889050457,3.4821932383971586,-0.0012592951716175358,0.09214941129661154,0.35141326248906446,2.738333197860131,0.0019042951228433434,0.052362102452832536
255.09599972907978,4.455214181505534,8.326672684688674e-17,1.9964656259918105,0.5520763723724681,3.490795816824229,-0.0013305576487727404,0.09286777123772867,0.35192389854782047,2.7388814762659197,0.0019179048740825472,0.05239968605152914
255.09477324767997,4.466331220886882,-3.469446951953614e-17,1.996460826561593,0.556392728869178,3.4801500271038437,-0.00131847161952677,0.09323034924942313,0.3488340234509324,2.7489398217684986,0.0018695008534612935,0.05217059300764481
255.11394642837865,4.467017276980384,-5.551115123125783e-17,1.9965358531575175,0.5376512585186667,3.4466353724922514,-0.0010710520062930649,0.09164962499625398,0.3484023131026801,2.737575077204735,0.0017882364973628713,0.052141109322147994
255.08539302283958,4.476072337100485,1.3877787807814457e-16,1.9964241197656045,0.5645122378216394,3.4776512674874707,-0.0013453179335419698,0.09390790081575036,0.3500947393388352,2.7509434086736553,0.0018841304339780652,0.052264377960446515
255.67898273660734,3.0784435775501757,-6.938893903907228e-17,1.9987456329557018,0.15268064738705203,3.123970730932059,-0.004125721530929537,0.04866840389073708,0.16833661600565433,2.6229629871644184,0.0008595431168961681,0.03625453072616402
255.64924834569823,3.089221843659904,3.469446951953614e-17,1.998629406718898,0.1485174502990277,3.4344453776860844,-0.0041578897919372065,0.04799267770608774,0.20223420400280095,2.5318062541277895,0.0012146184388026806,0.039730082064098525
255.53903264213784,3.1047612287075648,-3.469446951953614e-18,1.9981985349392597,0.17854292769861302,3.1854380552310353,-0.003988975575553808,0.05266708003248769,0.2824244301635856,2.418103142909648,0.0015461517025901596,0.04694731382694424
255.5157247660617,3.13843302398869,-2.42861286636753e-17,1.9981074043878908,0.19992911580696074,3.31359691728575,-0.00381772622373841,0.05576125358135649,0.2843461181314676,2.4451534802340635,0.0015751697048781948,0.04710597508069358
254.9424340950871,4.570396152184401,-2.0816681711721685e-17,1.9958646078168067,0.6394401554069999,3.693359770564348,-0.00036613087301804077,0.09995558201730505,0.4181257495058627,2.9404107230788714,0.0008014788039029955,0.05714862246582543
254.87512631114896,4.522200836989848,-1.5265566588595902e-16,1.9956011246267884,0.6811883150666288,3.68108005526354,-0.0007663538856202278,0.10316482018904541,0.44368537378447925,2.8982893991710097,0.0010340009997574777,0.05886614327967941
254.92512819837958,4.574731333025991,-6.938893903907228e-17,1.9957968654398874,0.6611019063756591,3.7144501733520823,-0.0006498988957137817,0.1016331388797228,0.4137698952447876,2.9587447915162906,0.000799155899702256,0.05685014209698929
254.94184543365327,4.325440624391742,-4.85722573273506e-17,1.9958623035923175,0.6249698008992768,3.7591347028765827,-0.0007889068115566273,0.09881564028580637,0.43318476544749257,2.890260057837184,0.0010234786538066822,0.05816535456355215
254.86588349080688,4.253478974339316,-4.163336342344337e-17,1.995564939946545,0.6727810318550256,3.726784936680228,-0.0011987284266840926,0.10252203018324323,0.46133547733816055,2.8610544277117698,0.0012608812743016844,0.06002160940125228
254.918861475592,4.323601073704558,-1.249000902703301e-16,1.9957723343498186,0.6458513917546752,3.7532421424748086,-0.001070009812748035,0.10045040107021685,0.43528713265339913,2.8971443132030723,0.001041219073057443,0.05830605960529816
254.9298959418868,4.345981524146719,-6.938893903907228e-17,1.995815528572714,0.6418428265466914,3.7603627263738613,-0.001002245138128302,0.10013885194805835,0.42826123156656626,2.907771253226621,0.0009954948134062776,0.05783424471444474
255.08443917522794,4.3991976213601784,-9.71445146547012e-17,1.9964203871211434,0.53058680714356,3.5560107561571903,-0.0007093199982421998,0.0910489743311709,0.38497401762851424,2.6841564961044972,0.0015155546085184536,0.05482073154338025
255.0844518282617,4.390450701378274,1.3877787807814457e-17,1.9964204366356775,0.5319102959325062,3.5429208548936972,-0.0008914725078171958,0.09116086688219466,0.38363787580572584,2.6914011622420855,0.0015574621208728763,0.05472426533517174
255.09537791671437,4.410990933951327,-6.938893903907228e-18,1.9964631927357595,0.5247504298929009,3.565307962278093,-0.0008367365928398708,0.0905457085617578,0.3798716533927421,2.699716492541681,0.0014761809427503542,0.05445703060170521
255.08263000797047,4.4058531647675645,4.163336342344337e-17,1.9964133073776429,0.5337261978630627,3.5537478200236787,-0.00094183289755383,0.09131585181338145,0.3836437941665236,2.7027050565297097,0.0015343979858060746,0.054725339329666285
254.99535375887098,3.77108668547633,1.1102230246251565e-16,1.9960717428194708,0.5261479638293673,3.523708473185815,-0.0020343563396302018,0.09064724667146416,0.47849827729966077,2.48477927899426,0.0021135914939334538,0.06110483223445075
254.97865046998322,3.7802501260460124,1.3877787807814457e-16,1.996006366120481,0.5411296975909182,3.5359448667469096,-0.0022202739634013375,0.09192508856882074,0.4802198324259112,2.4931914746749726,0.0021531225000246406,0.061213409513989
254.9641829363049,3.782858664029009,0.0,1.9959497384402654,0.5506692380458396,3.5556394759299765,-0.002198680227222177,0.09273280244727139,0.48514782564924214,2.492690024042716,0.002118066920402456,0.06152829577036407
254.99306313524522,3.8177122263758343,-1.3877787807814457e-17,1.9960627774416833,0.5328362180029698,3.5543443088357556,-0.0019607260126867938,0.09122346989563362,0.4741006467518831,2.4982801289698964,0.0020059891498800924,0.0608266989921338
254.94662551483196,3.78090198297694,-5.551115123125783e-17,1.995881014406733,0.5720068048540153,3.5879296646202556,-0.0027874749148405057,0.09449781113572485,0.4813676803140456,2.501243189042688,0.00231794170150268,0.061280601732700994
254.8156950094123,4.782157712489326,1.249000902703301e-16,1.995368445806956,0.8123740405093773,3.5098848282021535,0.0003107271440320591,0.11266431480997427,0.3719309500783606,3.006925774874768,0.0012964443931262467,0.05388905064503107
254.6649917105226,4.855692664264966,-6.938893903907228e-18,1.994778307350698,0.9813366218773708,3.7773747434391476,0.00019174471764039263,0.1238278964966989,0.35367166760009033,3.144601905127957,0.001255547159622449,0.05254981926187444
254.83521246983508,4.830081492087626,1.0408340855860843e-16,1.9954448613883504,0.8114542112614754,3.63565579148084,0.0004834821627982982,0.11259990362322167,0.35333331890348124,3.0383645252790954,0.0008138813659873745,0.05253336226680667
255.09364928387023,4.006980999443004,1.5265566588595902e-16,1.9964564282900021,0.49244462410129786,3.602913408156622,-0.0019126419595182054,0.08769714392337684,0.4139060920284259,2.5520839105732094,0.0019148371570294493,0.05683286674657664
255.0298509383535,3.946410448124814,0.0,1.9962067580568335,0.5368188832188645,3.719584103429293,-0.0025184254566310332,0.09155027353052611,0.43333017842765253,2.5509583129565145,0.0021325728196312137,0.0581450268908271
255.08899197019585,4.034807109264047,1.3877787807814457e-17,1.996438203284617,0.5008297548304654,3.6231147093097267,-0.0019067581983689755,0.08844110578457832,0.4101782749737649,2.572358195930507,0.001843970712857136,0.05657841943040353
255.04172230237177,3.9491445354147006,-1.1102230246251565e-16,1.996253218150082,0.5256505724994546,3.619147527383815,-0.0022220845455461643,0.09059995880560004,0.4326271251288555,2.556964400362394,0.0021561212345629186,0.05809690659829531
255.1558220911527,4.724932266902924,1.8388068845354155e-16,1.996699707060193,0.5431285409197193,3.6289608941573164,-0.0006303944116723696,0.09211941193231939,0.3010493679276415,2.8664935907697906,0.0014568455994064156,0.04847500167956871
255.21565601723645,4.810259218397694,5.551115123125783e-17,1.9969338059308124,0.5072881135030014,3.6143801700551257,-0.0002992203595615344,0.08902969864410876,0.2770558692605482,2.8937537324651417,0.0009452714896374979,0.04651457234468474
255.20461463729603,4.795540997627301,-1.1102230246251565e-16,1.9968906088486045,0.5142140222563607,3.5949908670851074,-0.0006347477850824341,0.08963364989224175,0.28117134044758857,2.8963540363081752,0.0011052516783636962,0.04685541074384323
255.0818538478034,4.131768736481974,1.6653345369377348e-16,1.9964102700527084,0.499578812808654,3.5445321167364643,-0.0016696167311740832,0.08833533455025912,0.41856733938805313,2.5525556631787483,0.001859776728946403,0.05715416493561632
255.0628362402175,4.122036677073498,-1.8041124150158794e-16,1.9963358475600739,0.515717812530253,3.5343103429925913,-0.0018420339492739367,0.08974796784170058,0.4214459472523167,2.555256014700431,0.001896790781790248,0.05734935612226907
255.05281868048354,4.131553757606815,1.3877787807814457e-17,1.996296644259704,0.5236104993628377,3.5384551614923057,-0.0017770972736165466,0.09043371040615576,0.42357082015360026,2.559089914806787,0.0018525747938112024,0.05749534762990253
255.08794121661984,4.150824031350353,1.3877787807814457e-17,1.996434091451477,0.4958705686333621,3.507278265269716,-0.0015995688522905094,0.08800806221240792,0.41618821474689277,2.546807624822968,0.001774866288578164,0.05699403720888501
255.06998128816724,4.141602506612442,-1.249000902703301e-16,1.9963638089355389,0.5109452380544315,3.5525911719458154,-0.001834811437280069,0.08933170104498245,0.41907347377828824,2.5646275986904743,0.0018605817776746302,0.05718872047302214
255.4582827752551,4.99902060054805,1.8735013540549517e-16,1.9978827964531256,0.36124819100886874,3.3298585770246394,-0.00033456583070456047,0.07512916244853592,0.1804690337360845,2.9321058103508606,0.001049562558109102,0.0375341543730477
255.44739525728073,4.9953865992734094,2.42861286636753e-17,1.9978402215630287,0.3700257899335754,3.329047931765468,-0.00039389367600190916,0.07603616123584962,0.18257895278567163,2.9319918479394467,0.0010302407962649411,0.03775363124971916
255.45466312101627,5.002586819681945,-6.938893903907228e-18,1.9978686421448932,0.36529737049919997,3.414273126924531,-9.716446961671298e-05,0.07554973178718667,0.18003950848450234,2.9378749270406153,0.0009234810408307557,0.03749274386867944
255.32033997747953,5.005762177191464,1.0408340855860843e-16,1.9973433135412946,0.46862708625218286,3.4203926959647752,-0.0006467248820067224,0.08556798448962877,0.21103293626830616,2.9458655917281353,0.001086023486576765,0.040589596790098145
255.2836820311162,4.95475730033246,-1.0755285551056204e-16,1.9971999228260027,0.48802059139882087,3.3875940197829326,-0.0004904147925632969,0.08732171112580084,0.22829737748495904,2.9346166095857393,0.001245735408015663,0.042213995367584654
255.2376995283047,4.977453019220157,6.938893903907228e-17,1.9970200437476238,0.5308643715673345,3.3547790198193725,5.141093216735329e-05,0.09107553547828118,0.23143610012792643,3.0096459183897766,0.001182374583045452,0.04250525288237671
255.26795329820771,5.023971964642627,2.0816681711721685e-17,1.9971383953758677,0.5150526842987666,3.358433096369998,-0.00012965039498670462,0.08970887014639806,0.21699401749356345,3.0220245115318503,0.0009409374269110515,0.04116285216584369
255.2332604913804,5.014422986449169,1.1102230246251565e-16,1.9970026778093761,0.5433404206640743,3.2859351687464793,-0.0002810819095309708,0.09213910714694545,0.2233990879556272,3.0205751149562916,0.0009374802363013019,0.04176633220022896
255.48755476725472,4.931404732067976,-6.591949208711867e-17,1.997997258065775,0.3325822221565615,3.4439395574224356,-0.0005290930947174444,0.0720854859295087,0.17986301058874893,2.8745299464729346,0.0009578071475227959,0.0374734889714416
255.50958555601642,4.841904514279424,2.7755575615628914e-17,1.9980834002395287,0.30095811519252,3.4786253854387574,-0.0008609265130935058,0.06856915746472446,0.18945632879108332,2.769431108492256,0.0010541493994221654,0.03845798145670202
255.4922538522105,4.811278620745894,4.163336342344337e-17,1.9980156321812872,0.3115117405889103,3.531213083634225,-0.0010482053349910427,0.06975867123359947,0.19623440720059654,2.756593793737864,0.0010032967064206378,0.03914172584306352
255.51137331307422,4.818383562725115,0.0,1.9980903903519442,0.29561035278148434,3.521599534727293,-0.0008703418108698476,0.06795700307799737,0.1930163341443382,2.725061212868991,0.0009954828262419102,0.03881944260863748
255.5103365534368,4.821262527560999,4.163336342344337e-17,1.998086336634994,0.3018248909969196,3.4792686085141584,-0.0010225253053407625,0.06866562723682648,0.1878385555663557,2.7585024614302815,0.0010744823679368972,0.03829274347710212
255.53150544852207,4.999597692116604,-8.326672684688674e-17,1.9981691051142687,0.3175902029433709,3.3741589438566213,-0.00010249983115894921,0.07044385292397615,0.1509043485345616,2.9845823845785246,0.0006876090922004903,0.03432881321372158
255.5324838897264,5.00148287284223,1.3530843112619095e-16,1.99817293064864,0.31715439037149196,3.4235138460258385,-2.2531650901855098e-05,0.07039557402194593,0.15036171990221509,2.987584909636337,0.0005691120197117179,0.034269185112066426
255.51032358120312,4.996152675510053,1.4224732503009818e-16,1.9980862859136737,0.33661981784484507,3.3795654235025694,-0.00033217526811407747,0.07252292267564067,0.15305660095204532,2.995729419992279,0.0007091987482483616,0.03457241287606836
255.17907547809443,4.915407373629803,6.245004513516506e-17,1.9967906886664977,0.5384250876317688,3.349400934623599,0.00028450769331126845,0.09172137727715843,0.28249943427385704,2.9255038051620526,0.0009786645204208487,0.046968809288941704
255.16695929821097,4.918626058594454,-8.326672684688674e-17,1.99674328320757,0.5530363361927382,3.3612213844509125,0.0002013749660033956,0.09295779795764635,0.280004365596366,2.9443569002326027,0.0009365696434997767,0.046761703813318053
255.18093295040745,4.930444199182363,0.0,1.9967979560661906,0.5391295115100431,3.4372040914854005,0.0006664803653591146,0.09177937906342042,0.2799375380825632,2.920430761692808,0.0008011748885376822,0.04675863701037491
255.15741680993904,4.92173910711176,-1.3183898417423734e-16,1.9967059467170667,0.5614412474011877,3.3571136452195462,-0.00015562489247585845,0.09366159977032423,0.2811419426597569,2.938745905234708,0.001047631257847122,0.04685428364383487
255.08059078559688,3.0782305659747315,-1.5265566588595902e-16,1.9964053273383517,0.4170594504820749,3.217917404802663,-0.0035891335733078387,0.0806453472555942,0.5023497639210215,2.267135734373646,0.00265868520474584,0.06259024623385856
255.0764387259693,3.0626832744547947,2.7755575615628914e-17,1.9963890790858556,0.4154297959399237,3.1973070411771043,-0.0036477070502230935,0.08048468671018767,0.508131478090858,2.2608564278599887,0.0026613089751389356,0.06294993730833791
255.0752528576781,3.0679828741980506,9.71445146547012e-17,1.9963844384038913,0.41157227396777013,3.1766630494053816,-0.0033618253896016354,0.08012187535745927,0.5131748683540927,2.250434416833511,0.0025797013156980274,0.06326550244910835
255.0565161853506,3.0407579648027254,8.326672684688674e-17,1.996311114379746,0.41870970593821644,3.1982325515903733,-0.0038473741630036806,0.08079317339561855,0.5247741087112412,2.2421160414290715,0.0027379168363289704,0.06397109922225754
255.219145997349,4.523960301376144,0.0,1.9969474595513468,0.4570825520942299,3.5245937780404812,-0.0010490344362522257,0.08450333959805316,0.3237714505568225,2.6987353021295832,0.001462693369556844,0.05027250725378465
255.2024836590308,4.524365012371843,8.326672684688674e-17,1.9968822717357066,0.472280757111587,3.5297961679601304,-0.0010925128382996258,0.0858964099690243,0.32523558385762263,2.708533251510339,0.0014355186606962664,0.050386925735377716
255.2048365733628,4.54166117308354,1.3877787807814457e-17,1.9968914771360995,0.47483957379127417,3.5602803809998296,-0.0007098856169306146,0.08613282999472113,0.32032385284594095,2.718757048585186,0.001289282285307727,0.050008677762441445
255.1983874097749,4.532826603887771,1.1102230246251565e-16,1.9968662457154542,0.4791814030437349,3.5464364766396423,-0.001348515098913101,0.08651815375738413,0.32243118718142233,2.713871973412079,0.0014966100876709705,0.05016725832752218
255.33024597433845,4.74708933643845,1.3877787807814457e-17,1.9973820599347132,0.413843583698253,3.4986440460850803,-0.000831448745672305,0.0804090460599336,0.2559104419633457,2.799785681780828,0.0011769692283575854,0.044698043260014614
255.3185215748993,4.754548608330829,6.938893903907228e-17,1.9973362009456,0.42604663569625195,3.5052496608909394,-0.0008683773971371535,0.08158568871714007,0.25543178940445843,2.815710432897414,0.0011411832922747084,0.04465712211300416
255.3335458992412,4.77029133982037,-1.3877787807814457e-17,1.997394967119834,0.41491684237549475,3.5216027155069938,-0.00047315040970984665,0.08051615856961195,0.2515372583832865,2.817659127110164,0.0010008040629998723,0.04431854264692047
255.31762339348046,4.760434807408221,-9.71445146547012e-17,1.9973326877421127,0.42893976415416735,3.513715060705647,-0.0011113883468871805,0.08185932219882637,0.25343684236535624,2.8177969839654304,0.0012096247610624902,0.04448046918498915
255.37827962892297,5.022494555316304,-1.1796119636642288e-16,1.9975699284885924,0.4024986992956211,3.359184508692614,0.0003838238777266493,0.07930255264318398,0.21922167178146126,2.8965475458607894,0.0008243539385299219,0.04137619788449268
255.35867127962973,5.0165190407363625,8.326672684688674e-17,1.9974932387230286,0.4203978887578048,3.329821114764955,0.0003704079861200837,0.08104677544334826,0.22093083161243887,2.9084754283396177,0.0008170381992909309,0.04153738762311706
255.36340864983288,5.010518278693267,-1.0408340855860843e-17,1.9975117672128089,0.4142435136768435,3.308159952641225,0.00016479973099134317,0.08045202136832452,0.22234783649031056,2.897411234694969,0.0008827064445765974,0.04166909288565392
255.3543992735997,5.013831796136978,-1.5265566588595902e-16,1.9974765301875252,0.42259165214984756,3.301359692884132,0.00022085358792643282,0.08125851209894301,0.22300907425050293,2.9080533340656416,0.0008238850677879554,0.041732237011417574
255.35717956580262,5.022248249610723,-1.0408340855860843e-16,1.9974874043947477,0.4219697895814187,3.3927597910415415,0.0006212705207638935,0.08119662545420035,0.22085064461603127,2.8966956951128893,0.0007183371896944082,0.041531670478619644
255.33827186160042,5.018086056764808,-2.7755575615628914e-16,1.9974134519016105,0.43908022305831873,3.2918768566402106,8.22768855666435e-05,0.08282887006231784,0.22264791534133943,2.921119593208778,0.0008578971802079051,0.04169773196508902
255.25326301782204,4.8443187484529755,-1.3877787807814457e-17,1.997080928418643,0.479222081298335,3.405296996871538,-0.0001166142076811658,0.08653225653716105,0.2675149008797007,2.8588918214960897,0.0011136725190385023,0.04570251521134259
255.23476009104508,4.826804564244743,6.938893903907228e-18,1.997008544403999,0.49395494775539034,3.387517829412726,-0.00025364664212736837,0.08785204449561156,0.2712849611995065,2.8603887323412898,0.001130239605115576,0.04602321498772302
255.21654909103248,4.813062093861715,4.85722573273506e-17,1.9969372998537993,0.5089422176796734,3.4099295807983925,-0.0006083253157930023,0.08917315790951369,0.27450869128789773,2.850632603161935,0.001267198524358726,0.046292476263282395
255.2332373267801,4.827128934097833,9.71445146547012e-17,1.9970025871868418,0.4952589404879093,3.3913360774524595,-0.000398244332181471,0.08796739365569194,0.2715037327320168,2.8623018316548547,0.0011365789413625073,0.046041623562586634
255.25559256832224,4.853732034203001,-1.5265566588595902e-16,1.9970900415053987,0.48044078925985906,3.4139540172170784,8.711719843972673e-05,0.08664225148724515,0.263966642417925,2.856942534387893,0.0009775586740596006,0.04540136311751895
255.222071450195,4.8242441866839965,-1.3877787807814457e-16,1.9969589045369203,0.5049136688705185,3.4255245093505344,-0.0005905668327604125,0.08881963356667204,0.27301488093455606,2.8670010572452034,0.001193225147767896,0.046168224690234225
255.2505567202038,4.789857744135381,1.3877787807814457e-17,1.997070341463511,0.46511107468056884,3.432418624474318,-0.00010030561918357743,0.08524875647577886,0.2843322051156864,2.801585629347396,0.0011525040493183124,0.04711705728165337
255.21193878275082,4.774953528836451,-1.6653345369377348e-16,1.9969192631352128,0.498609521520392,3.373877519640315,-0.0004997780959973353,0.08826394504898864,0.28945169572886653,2.801720670418601,0.0012488680892410193,0.04753716126755409
255.22417642442088,4.77029072605253,-1.8735013540549517e-16,1.9969671395973383,0.48745219721635735,3.4243067144512196,-0.000628153311865489,0.08726996049570766,0.2883713783628091,2.798281462155217,0.0013037437654877088,0.04744682966915069
255.2065755625666,4.76395152080881,-9.71445146547012e-17,1.9968982806255062,0.5009437275005313,3.3959535630503774,-0.0005336412530518352,0.08847011342373673,0.2924807099328717,2.8036965093174135,0.0012432612786096669,0.04778556108013874
255.22295911651486,4.768258491903435,0.0,1.99696237726091,0.4853527553218213,3.502605822161942,0.00028642592610084953,0.08708360788398879,0.2916881281634328,2.8052215062163155,0.0011356776094541866,0.04772340869682512
255.21086162826825,4.76564795014078,-6.938893903907228e-18,1.996915049004762,0.4960996413310164,3.434681781599324,-0.0006881561248716396,0.08804023703367078,0.2930387304007304,2.8040979806393267,0.0012791685079278133,0.04783020812398825
255.37145900719122,4.906599161809964,-1.0408340855860843e-16,1.997543252845195,0.41293783846792953,3.435662287160121,-0.0001365467035943078,0.08032518335527866,0.21560315434084976,2.9023599561145095,0.0009539085078026766,0.04103035098371241
255.37072602607736,4.896777505101349,-9.020562075079397e-17,1.997540386114248,0.4112471575784432,3.447480508095155,-0.00025605670310769246,0.08016028488053152,0.21802681634426796,2.898421749578497,0.0009717975852550815,0.04126003044282549
255.35390711744026,4.893971767196839,-5.898059818321144e-17,1.9974746052728691,0.42904463440934026,3.409993913645545,-0.00042034908417956955,0.08187579446511264,0.21704824815036755,2.91033382398643,0.0010194558892849437,0.04116612865408343
255.3603911725879,4.894976613752738,-4.163336342344337e-17,1.9974999654747647,0.4208573698067071,3.4334298048754555,-0.0003986044464319412,0.08109092130272713,0.2187514576054615,2.90532106954596,0.0009816180716843575,0.041328346065430815
255.36374321080604,4.900583392376575,-3.122502256758253e-17,1.9975130757191164,0.4201757249202417,3.502315034856828,0.0003218646944584671,0.08102556451514076,0.21608106427368454,2.9227840885811096,0.0008220167039798583,0.04107867577194448
255.3608497698031,4.888259877279946,-2.7755575615628914e-17,1.997501759111409,0.41917284570269087,3.464662433717614,-0.0005645880984096411,0.08092747959984717,0.2199773844942343,2.899124621019766,0.001029709982428305,0.04144288857829885
255.47926718607312,4.925050832262611,4.5102810375396984e-17,1.9979648519887412,0.33950727085504034,3.412796758718042,-0.0002421756541130457,0.0728336629455265,0.18122554307191274,2.8890054012567665,0.00086488758395292,0.03761750290378726
255.48578628498402,4.9195278783110945,-2.5326962749261384e-16,1.9979903429953998,0.3310064753035509,3.4322561061309917,-0.00033370280268409146,0.07191567853436039,0.18320723971247801,2.878327742487442,0.0008718066192929985,0.03782256619364016
255.47801189368644,4.915864841574837,-1.0061396160665481e-16,1.997959943502084,0.33808256492219557,3.4088706230311,-0.0004899178002107504,0.07267943352461095,0.18390554139142784,2.877600881417094,0.000922195900055397,0.0378934241899891
255.47437525778508,4.917033662142166,1.1449174941446927e-16,1.9979457233375715,0.3421467493605358,3.4290128464654632,-0.00044735031389240296,0.07311527088409803,0.18347799285442168,2.889119845524559,0.0008805020236026496,0.037850317506747555
255.48344441697265,4.929922033247491,9.71445146547012e-17,1.9979811858511576,0.33477865371676174,3.4786209887191983,0.0001888023232187331,0.07232482850312988,0.1817769293105548,2.8900876803995468,0.0007290329574951848,0.03767758977410306
255.47318939879153,4.918343321077516,-5.204170427930421e-17,1.9979410863076312,0.34381910306906693,3.4347524301317787,-0.0005759630254390212,0.07329284925589603,0.18299149813938365,2.8930889703101226,0.0009100183747552512,0.03779937758444632
255.3331191548355,4.164150273514558,-2.7755575615628914e-17,1.997393297974714,0.3255207648813643,3.3561064312445867,-0.002196530404311594,0.07128420025120749,0.3413600802832434,2.3855280649095745,0.001897153460072007,0.051606941741996065
255.32797197718975,4.175177066170628,2.7755575615628914e-17,1.9973731654709868,0.3332560843460739,3.359022516563157,-0.002229341266346361,0.07212597559427233,0.3387719384642711,2.399431150090498,0.0018890716135259267,0.05141096359426741
255.31371144853853,4.152460582460291,1.3877787807814457e-17,1.9973173862417095,0.3318470163140427,3.3297738355905073,-0.0024042148559644118,0.07196755783568924,0.3544415351474233,2.3695843765724387,0.001981149244646729,0.05258468922613959
255.32864610815435,4.18891020344701,-2.7755575615628914e-17,1.9973758022565287,0.3345519365876688,3.3733869661765747,-0.0023027947663207624,0.07226389932356633,0.33680195525797246,2.4067850981594967,0.0018796019174282207,0.051261412115595394
255.34543127356744,4.216493542304034,-2.7755575615628914e-17,1.997441454373442,0.323458422198607,3.3405195104692122,-0.001749942153013692,0.07107021562732407,0.33111030423396853,2.4031383215966393,0.001764421010559501,0.050829972165301995
255.32997846874468,4.200271260854915,-2.7755575615628914e-17,1.9973810136211207,0.33249853771236615,3.376587925721019,-0.0023484985007643103,0.07204008749680714,0.3375229935428947,2.404958783416836,0.0018880407513807717,0.05131601786162865
255.1518513361057,5.00059119569161,8.326672684688674e-17,1.9966841706005112,0.5759885688282875,3.5168496476561026,0.0006611437004916732,0.0948650846041329,0.2721600950660804,3.042118613213594,0.0007354293215679195,0.04610542144278406
255.13764610190393,4.981258620779376,-2.7755575615628914e-17,1.9966285884816557,0.5854331348476216,3.5096169555556136,6.938696293497856e-05,0.09564197779972694,0.2769207632485713,3.036561756662542,0.0008890535514556055,0.04650433363313689
255.11498965948138,4.994753772936095,0.0,1.9965399353454958,0.6093777414888975,3.479909332207048,0.000296521840088969,0.09757786268187255,0.27563259902979226,3.0557401940322086,0.0007828420702126961,0.04639791846854078
255.13084516819788,5.008143958396728,-1.1102230246251565e-16,1.9966019772987034,0.5965909726080537,3.554501353791566,0.000748853298472602,0.09654622294910457,0.2725638591940842,3.0422385901204967,0.0006336388714008279,0.046141127551615306
255.07689408523248,4.996934977394768,-1.3877787807814457e-17,1.9963908610494483,0.6458146305348469,3.482261619982013,-2.615567734113233e-05,0.10045323746892146,0.2772912842326754,3.075501128700357,0.0008781696651060582,0.0465356527418179
255.0817809419746,3.881803782147619,-6.938893903907228e-17,1.9964099847522185,0.5003598498116079,3.6359663850020247,-0.0021926355849514376,0.08839295787843045,0.41785920821378386,2.56293188050337,0.001969936903941836,0.0571020526142859
255.04610668543776,3.8935551271565743,-2.7755575615628914e-17,1.996270376717534,0.524692973787114,3.6654430973015817,-0.00256095035579492,0.09050839325001196,0.42920034077512376,2.5611283631631934,0.0020704774209887164,0.05786916955992051
255.04397976599836,3.9215064174457863,1.249000902703301e-16,1.9962620528987984,0.5303878115165989,3.656910776168891,-0.002357102860970343,0.09100414068079354,0.4256324224851522,2.578846885207162,0.0019781486959144735,0.05763106999182042
255.0588035080607,3.974089811128154,1.8041124150158794e-16,1.9963200657242937,0.5240592455008768,3.632509526822603,-0.0018111885457633573,0.0904717928804492,0.41713724643846295,2.5885218354902553,0.001790131872397272,0.05705856785514266
255.0141329318366,3.944433530687741,-9.71445146547012e-17,1.996145241975129,0.5568609156342704,3.6797029757273148,-0.0026262195747105963,0.0932419153467521,0.4290061525291964,2.5896804852625155,0.0020720938420497885,0.05785600222746198
255.03110813784954,4.056566904059466,6.938893903907228e-17,1.9962116783181836,0.5363654956929601,3.6179628560520385,-0.0019636038962974932,0.09152516118500391,0.4325263664575394,2.5708101940155523,0.0019417719845651086,0.05809769151618233
255.01687477082044,4.046154691904984,9.71445146547012e-17,1.9961559729375031,0.5524427303174405,3.6630071902362134,-0.0023484658140636473,0.0928784279019094,0.4306824988621284,2.586216362425059,0.0020094434486891202,0.05797127874548653
255.01909802921188,4.045471206413479,-4.163336342344337e-17,1.9961646742456984,0.5414005539645473,3.6407311236581643,-0.002236984737764381,0.09194770010706663,0.439501416823549,2.569724068149019,0.001974294423518843,0.058563700194431356
255.03456566560214,4.107031642503401,6.938893903907228e-17,1.996225209871129,0.5411373942016786,3.630569498887576,-0.0015516133896695088,0.09193945986512117,0.4242969401961894,2.595937286985716,0.0017332498076379755,0.05754837695701811
254.993692402759,4.050659391164523,-4.163336342344337e-17,1.9960652403649308,0.5648434511250047,3.6701557139773997,-0.002555303018332717,0.09391032611120406,0.4414641461159374,2.5808241846952065,0.002075610030797096,0.05869097447249291
255.1132631918406,4.187935213412453,-2.0816681711721685e-17,1.9965331796322618,0.5101935480415865,3.6816961098101038,-0.001554074397474741,0.0892712666030728,0.37654326011791817,2.6740420817752204,0.0016909338657993328,0.05421148367581105
255.0793865218267,4.158184170565549,-4.163336342344337e-17,1.9964006147072642,0.534949286388086,3.7052961798141815,-0.0020330904359522604,0.09140267579832159,0.38566419178526845,2.668274036987347,0.0018262371295018147,0.054860426140062375
255.0763926987978,4.196532090288266,-5.551115123125783e-17,1.9963888989670113,0.5469435057905381,3.7028257603925763,-0.0018174293397827303,0.09242666946597208,0.37666379541169615,2.70056344541879,0.0017068587584951871,0.05421966926155511
255.09708629305402,4.214952645590975,9.71445146547012e-17,1.9964698778917174,0.5266704712953449,3.712268930869397,-0.001408583899890739,0.09070414546969027,0.3762432356506972,2.691303646969523,0.0015471575512797553,0.054194156345796086
255.049429710829,4.167200957813472,2.7755575615628914e-17,1.9962833814946472,0.5575160823366929,3.7135865172073097,-0.002179409666221123,0.0933083005954862,0.39305420683438524,2.671987810603048,0.0018563846342814904,0.05538311861012558
255.08209531345344,5.00739007452929,-1.734723475976807e-16,1.9964112149736861,0.6490671284558535,3.5614051188366522,0.00039261262547325487,0.10070511276717298,0.2688375580907608,3.1209711808937213,0.0007678791201000158,0.04582252485667921
255.01274954891932,4.985705901284991,-8.326672684688674e-17,1.9961398276929059,0.7159527522349751,3.5661041149423136,-0.0002701269559331693,0.10576714416632021,0.2712976988457884,3.139446146356576,0.0009240034787495314,0.046028898420492105
255.04474425246548,4.989070817115261,0.0,1.9962650447635386,0.6835665122590463,3.570177347019117,-2.1654980201671857e-05,0.10334759931952668,0.2716892352754749,3.131200700013573,0.000810458780014374,0.0460642519439483
255.05030046384758,5.005048043089735,-1.3183898417423734e-16,1.9962867892032992,0.6812273367003798,3.551557749807831,0.0004568000021211607,0.10316961020427234,0.2684721994521281,3.1309816830223953,0.0006283419031314835,0.04579349565901821
254.98719350186852,4.975186547901099,1.3183898417423734e-16,1.9960398038282443,0.7362661960977597,3.5891406004509765,-0.0004696497830725052,0.10725641585988578,0.276540302033642,3.143469319178959,0.0009560842987602985,0.046471034122897374
255.10087875520168,3.271200198773551,-2.7755575615628914e-17,1.9964847183362127,0.42854305930699177,3.5958422738812907,-0.0034981033333159562,0.0817541960680991,0.47057818549137453,2.3377568896685235,0.002573283076482445,0.06057862897391828
255.2980260719881,4.960812914254327,0.0,1.9972560320036121,0.45079358751574017,3.417264071442826,3.822458171844241e-05,0.0839264460335048,0.2511803404961504,2.8981609873941787,0.001017658277682924,0.044286688539063736
255.29301555610488,4.964406013769502,1.0408340855860843e-16,1.9972364326899654,0.45507260424935375,3.405318642307448,0.00021503259942494196,0.08432356255743313,0.2519118396457524,2.908210236148472,0.0009373174962038556,0.04435293319661903
255.29451054325736,4.9515271268662895,2.7755575615628914e-16,1.9972422805554653,0.4498537366022054,3.4024484123110943,-5.929547781000381e-05,0.08383889979273207,0.255635720140525,2.8872285205404333,0.0010339640441551644,0.04467756687593054
255.2903614705067,4.968336357394163,-1.5265566588595902e-16,1.9972260507956197,0.46023480183461346,3.387194068386041,5.288693489534455e-05,0.08480074281300815,0.24940372765871868,2.9154562701202265,0.0009278270474143853,0.044131686567633305
255.32146781068914,4.984509934776826,1.3877787807814457e-16,1.9973477249948286,0.43534378826462294,3.4811640663520316,0.00044425649758292763,0.08247453745125878,0.24318840104630565,2.89702873847855,0.0008380452819334551,0.04357989287824939
255.26583513546163,4.966679647659956,-6.938893903907228e-18,1.9971301094299259,0.483368334600595,3.3837173145206325,-0.00010339007301984632,0.0869058084285918,0.25079652993777485,2.926339954230021,0.0009841003729198733,0.04425358105955816
255.23078499386125,4.936191468650784,-4.163336342344337e-17,1.9969929933600372,0.5093743862636158,3.443965455694041,-0.0002205768594656125,0.08921281371651757,0.2598406198751212,2.9410714209634343,0.00112219621913186,0.04504159764506751
255.22368931586198,4.928004729578848,-1.5265566588595902e-16,1.9969652339388242,0.513442954213512,3.4358531121728557,-0.00011921911874897316,0.08956858794459054,0.26286772992460566,2.942795444003182,0.001062379950070192,0.0453048064655139
255.2010850018053,4.921021763773938,1.5265566588595902e-16,1.996876799693263,0.5350455624549224,3.4418071724576347,-0.00026597184284810884,0.09143312404340659,0.2638694357398343,2.9476023518663403,0.001109217027437603,0.04538997250829194
255.21146701486498,4.930637979144953,-2.0816681711721685e-16,1.9969174174480189,0.526884317052155,3.4625319701995925,-0.00026749436335452665,0.09073310256298688,0.2616486680829013,2.954640953856189,0.0010511903648491396,0.04519983648437807
255.25669874845923,4.952503640636316,-1.8041124150158794e-16,1.99709436881302,0.48799021017801764,3.445369049217068,0.00025226865891632725,0.0873200056948879,0.255311041362855,2.925867452188381,0.0009089127142822217,0.04465189120658968
255.18403866018033,4.926012791045059,2.914335439641036e-16,1.9968101071622504,0.5506555517198515,3.442645360831483,-0.0004247195641104654,0.09275673888680296,0.26530578809985816,2.9550161922766285,0.001114688020721229,0.045513283117641634
255.52165006853656,5.097585731523801,7.979727989493313e-17,1.998130571889856,0.3425299919300152,3.378367506614002,0.0003252891094234129,0.07315685416214791,0.13581993953346314,3.1498148127329113,0.0005129973087388358,0.03257038703126519
255.52344805312578,5.095278751565067,-1.5612511283791264e-16,1.9981376018257826,0.33911112397991433,3.4086480658743987,0.0003583208862359172,0.07279067878738767,0.1374408228943746,3.1430858849215415,0.0004794480922591809,0.03276471514280462
255.50127007942126,5.092542210127159,6.938893903907228e-17,1.9980508864868676,0.36151096765648794,3.3541740082737763,0.00022494499868990457,0.07515689103056478,0.13721895292232536,3.1567867036735695,0.0005213857453388506,0.032737611803707135
255.5002672894459,5.094287358508561,1.3183898417423734e-16,1.9980469655134718,0.3607223975885542,3.370933613155308,0.00025594935914119194,0.07507477573890392,0.13901031296561014,3.156615951328337,0.0004689432560731657,0.03295145159574025
255.50820480925296,5.109271413885212,-4.163336342344337e-17,1.9980780015166018,0.3575345512897684,3.405721598297241,0.0006556596860388931,0.07473986536165779,0.1342606394572977,3.1628219987056063,0.0003262759252110688,0.03238525574672471
255.50927023272652,5.0974357784842885,-4.163336342344337e-17,1.9980821673260467,0.3530165639220908,3.391487085234264,0.00018411767807570987,0.07426876807893941,0.13771320335142173,3.156877169529279,0.0004929799430852319,0.032796971993748106
255.45582501263522,5.076316499288726,1.214306433183765e-16,1.9978731856207557,0.38199623905692337,3.3625290118031916,0.00015429927935841,0.07725715130003706,0.16217874830779835,3.079832161799009,0.0006788335192175548,0.03558877149056794
255.46469411619978,5.070265799345718,-1.0061396160665481e-16,1.9979078671364257,0.3735079897196286,3.4159447580948874,0.00020061509436690634,0.07639386161828128,0.16179789408062853,3.0818462045387944,0.0006315903482626695,0.035547814857412714
255.45630807950687,5.0656186190704755,1.1449174941446927e-16,1.997875074608594,0.38019799402437415,3.379085704500401,4.506841116211878e-05,0.07707523354145067,0.16349392646883684,3.076853032539,0.0006893863224427569,0.03573263280303057
255.4555727653355,5.068782976548464,4.163336342344337e-17,1.9978721992305633,0.3812066824647276,3.4022222778625157,8.266559566185035e-05,0.0771773773842482,0.16322055219976778,3.084951976215912,0.0006352730961021586,0.035703739190091205
255.46662097557368,5.082787429842421,3.469446951953614e-17,1.997915401798419,0.3738818826707234,3.420399870938203,0.0005010822220397853,0.07643070936041879,0.15949714175565713,3.0811751399614664,0.0004946197260161611,0.03529627135113151
255.46469316080209,5.065278744463295,9.020562075079397e-17,1.9979078634004954,0.37286436044922394,3.420411575910695,-2.0167727628561108e-05,0.07632827277805969,0.1624424787486667,3.0793932159994473,0.0006630018108645606,0.03561800519151443
255.27747929833617,5.101739486817774,-6.938893903907228e-18,1.9971756592840058,0.49950457293016826,3.3039054337641813,0.0006347561452864003,0.08834226642253355,0.2230161287336282,3.028188371340995,0.0006733613244612087,0.04173559739908116
255.25776312099902,5.0921168489438084,-2.7755575615628914e-17,1.9970985325630806,0.516013405358022,3.3091753708883287,0.0005058744557463021,0.08979116632360956,0.2262234736429971,3.0358543827080355,0.0006827780313332161,0.04203456556211618
255.28095425044833,5.103833995040334,-8.326672684688674e-17,1.997189252465388,0.4979982444591215,3.42183914121017,0.000791036451307891,0.08820769145038587,0.22104750509260934,3.025672003958937,0.0005514826130516969,0.04155273156440515
255.27324481327082,5.093752913512992,-1.6653345369377348e-16,1.9971590948663445,0.5000035657298848,3.3262825442725807,0.0005741193969021293,0.0883867982305477,0.22675162099933593,3.02424933670114,0.0006810431110590817,0.04208364550913087
255.24689142835808,4.664745183486186,-3.469446951953614e-17,1.997056002862237,0.4518579116947457,3.4862146807208663,-0.001057001089864327,0.08401882300369617,0.3012506599471479,2.692914697623026,0.001373506180020665,0.04849365176608726
255.23382309769278,4.668374595609847,-1.1796119636642288e-16,1.997004878787593,0.46325325577235005,3.502295095913262,-0.001042391739924348,0.08507200209765553,0.30292364653490456,2.7064097842190016,0.0013255664362612865,0.048629557495179825
255.26256763035065,4.697378405169568,1.0408340855860843e-16,1.9971173273556635,0.4423987613706104,3.511117122648271,-0.0007658905829425657,0.08313780161894316,0.29503360827879566,2.7046089252987997,0.0012098052064742312,0.047994650077279224
255.25375537662376,4.683957375664132,-1.3183898417423734e-16,1.9970828545054775,0.4455495509381105,3.498024788113222,-0.0009815325196678112,0.0834310992815078,0.3006950724381355,2.7043990013527854,0.0013242740295483944,0.048450248211104115
255.18153264129307,5.186025754879309,1.942890293094024e-16,1.9968003023638103,0.6052232699289367,3.3153720875607173,0.0009296166590213881,0.09724067773060258,0.21324408877803702,3.171985423136027,0.0004541839734125215,0.04081376190081857
255.12942745679823,5.165290831670679,-6.245004513516506e-17,1.996596429930814,0.6544042752376715,3.3241581979846386,8.845103694031086e-05,0.10111903370287258,0.21616826796414187,3.1779055894327026,0.0006915211626618666,0.04108937079040575
255.051295496669,5.119908231920545,-1.1102230246251565e-16,1.996290683276224,0.7163908872243767,3.384215320491842,0.0007715246122744174,0.10579703380838965,0.23231361610667883,3.1899847751714243,0.0007633335095885367,0.042595392330468884
255.0540464215772,5.114473871303127,1.3877787807814457e-17,1.9963014490144377,0.7104643853639923,3.3861879808399014,0.00022770518719049566,0.10536106572951938,0.23548919305886404,3.173120711157328,0.0009529204094804788,0.0428818290592364
255.23396930293234,5.0133944301031965,-2.2898349882893854e-16,1.997005450758289,0.537714333558724,3.4632856576692332,-6.52329022250756e-05,0.09166123611714785,0.2283163635089231,3.0543076815967467,0.0008376142198983005,0.04222582139321965
255.15805562865125,4.943348588694275,-1.3877787807814457e-17,1.9967084462178437,0.5921205438388453,3.524760513210961,-0.00043853187984270025,0.09618571197050171,0.24982382750993493,3.037354323988884,0.0012129049066223314,0.04416194644837179
255.1510193223527,4.949216825466575,-7.28583859910259e-17,1.9966809151468747,0.6015802910987432,3.549271381877277,-0.00019254779582442497,0.09695181779504801,0.24740038654857777,3.0603887858095127,0.0010755994135446569,0.04395063828674558
255.1573133387311,4.945888236941016,-5.551115123125783e-17,1.9967055418658188,0.5949647189562683,3.523013147934021,-0.0004172608896913666,0.09641654228938946,0.24772194231263628,3.0451385739849375,0.0012042178738345493,0.04397587444985953
255.2962329631105,4.9199751240672205,2.0816681711721685e-17,1.9972490180367097,0.4779065678844716,3.5229633989636913,-0.0009483377305837459,0.08640827957287206,0.2258604690050544,2.9516138449772225,0.001105325556308365,0.041991822650565655
255.25575917462078,4.8824322431324365,8.673617379884035e-17,1.9970906932594348,0.5041683130118517,3.537673372891045,-0.0007711057367367682,0.08875266354737166,0.2400725123674351,2.947786672151463,0.001256881001806925,0.043289568639776066
255.26450620098018,4.8847379497206855,3.8163916471489756e-17,1.9971249108131206,0.49486974607728496,3.5816588256312105,-0.0005237718887956822,0.08793216388481569,0.24062405294251793,2.9470473489916778,0.0011464267207135634,0.0433423709479241
255.26556516919615,4.887344853582281,-1.734723475976807e-16,1.9971290533585178,0.49344475043225844,3.551303638936618,-0.0007591726276564769,0.08780374640313166,0.24099008037164504,2.9398953998054442,0.0012657033712307993,0.04337203013324984
255.3823039908776,5.0822464648238785,5.551115123125783e-17,1.9975856677142692,0.4310954196796539,3.3228623952612075,4.04208581025094e-05,0.08207231140067167,0.18660058944275726,3.029579419838851,0.0006663100062003846,0.03817555678699629
255.38300794785323,5.07659835977222,9.020562075079397e-17,1.997588420867824,0.429952987008292,3.333563082416131,3.6334333795011876e-05,0.08196349249404122,0.18703906513847648,3.0358228761117,0.0006218807248723037,0.03822114546633028
255.3938022133088,5.081613268650382,8.326672684688674e-17,1.9976306364247995,0.4206114674236676,3.2803822241597302,0.0002044320624379611,0.08106794919095127,0.18558631926759162,3.013076975784922,0.0005689278135466119,0.03807321158532641
255.39146397710346,5.074016118761978,-1.0408340855860843e-17,1.997621491835288,0.421728683214322,3.3460445877441405,3.049801409746658e-05,0.08117579531544436,0.1868073396822605,3.0288690511958025,0.0006406011682912601,0.03819714611604961
255.16322251020495,4.976428195479932,4.85722573273506e-17,1.9967286625182583,0.5474491403718887,3.351612118411668,0.00142784428335148,0.09247623521215201,0.28932834942325014,2.939845527683902,0.0008433820759584359,0.04753594888653317
255.1313689432228,4.965564209621636,-6.245004513516506e-17,1.9966040267759295,0.578036937118428,3.289085710682227,0.0009036253583835129,0.0950316294908549,0.29059411965879656,2.9550825764551822,0.0009348643276550566,0.04763814216070172
255.13708914084407,4.979207033749368,4.163336342344337e-17,1.996626409177663,0.5769759100521793,3.3035812445101183,0.0006176542954050013,0.09494665395756013,0.28593494910380496,2.9636194244868053,0.0009024505847075161,0.04725518355498831
255.11340905902932,4.988460089294315,2.0816681711721685e-17,1.9965337504152874,0.6053377997967626,3.355371200913927,0.0007697451189831116,0.09725127564343934,0.28125314117393335,2.9780227989397496,0.0008258622406153138,0.04686798605637841
255.15257365891924,4.9708160178237435,5.551115123125783e-17,1.9966869968576981,0.5592740403786591,3.342013555733278,0.0004191397101158821,0.09347984383181196,0.28815230070212594,2.95743483083728,0.0009839812496445321,0.047436501031755146
255.25041621339926,3.521869916417703,5.551115123125783e-17,1.9970697918035722,0.3239946985634142,3.1595557762339848,-0.002970596631474429,0.07108862581810411,0.42558908803729645,2.2486751042759687,0.0023232680762804363,0.05761525124250622
255.25093948984363,3.5250176944037053,-5.551115123125783e-17,1.997071838850272,0.32641154270465944,3.178370268587848,-0.0032016474129849923,0.0713437440046654,0.4226489674516963,2.254266489077771,0.0023550954084632343,0.05741427160413526
255.26769952369878,3.5518812313950683,8.326672684688674e-17,1.9971374026485493,0.3233309392587994,3.2320985997097007,-0.00325174256224086,0.07100332454348635,0.408969537042493,2.274104265635179,0.002300090092778273,0.056478173604584445
255.27899486903195,3.5650325436910983,-5.551115123125783e-17,1.9971815878453878,0.32198470360235243,3.2429600015077935,-0.003085170977181282,0.07086249158636969,0.39902042736580007,2.2853213917075736,0.0022265560613380893,0.05578879400830449
255.24680365439804,3.537904152319025,-1.249000902703301e-16,1.997055659489732,0.3327737616268013,3.225299334776295,-0.0034018126465822965,0.07202789526382347,0.42042258397527926,2.2605016309525316,0.0023766243217347945,0.057261707048779184
255.08580508546774,4.684831833966239,4.163336342344337e-17,1.9964257322676526,0.5774411099242912,3.391873104684832,0.0003447280017946819,0.09498630693511476,0.3367538046080317,2.833348766663666,0.0012284094883435767,0.05127748149655164
255.04845010299482,4.6659285352407585,-6.245004513516506e-17,1.9962795477736313,0.6058439615691829,3.4617237621768644,-0.0006719808944096492,0.09729265306895497,0.3457059354361066,2.8478873744096767,0.0014145506588116004,0.051950232598403624
255.26238793082746,5.009606684074168,-1.8735013540549517e-16,1.9971166243910692,0.496591250236688,3.40780844504405,0.0009874527767174657,0.08808100375201229,0.24102081893587862,2.9981992681337806,0.0007993601247001418,0.04338589830034169
255.24617962312814,5.000734475556288,1.734723475976807e-16,1.9970532182722065,0.512509481516372,3.4289054095814144,0.00021542252425700483,0.0894869501202793,0.24131089535543887,3.021690559172222,0.0008351139323804395,0.043411334403405645
255.2333138393033,5.008208108166482,7.632783294297951e-17,1.9970028865124643,0.5289283532705265,3.442399040198427,0.0003713781288094196,0.09090856724279302,0.23775780742623556,3.025804905570114,0.0007507514839021564,0.04309198582946583
255.21204347135142,5.005301859818715,5.551115123125783e-17,1.9969196727059069,0.5448451936314265,3.3849550969535116,1.134801548507286e-05,0.0922670364849418,0.24311133501720317,3.0176549802078663,0.0009372533911710071,0.043570963506705224
255.38657750029384,5.016932192130453,-2.0816681711721685e-17,1.997602381216565,0.4096235197404693,3.376430614548766,0.0006581604601474927,0.0799995895036564,0.20379897996567026,2.9777717244978366,0.0007417486178016252,0.03989522953900364
255.3709173268702,5.007752402886582,8.673617379884035e-17,1.9975411343029577,0.42344952166220834,3.359452402500356,0.00016113223648216244,0.08134108932375057,0.2056331514675885,2.9765675301021064,0.0008244343950306123,0.040072800049021105
255.37377175373788,5.014263105368892,-7.632783294297951e-17,1.9975522981018932,0.42235361898893053,3.4154766315708445,7.0104125288645e-05,0.08123589343457518,0.20387462727324177,2.9808389637481323,0.0007385783669757098,0.03990269449007218
255.38233205332904,5.012051021477746,2.7755575615628914e-17,1.9975857774657053,0.41489472679819783,3.4091380579201047,-0.00016619687415283472,0.0805152313840112,0.2027732198728087,2.9874853787102005,0.0008418073676442983,0.03979267697217791
255.33482269508897,5.013667125254555,4.85722573273506e-17,1.9973999611021236,0.4389567680795209,3.330140495082169,0.0007146851734101604,0.08281418191557181,0.22622053683153334,2.944722856475748,0.0008127047431847898,0.04203198133560634
255.31995869247046,5.010663437237189,8.673617379884035e-17,1.9973418221651122,0.45581986445410816,3.28610873387632,0.00022260129609928724,0.08439274750094593,0.224221443075512,2.949190512592027,0.0008651398797234553,0.04184473153236797
255.3432430866978,5.008225214449881,-1.8735013540549517e-16,1.9974328958014216,0.43200293415485663,3.340910872012847,0.00012759556836717005,0.08215856355572781,0.22475397914740045,2.9432047879191816,0.0008176930110217038,0.041895367765766085
255.33965824342556,5.015899446203486,2.3592239273284576e-16,1.9974188744611192,0.4395330499279754,3.266653962587421,0.0001994881964694343,0.08287137086825634,0.22080870664642188,2.9382987114928714,0.0007708310174620646,0.04152678461207525
255.3170856299364,4.999244935103581,-9.020562075079397e-17,1.99733058429689,0.4564249903231548,3.340286198101814,-0.00017248197718519858,0.08444886454989693,0.22648937974049482,2.945499022811735,0.0009184667656073143,0.04205478210647501
255.16937111174343,5.082023506146021,-1.1102230246251565e-16,1.9967527196979076,0.5755588594561774,3.3541449109615313,0.0010911508761076625,0.09482571681125505,0.2550700288004536,3.036499989893649,0.0006982790703712232,0.044634594277795606
255.15653209937508,5.052397738351921,2.7755575615628914e-17,1.996702485112075,0.5799737265558801,3.3546322080628532,0.0007530662687587181,0.0951920289132997,0.26349417406909215,3.0259414217120346,0.0008001069144925063,0.04536417158772067
255.16029707934808,5.065612734153591,1.1796119636642288e-16,1.9967172162989966,0.5820555334710549,3.3413915207309937,0.0005659220961084983,0.09536402593570789,0.25764738718092395,3.0354484286971637,0.0008027770198743304,0.04485783946432697
255.15220749370297,5.061149823775581,-1.249000902703301e-16,1.996685564151028,0.5864603197675684,3.3531446942771193,0.0006392406792666118,0.09572373722187318,0.26133218652940843,3.0372525273724973,0.000745546935893307,0.045178555388894225
255.151997785711,5.078141021678092,-8.326672684688674e-17,1.9966847436192159,0.5928276856801609,3.43444846735993,0.0008665763710231505,0.0962402287723055,0.25517452860889095,3.03279036859361,0.0006463971659500626,0.04464452010561668
255.13370757722035,5.075216171980854,-9.020562075079397e-17,1.9966131775819942,0.6110849607329318,3.368342711284832,1.498235955587875e-05,0.09771490309559214,0.2552074620466308,3.0502683035708844,0.0009279132973136102,0.04464243803996341
254.9528087895037,4.3190520110294655,5.551115123125783e-17,1.9959052175231156,0.6390448257808553,3.6104707274751675,-0.0018236150878203567,0.099908707482568,0.4081463847154748,2.7196002528221896,0.001941273629288275,0.056434697547571536
254.90728560436096,4.269580257833137,-4.163336342344337e-17,1.995727019802092,0.6708276981656818,3.600935150524422,-0.001800456120600731,0.10236425714865795,0.4218866974734644,2.717237927213784,0.0021912108175750947,0.057368880232791554
254.9196121109918,4.264099881273843,8.326672684688674e-17,1.995775272728432,0.6566356856105257,3.558293814460153,-0.0020454417101761387,0.10127067075849126,0.4237522033976834,2.691475209992813,0.002186104271500705,0.057495956702698046
254.88595939184887,4.2614437194448485,-1.3877787807814457e-17,1.9956435341757903,0.6855941215246107,3.5732077483485747,-0.001976673987405914,0.10348188686320692,0.42844648662655055,2.7070410083635275,0.0021994178820165296,0.05781349961514345
254.90474245756548,4.278170163914458,-8.326672684688674e-17,1.995717064340399,0.6724117613162877,3.569821631829214,-0.0015950175066009398,0.10248848564458658,0.42284578111828586,2.7078098390959666,0.0020680240236409467,0.057438714658531946
254.92386024778898,4.289385350451193,-2.7755575615628914e-17,1.9957919020708805,0.6509601064611024,3.5815915955895337,-0.001290167119767263,0.10084437085062208,0.42517964574997286,2.7202695753697688,0.0019526405792284409,0.057601242844143676
255.00028943188283,4.738002798587629,2.0122792321330962e-16,1.9960910606415654,0.6692266266321489,3.516665801184689,-0.0012108388144160586,0.10225067193174249,0.3304839414850663,2.890803890166209,0.0015836253340054806,0.05078777336774647
254.9206539109212,4.659615815359368,1.6653345369377348e-16,1.9957793508697659,0.7209478108753702,3.5260307325963907,-0.0013258857538048742,0.10612752504367336,0.3583982782034398,2.861066949772983,0.0018753126357845028,0.05288165798254098
254.93877558988788,4.676719024870971,9.71445146547012e-17,1.9958502871187502,0.7056402956224067,3.526278686999542,-0.00123089853884606,0.10499578328622142,0.3555841144897342,2.8690100320157508,0.0017909204207965396,0.05267630870227547
254.9632148831874,4.685582253626912,1.5265566588595902e-16,1.9959459493056928,0.6864179574114494,3.5304747576561706,-0.0007706317056063033,0.10356006330303304,0.35036715940115015,2.867691952135536,0.001634890707188234,0.05229312158589345
254.90505446643013,4.681640790771017,-2.7755575615628914e-17,1.9957182857402422,0.7403683915116062,3.4958063039243807,-0.0013263937037264013,0.10754764896133974,0.3545771420583005,2.8830965305432343,0.0018179775545950582,0.05260065474822021
255.217257457887,4.744474948924832,1.0408340855860843e-17,1.996940071153735,0.5148849707416114,3.5382035857297933,-0.0009121468375502036,0.08968971878640511,0.2678575713713847,2.8862662577233986,0.0015060652493131608,0.045720553844018054
255.19929011446544,4.744366920038995,-9.71445146547012e-17,1.996869777436306,0.5315504432012987,3.560614757500435,-0.001049237453926839,0.09112834232984582,0.26915944233324307,2.892313690197103,0.001512433673431359,0.045831437765053065
255.2295584588804,4.803220929581419,3.469446951953614e-17,1.9969881949876436,0.5165077342134274,3.5861984603104933,-0.001319727548040898,0.08982589641235843,0.25393380690624967,2.9179430436190406,0.0013124880827094774,0.04452117744947702
255.21063847403428,4.7870013514216625,1.6653345369377348e-16,1.9969141759616975,0.5316047463545734,3.582495714195995,-0.0009714023322031362,0.09113386055303045,0.25775677961117494,2.926817122954855,0.0012531738531040947,0.04485704399541058
255.19647519345767,4.7743332588571405,1.0408340855860843e-16,1.9968587643841456,0.5387259772942679,3.552156224810055,-0.0011770612928735168,0.09173989275084071,0.2647988292480601,2.911825537068985,0.0014938035516938483,0.045458875969929306
255.18148907886973,5.031755301526406,1.4224732503009818e-16,1.9968001319254112,0.5827473650437524,3.455897950275726,4.580215307845069e-05,0.09542235315150956,0.23576355608647281,3.0758963017852388,0.001141052563350915,0.042902223496845
255.16589239874125,5.026872773722527,2.42861286636753e-17,1.996739108829777,0.5964234161264788,3.4678363509484273,-0.00017397729132817476,0.09653541116542848,0.2376841851323086,3.0711222273407826,0.0011826470127451678,0.04307562004648808
255.14028722052544,5.025385816490843,-2.1163626406917047e-16,1.9966389227450991,0.621783035820526,3.4299744084321837,-0.00024048641054869816,0.09856623205227062,0.23792974365399688,3.083169185077137,0.0011831853197322413,0.04309786763629983
255.1442352685397,5.021469949318294,6.245004513516506e-17,1.9966543707088948,0.6151680351396877,3.454673559472564,-0.0003420362518294683,0.09804021399538076,0.24059669632070932,3.0714574188185626,0.0011826030042307073,0.04333893330643852
255.148025851887,5.031863414333151,-1.6653345369377348e-16,1.9966692024308221,0.6169085339949424,3.454916601622121,-1.8177483180726196e-05,0.09817940473057514,0.23506561411808558,3.093437287494442,0.001035398643665903,0.04284131253762235
255.14453648423464,5.0248913205502905,7.979727989493313e-17,1.9966555493039269,0.6169882420610365,3.446421917458455,-0.00041508367090114595,0.09818487148104767,0.23847527370437221,3.0748550222395643,0.0012061598827449475,0.04314664823775614
255.09636252021448,4.9976484390329,1.249000902703301e-16,1.9964670456529834,0.6417820679573396,3.3882816576616266,-3.962516642146011e-05,0.1001391194373089,0.2618554118282512,3.0496540587265164,0.0012662802658558474,0.045212187949672564
255.10045532342576,4.99008678121025,-2.7755575615628914e-17,1.9964830613928402,0.6370770738225981,3.3928310489512254,-0.00023288992447013934,0.09977111325810278,0.2624676027516837,3.039857001752197,0.0012750204707815704,0.045264803868973254
255.07210610131955,4.991401129536115,1.249000902703301e-16,1.9963721240873702,0.6683514818976432,3.381821261064834,-0.0004976142450135736,0.10218974647543576,0.25954241678278694,3.047762946590633,0.0013469492728609396,0.04500956408111349
255.07276965830286,4.986051085199289,2.42861286636753e-16,1.9963747208154539,0.6642393434511185,3.379087431990949,-0.00027143144294148117,0.10187573836000163,0.2629909982460797,3.051957884224271,0.0012351668395671543,0.045311053140221
255.10757535199707,4.9955638639549775,-6.938893903907228e-18,1.9965109228038183,0.6340007290106744,3.334865433900621,-3.110385492782275e-05,0.09953019854969644,0.2584239189922935,3.036689928060481,0.0011415535732212554,0.04491807790374337
255.0752286335087,4.986945438266728,-2.7755575615628914e-17,1.996384343606855,0.6619282572721576,3.385673837339152,-0.0005311001199258853,0.10169733011510222,0.26284310921925097,3.0399970953290345,0.001318417325031961,0.045295955299921135
255.18792099908296,5.089884017469156,6.245004513516506e-17,1.9968252967174347,0.5555693338155506,3.376915686318033,0.001196483672877174,0.09316297154818817,0.2565096671014863,3.0161021993677357,0.0006384263148822622,0.04476130232768957
255.18215510493366,5.070204177531098,-7.632783294297951e-17,1.9968027377571849,0.5613517068233378,3.3645154733223013,0.00016318045347905137,0.0936541178552991,0.2564931882430091,3.0044082326106563,0.0009398964874597039,0.04475454868213252
255.082999530341,5.00337981936898,4.85722573273506e-17,1.9964147534171295,0.6358904848652712,3.4143627879945337,0.0006277412905230971,0.09967645041278324,0.28110998479374183,3.0346201673138533,0.0010499015473457059,0.04685156841496333
255.10195527096218,5.007599957404802,1.942890293094024e-16,1.996488930875597,0.6210032070363349,3.498698498612586,0.0007695833771715708,0.09850168958636352,0.27704152200147836,3.020903574537171,0.0009801335417153646,0.04651264590277524
255.08288112687865,5.007227433573236,-6.938893903907228e-18,1.9964142900729496,0.6362594684812386,3.3938562838988786,0.0005850575740179377,0.09970562623370077,0.2808594046401749,3.0317074707982163,0.0010761416925031382,0.04683007599619098
254.94352608690502,4.443342505527397,1.6653345369377348e-16,1.9958688822434931,0.6632778993783925,3.5386567181166066,-0.0007534302097541076,0.10179955560171378,0.39319601371660495,2.7884840730251854,0.001816690205594692,0.055394435585696435
255.01735196218144,4.57315317221588,1.3183898417423734e-16,1.9961578405549711,0.6252145519546823,3.498414897443734,-0.0005628319324737885,0.09883653471519374,0.35743348586393414,2.813329371715887,0.0013888031776023684,0.05282537585333271
255.0305671185169,4.564031649391321,-5.551115123125783e-17,1.996209560949658,0.6089697464131645,3.51855899270018,-0.0006570224502197414,0.09754342934921655,0.36046313506995553,2.8057583067047087,0.001391957106973067,0.05304885199649823
255.0674283019921,4.584831640173943,4.163336342344337e-17,1.9963538181441252,0.5806585890328075,3.554214994604755,-0.00038677372817257777,0.09525041133622897,0.35191310897513406,2.7990076787154803,0.0012526251508551025,0.052419005084984975
254.9925415954633,4.535513276368009,0.0,1.996060736157373,0.6397689936249421,3.5601824872097625,-0.0014521583024003706,0.09997140471982222,0.3676894109117703,2.7941091096530317,0.0016444742165738725,0.05357116040650258
255.101877724843,4.945797120387449,-7.632783294297951e-17,1.9964886274283338,0.6150832235080586,3.544766906730689,0.00015198709857231233,0.09803393426378074,0.28303905164898446,3.0091841901720446,0.0009708171464254448,0.04701382887061952
255.06954770141547,4.937849281187564,-1.249000902703301e-16,1.9963621121516548,0.6453984561628656,3.444649227431178,-0.0004008315354443017,0.10042006876927026,0.2850538424217391,3.000415698961342,0.001119443914538644,0.047177642896207087
255.04630399393096,4.919863695646303,6.938893903907228e-17,1.9962711488936495,0.663915927395397,3.5055066215631863,0.00016741153522943902,0.10185115776922199,0.2897800786736784,3.013129792593882,0.0011589170026575254,0.047566414370005486
255.02918770244474,4.901066985899199,9.020562075079397e-17,1.9962041623668405,0.6711668894130137,3.5013712299037643,-0.00010767677077113368,0.10240591317297736,0.2996454081422312,3.0053594909854393,0.0012632305040599671,0.048367178952310144
255.26502215335847,4.780442010789375,2.7755575615628914e-17,1.9971269291525329,0.46363428525721095,3.566590890108346,-0.00048458840676390575,0.08511199023181136,0.27134356138435173,2.8187002685773965,0.0013710553758039,0.046021644695422685
255.3249699718889,4.836043601837548,-1.1102230246251565e-16,1.9973614234311137,0.42051229902085546,3.5404229463796946,-0.00040997014853794535,0.08105761282370813,0.254517729090245,2.8112108666745668,0.0010549001160993915,0.044579220992101154
255.30066978097165,4.81929485804644,-5.551115123125783e-17,1.9972663731529858,0.44143342994843127,3.5369350120410146,-0.0008897964045646231,0.08304580426067693,0.2578967890799779,2.8091768623980418,0.0011895076248275164,0.04487096763273335
255.3170633063173,4.8324332146342215,1.8041124150158794e-16,1.997330496978707,0.4283436650264742,3.5981059628025003,-0.00050012925549499,0.08180843255292487,0.2545930286562435,2.812303978500112,0.0009958863534886403,0.04458717581040357
255.29304732261767,4.819404964747598,9.71445146547012e-17,1.997236556949602,0.44662115492780385,3.517545521833712,-0.0005113725254819665,0.08353558549436951,0.2603315224545543,2.814852973707522,0.001077067691702399,0.04508525196074318
255.3005960262549,5.060165209036908,-6.245004513516506e-17,1.997266084654279,0.4902913298866706,3.4102531258682953,0.00042071992916530195,0.08752499656795441,0.20911264385839967,3.064851130628089,0.0006740991666050641,0.04041334087225813
255.2833154210373,5.039503871968055,-6.938893903907228e-17,1.997198488747102,0.5052891475048236,3.4736750467204662,-0.0002826981549871408,0.08885416710270844,0.21139543145788042,3.063618240700076,0.000872611589498746,0.04062961182781055
255.22308245651308,4.996912883415622,6.938893903907228e-17,1.9969628597905913,0.5509607356645753,3.475148610387386,6.2200408281793025e-06,0.09278341153498335,0.2259568078223964,3.074507666473237,0.0009788326285008844,0.04200392181449078
255.22121527482162,5.001979515742921,7.28583859910259e-17,1.9969555550059415,0.5547308588331842,3.492039425919706,8.006115613681548e-05,0.09310028603328663,0.224053866345241,3.079122821751796,0.0009178878354597038,0.04182796089631564
255.23153799999733,4.999532031417186,-2.185751579730777e-16,1.9969959392171928,0.5428897667637101,3.4811571679890467,-3.927202366083883e-05,0.09210130869532272,0.22557223323895553,3.071176286850169,0.0010116260348675874,0.04196736452226799
255.2373208707834,4.892923518630838,2.7755575615628914e-17,1.9970185624089705,0.4777386831998144,3.404585836952523,0.0003099096112795601,0.0863977481247627,0.2849404460167705,2.808979987062985,0.0010326776224446445,0.047170232259700844
255.21362192711078,4.8814636809026695,2.0816681711721685e-17,1.9969258480502239,0.5006995833688046,3.359383223420444,0.00020058656128077315,0.08844993360748783,0.28567848952050123,2.8241844807621597,0.0010448449791979424,0.047231043799056155
255.2227026267147,4.892418404073914,9.71445146547012e-17,1.9969613738233438,0.4938601633500735,3.3614745165774496,0.00031791922675390846,0.08784340601155079,0.2834372099352732,2.8308815625700876,0.0009626285400231786,0.04704706737845894
255.23076619170268,4.904209486020305,0.0,1.9969929198035117,0.4888792212261083,3.4596863364676524,0.0005972234122046086,0.0873978326725203,0.2803545870712337,2.818758338920101,0.0008557057168962615,0.04679249917689889
255.19169005736396,4.879945439924236,-4.163336342344337e-17,1.9968400429544455,0.5187703190751164,3.336128953577611,3.533637663053445e-05,0.09003213307974647,0.28953962356093765,2.826088809819204,0.0010672357146835148,0.047548809837882684
255.244701572335,4.450641468118034,-4.85722573273506e-17,1.9970474361085504,0.43608314266602144,3.511352470821228,-0.001058025801906557,0.08253895859264936,0.3192152849989786,2.66148879661071,0.0014807148842713247,0.049916699585269245
255.221812114238,4.446911393613842,2.7755575615628914e-17,1.9969578899628726,0.4570431586406116,3.4913737940996707,-0.0014033040067088502,0.08449455657984312,0.32114472712141434,2.665111071559701,0.0015763520458941171,0.050064541292849714
255.21976847443577,4.450982487810945,6.245004513516506e-17,1.9969498948178592,0.4572935896560081,3.4977462135362263,-0.0012737254129272448,0.08451976077786537,0.3229379359082401,2.6670379376067643,0.001494771501820709,0.05020675534667093
255.22157202063636,4.463527580773938,-5.551115123125783e-17,1.996956950668302,0.45930445990780194,3.4983890561451925,-0.0014009389677037956,0.08470342115917265,0.3191235194559277,2.6757225457622242,0.0015268576020782477,0.049908127610765074
255.21172412607478,4.280267501816084,-1.3877787807814457e-17,1.9969184233388,0.4415265967729487,3.502164666919225,-0.0014135078871879967,0.08304730621778278,0.3467492771522707,2.604780537694662,0.001656442826900153,0.0520214852240238
255.20275202838465,4.268158174164752,1.6653345369377348e-16,1.9968833216899555,0.4456036472170276,3.5060337774365795,-0.0016445181946082997,0.08342573072903622,0.351644324398396,2.5971122019771293,0.0017189048987336772,0.05238574854205653
255.2031806337568,4.27244824652391,-9.71445146547012e-17,1.9968849985420918,0.443381475936668,3.4959915484334436,-0.0015318416014760854,0.08321952308694411,0.3534378903065629,2.5991730531862616,0.001659920343451735,0.05252121649841535
255.21938621972086,4.323256367282984,-4.163336342344337e-17,1.9969483993541592,0.4373169808296813,3.5266982893347025,-0.0010019819332906976,0.08265636005577023,0.34329679944956026,2.6102308078040393,0.0014562438209285281,0.0517676114924544
255.18502072131085,4.291312970221501,9.71445146547012e-17,1.9968139494631145,0.46400565088468404,3.5045129320896904,-0.0016838168934559757,0.08513079968931632,0.35097362780451774,2.6144720410480846,0.0016841339984232041,0.05233684323589024
255.51827232905762,4.953795761097948,2.7755575615628914e-17,1.9981173652069404,0.31561022366305236,3.4565100813532483,-1.7606448131389073e-05,0.07022399472223279,0.1661174472793621,2.9288682948403277,0.0006786739041387451,0.036018494674290004
255.49855281912738,4.943698424195951,-1.0408340855860843e-16,1.9980402618062694,0.33353095999178745,3.4219611209554093,-0.00025568557211362716,0.07218972139272939,0.1679162208808997,2.9342306878978937,0.0007492420658954222,0.03621165712803988
255.50363961028913,4.945717901735003,5.898059818321144e-17,1.9980601514746166,0.3280271184221427,3.4447048745973303,-0.00015853147071904442,0.07159188915735337,0.16833327128873998,2.9344925546506504,0.0006846543175813252,0.03625789473216417
255.5110827503206,4.9554597317032405,1.1796119636642288e-16,1.9980892542561155,0.3194212266924353,3.5225162202912816,6.678678678010384e-05,0.07064667158893201,0.169496022986978,2.9191361396848885,0.0005736649050959949,0.036384867571044234
255.49537125102842,4.944384438608035,-4.5102810375396984e-17,1.998027821577397,0.3346982025273231,3.4433745166880403,-0.00029904555462892694,0.07231576582077853,0.16993054644424105,2.9302800939661857,0.0007259096477312191,0.03642877227246293
255.44706542055644,4.8679931755296355,4.85722573273506e-17,1.997838931745048,0.3444958695187668,3.4848771846620723,-0.00033877428736390526,0.07336643096957185,0.20843870992486518,2.8203344690373076,0.000938230065256421,0.04034286982395599
255.43090360511297,4.8492860655008485,5.204170427930421e-17,1.9977757303636188,0.3557793604787546,3.4805209371892047,-0.0005803389931190407,0.0745567952244033,0.2133170344083259,2.812583530226775,0.0010190357808442828,0.04081054884943848
255.41313537734788,4.8554868898371115,6.245004513516506e-17,1.9977062447394665,0.3730742148559674,3.4526242454421485,-0.00045631952552550176,0.07634838819264697,0.21379040779622285,2.8300080026850516,0.0009378064890048402,0.04085777869509271
255.42624889804196,4.8719008842257985,9.71445146547012e-17,1.997757527587346,0.36181908834373067,3.5043944678410175,-0.00016941026696034363,0.07518905874881159,0.21193201361432398,2.822982906783383,0.0008157998223510441,0.04068234662616893
255.42706733244705,4.8480906492890075,4.85722573273506e-17,1.9977607281828034,0.35722611963197903,3.4883247065591205,-0.0006343802516209493,0.07470780200853205,0.21570654792102728,2.8094588207265856,0.0009959102631919058,0.041039195513322316
255.3232887892734,5.087232703815486,2.7755575615628914e-17,1.9973548476253278,0.45718338092439514,3.317996793919664,0.0003931167776790043,0.08451825711728077,0.21952782980225788,2.985563404519156,0.0008272745136283162,0.04140503335597306
255.24150601484052,5.000237181151366,-9.71445146547012e-17,1.9970349349678096,0.514231072705501,3.3242219088284735,1.8366935434154744e-05,0.0896373815641618,0.24426291245400017,2.966443436658819,0.0012241826321070723,0.04366698272642758
255.27479078590966,5.065246011312389,1.457167719820518e-16,1.997165142403061,0.49511388470062334,3.267572684906892,-0.00026625029166112667,0.0879550087216722,0.2300953293897825,2.9598554955734313,0.0010573919190664278,0.042385158760905546
255.29500720458293,5.050885704306834,5.551115123125783e-17,1.9972442233166199,0.4808632930895024,3.351103170492382,7.039689539476389e-05,0.08668035532230237,0.22412950232759038,2.956548683149068,0.0009133867320321693,0.04183512234489159
255.27975629158394,5.036363521972271,-1.3877787807814457e-17,1.9971845663473367,0.48902707971857406,3.338843927043715,-0.0005493249705880799,0.08741136289224306,0.23121662869747842,2.9580126336431882,0.0011259857573805428,0.042486610452861805
255.18524443516256,4.64614413385286,-4.163336342344337e-17,1.9968148247394937,0.4899472838318739,3.4672316394483156,-0.0013684282475531374,0.08748459129472075,0.32480828100565684,2.684762225726918,0.0016770451073168597,0.05034632275613303
255.1492176287974,4.603422209662355,8.326672684688674e-17,1.996673865569928,0.5122683677219,3.4921527618425556,-0.0011508745135622323,0.08945875437042884,0.3385140034807742,2.687313430129529,0.00180664752735453,0.05139432533758422
255.17116914636293,4.624658069712368,0.0,1.9967597546805476,0.5000734794798181,3.463329507314875,-0.0015391374117743597,0.08838144133753327,0.3287573741572616,2.68294146734637,0.00169371058698479,0.0506512421372975
255.17674712154422,4.656130302576922,8.326672684688674e-17,1.9967815788849137,0.5014395817058034,3.418408066823421,-0.0010363168211128563,0.08850943176633469,0.32181329674995335,2.6887900838575858,0.0015207906686684654,0.05011839559085168
255.1685808828634,4.632806040443195,-2.7755575615628914e-17,1.996749627843897,0.5060404552572417,3.4801665556675223,-0.0016010576138919042,0.0889062355963371,0.3253786618793973,2.693722300190439,0.0016976316521384585,0.05038986845295836
255.20590861994722,4.936948842785768,1.8041124150158794e-16,1.9968956713325499,0.533770240066332,3.3465012524346287,-0.00040428079720915104,0.09132358160997327,0.26032113998652145,2.928632257782593,0.0012172727191023312,0.04508078474552132
255.17942140555652,4.894400251106459,6.938893903907228e-18,1.9967920421170104,0.5459054304115982,3.450805079854163,-0.0004373088655469136,0.09235573133886893,0.2746731640318887,2.9100091591261577,0.0014253543186883485,0.04630175438431385
255.22474615713435,4.953671450048404,4.85722573273506e-17,1.9969693684944754,0.5175222329913262,3.4199928046757733,-0.0004881630582817872,0.0899224476274862,0.2577316098743262,2.9256565663924534,0.001131703601242981,0.04485808120174231
255.44331220211546,4.975083424412382,-1.214306433183765e-16,1.9978242548227443,0.3677102020693294,3.415014652433941,-0.0003136756126966714,0.07579824216262057,0.18897759581526738,2.9300563325839084,0.0008861769502064856,0.03841356736518621
255.40168701102442,4.923998107799374,2.5326962749261384e-16,1.9976614727093418,0.39717631880934673,3.481199651792557,-0.00031191591669895444,0.07877679029928138,0.20113667016627473,2.937803753243452,0.001072060948569174,0.03962613936527976
255.43496748443107,4.961416683694884,-1.0061396160665481e-16,1.9977916225032668,0.37370201780784673,3.4156566636571326,-0.0005469102636718954,0.07641200767818561,0.19133049776110694,2.9261690959743047,0.0009417622402168107,0.03865077745196789
255.44289539675327,4.984723937214499,7.632783294297951e-17,1.9978226249029891,0.3704422153900595,3.4544684021240153,-0.00017518378703856126,0.07607975372009584,0.1866623878566761,2.9332167915876157,0.0007426872818375866,0.038180470410036575
255.40310302679026,4.960866899615581,-5.551115123125783e-17,1.9976670104883842,0.40423935232754565,3.444762666021523,-0.0011435534308699754,0.07946654746287048,0.19265762088227775,2.9259444843184905,0.001099072047227236,0.038780532536026355
255.3910955038751,4.941042576894652,-5.551115123125783e-17,1.9976200507724307,0.4090503313466253,3.424435556780879,-0.0010005449915209967,0.07994004213791085,0.19985416477832624,2.924080921880279,0.0011378134184601733,0.03949767136117578
255.43190358628837,4.971378757908564,-9.71445146547012e-17,1.9977796408852895,0.3793969020471643,3.378770144556615,-0.00028685448076782574,0.07699346926196927,0.18869951166446447,2.9281867189656214,0.000916826747446984,0.038384558921443844
255.39442217629346,4.928438712998118,7.28583859910259e-17,1.9976330610261197,0.40364359685199047,3.4513991142291176,-0.00046832238522404946,0.07941480891468448,0.20193422685459322,2.931171115588393,0.0011476134357590987,0.03970257083242312
255.41737340052356,4.9495109834594,-3.469446951953614e-18,1.99772281845685,0.3855034771165724,3.4194313955479956,-0.0007897899283142397,0.07760713924514663,0.1971231223598861,2.91283457810798,0.0010406165138479812,0.03922934502012132
255.42998766730096,4.969449813484119,-1.249000902703301e-16,1.997772148494812,0.3791494861095718,3.436232622904161,-0.00038611093633676144,0.07696792603940228,0.19086284658947064,2.928442982210772,0.0008558786409156991,0.03860548485296181
255.39221590366574,4.942414728289892,1.5959455978986625e-16,1.9976244325435093,0.4070985983449477,3.494681982896229,-0.0010048180019432843,0.07974901842607707,0.20068549798929547,2.9316649153090824,0.0010460539111170624,0.03958233474994126
255.19399867605333,4.41556822069685,6.245004513516506e-17,1.996849075246633,0.4551185517152391,3.4381333521150577,-0.0017898966048992709,0.08430909583606257,0.3508827722315221,2.555353193229274,0.0020206580752393437,0.05231814789345793
255.2054718597447,4.422263922259654,2.7755575615628914e-17,1.996893962585022,0.4444653613637966,3.4332455433961675,-0.001627950982553284,0.08331939178191189,0.3500627788915164,2.55436759313567,0.0019284642640540932,0.05226037203916786
255.24582062971524,4.492211741543554,4.163336342344337e-17,1.9970518138844822,0.4241586552365759,3.4143106052588625,-0.0016145232686036837,0.08139331853835814,0.33002071504821284,2.5722588017806136,0.0016920649800810596,0.05074863301033188
255.27046790855792,4.532917870689942,-1.3877787807814457e-17,1.997148232122798,0.40766631562780953,3.390287831560847,-0.0010719797367107994,0.07980374077152402,0.321865775814341,2.567101629614129,0.001484220504099,0.05012358190557365
255.20118333363155,4.466631982919358,1.3877787807814457e-17,1.9968771844026845,0.45561855163142123,3.4741982797814472,-0.00223234541113448,0.0843448664899432,0.3431981147370456,2.549452298356692,0.0019094437983091198,0.05174542777641584
255.35224550074415,4.431802122951272,1.1102230246251565e-16,1.9974681063659383,0.3438761496436663,3.44841038116258,-0.0015418254065449981,0.07328497535373822,0.3038783496121775,2.5427514291332987,0.0015719477827941667,0.04869885611093247
255.35164217426038,4.44187760931766,-2.7755575615628914e-17,1.9974657466331727,0.35074564267451563,3.4635870593499005,-0.0015531369102074243,0.07401343413548285,0.2976121830651399,2.5689177554189033,0.0015430635797188566,0.048194544660006396
255.36916859476963,4.4653837155446485,1.8735013540549517e-16,1.9975342948979065,0.33720889786227526,3.5210524482638155,-0.0013573430317822914,0.07257442145130834,0.29362250736815654,2.564160069046677,0.0014492523828943753,0.047873014385396685
255.3570137236266,4.466401897065509,2.7755575615628914e-17,1.9974867557587623,0.3506463207278787,3.466100308376356,-0.0014458880726301174,0.07400512258657863,0.2923399556455035,2.5873897012869884,0.001498886893227054,0.04776671688070898
255.19854092782515,4.751601581439333,0.0,1.996866846336347,0.5052552864644322,3.4364346437750846,-0.0006969609576499311,0.08884890599456058,0.2962037857103894,2.7917242056851093,0.0013159767753217083,0.04808700740313574
255.19529157570125,4.743639532500301,-1.5265566588595902e-16,1.9968541335987293,0.5074338853990237,3.449528465575854,-0.0007326722827173736,0.08903997782280657,0.2972745388998073,2.7998978015739464,0.0012929091987142018,0.04817453394645998
255.2219093741612,4.7621639835638385,1.3877787807814457e-17,1.9969582704631734,0.48649208354032025,3.4557747594417414,-0.0004151326364870496,0.08718524227305689,0.2915985422984997,2.791006938621718,0.00116376293801902,0.047715398641645264
255.193503640839,4.746969909486648,-5.551115123125783e-17,1.9968471384630595,0.5090032482754413,3.4438998575831916,-0.0006683199208386823,0.08917807523594116,0.29749311088567026,2.802618738438036,0.0012811144607080482,0.048192568665022036
255.09881006424672,5.148298162193591,1.249000902703301e-16,1.9964766232675641,0.666216612604789,3.286433649772659,0.0007931401574836254,0.10202453381731483,0.2349733231486194,3.128604847246364,0.0006275071867635884,0.04284081373911039
255.0831281607046,5.135533127345006,-9.020562075079397e-17,1.9964152567817672,0.6770554523267774,3.294380654817223,0.0007799610714343767,0.10285126690193439,0.2398163869686332,3.1333050984579094,0.0006074412800199266,0.04328044059715398
255.12295336286198,5.1585336650343265,6.938893903907228e-17,1.9965710972301283,0.6456486427764827,3.317936752496911,0.0011738821257458228,0.10043347073629087,0.23139799436154979,3.121571397434667,0.0004445016184618411,0.042515870557484674
255.08902598479455,5.140774539412453,2.0816681711721685e-17,1.9964383363911882,0.6710928058696537,3.3110340105047507,0.000784146072043356,0.10239731542697315,0.23988120933583418,3.132350387173025,0.0006042925493377745,0.04328633477728299
255.43183886534985,5.044690541568445,-4.5102810375396984e-17,1.997779387788124,0.40248087453269865,3.373180240046319,8.095464583488367e-05,0.07930168416193148,0.16568026011749382,3.081914206926706,0.0006201555603216894,0.03597210640550429
255.41593275614892,5.040548653020846,6.938893903907228e-18,1.9977171845170745,0.41877475985662116,3.3702815626301508,6.003439452022122e-05,0.08089098848840444,0.16529248399445653,3.1028518425937235,0.0006052475272259474,0.03593022692159734
255.41303694682358,5.04619628758606,8.326672684688674e-17,1.9977058598037196,0.42223476469474785,3.3803604666818083,0.00022255067891153828,0.08122418771247115,0.16472828848169205,3.1038301167173232,0.0005025673404909756,0.035870422074900245
255.42044866892547,5.04021205163501,2.7755575615628914e-17,1.997734844881062,0.4117094445674109,3.3733953700822457,0.00011019133989870807,0.08020566020696049,0.16784188650715381,3.086572008832735,0.0005971468921610274,0.03620646563704226
255.5484083569067,5.014966851738492,-1.249000902703301e-16,1.9982351915069125,0.3085299275579605,3.3429889213563495,-0.00017698353430084263,0.0694316123600894,0.14306171553535152,3.0158583184208574,0.0005953843512917456,0.03342626467456647
255.5289703169234,5.0086504221014785,2.185751579730777e-16,1.9981591931580247,0.3261405951380893,3.3502319955009363,-0.00022389089787211306,0.07138554946134754,0.1448890879385608,3.0289034623720834,0.0006002361668741486,0.03363905046317423
255.54570419060755,5.0141452371518795,3.8163916471489756e-17,1.9982246190001371,0.3087087994682567,3.4167619747239297,-6.518515746385548e-05,0.06945193116527977,0.14558700992422108,3.004151730980915,0.000513170657687654,0.03372143488805103
255.54030176864563,5.010083442744469,-1.700029006457271e-16,1.99820349692795,0.31551115940652064,3.365215272547257,-0.00016555996406995973,0.07021277985968924,0.1441870719478351,3.0243500727239843,0.0005770006723564831,0.03355783917084891
255.4302830762978,4.9577649514547275,4.5102810375396984e-17,1.9977733037227106,0.38095999123190477,3.319169384352029,-0.00033930378697074074,0.07715169950129848,0.18875693247032346,2.9309371167389053,0.0008417665294961689,0.03839212111923776
255.4149827850839,4.949098452261045,-1.734723475976807e-17,1.9977134694487435,0.3932121734416638,3.310866496118437,-0.00044031277736177087,0.07838205365186655,0.19180504147448924,2.9314585312620176,0.0008582973667830257,0.038700648730345864
255.4570753179869,4.9607740381493155,-1.734723475976807e-17,1.9978780748192682,0.3560005649954719,3.3031190799957852,-0.00018569713208763236,0.07458199745668778,0.1869241170176083,2.910070267914303,0.0007450631236813751,0.03820719232215048
255.4374127682528,4.957048781816219,-2.0816681711721685e-17,1.9978011849290584,0.37361752174052404,3.3475197325859645,-0.0003033461496164988,0.07640472340313262,0.1889697100066923,2.9366549585298563,0.0008089055872079682,0.03841447033577669
255.23527287062504,4.301547705827453,5.551115123125783e-17,1.997010550448724,0.40712748144679056,3.711335485290855,-0.002435760469030888,0.07972097571244101,0.3575996479282233,2.649951802847518,0.0015694270588826676,0.0528326049721769
255.24652815219545,4.30996542486345,4.163336342344337e-17,1.9970545817223058,0.3961343905838044,3.7184354497173464,-0.002018383658702156,0.07864811491878382,0.3573374572207967,2.6484231976540578,0.0013890865783385818,0.05281826694445165
255.2497995513852,4.324711158287627,1.3877787807814457e-16,1.9970673794317493,0.39101079588009047,3.710869872451161,-0.0018923206966319109,0.07814066040165973,0.3591896527346734,2.652956997434675,0.0013265877771723718,0.05295667405397635
255.2616886308221,4.346994343463183,1.3877787807814457e-17,1.9971138888046909,0.3854336329751389,3.7245429102752308,-0.0016308051542722694,0.07758698982294225,0.35287773620275176,2.6576864369663427,0.0011720249856954908,0.052492701126127084
255.24573230330276,4.3422406398031965,8.326672684688674e-17,1.9970514683500538,0.3998983714177637,3.7173452376765743,-0.0020480157915898187,0.07902036246892288,0.35436932527954546,2.664454772606743,0.0013646094929855705,0.05259893720103194
255.20019869974183,4.968270882964326,1.0408340855860843e-16,1.996873332157918,0.537737639081994,3.645941820030412,0.00018700161407723308,0.09166305494064929,0.2620636611762347,3.16093764410918,0.0003432282207155819,0.045246597080088116
255.14016657088484,4.962546346135273,6.938893903907228e-17,1.9966384506640344,0.594943723961713,3.6646727337721763,-0.0007763071854118113,0.09641261864536015,0.26488970515349053,3.1575472391186383,0.000522816702898423,0.04548821258531505
255.1895525675609,4.974136429524275,-1.8735013540549517e-16,1.9968316801543735,0.546393664461284,3.6588401450566232,0.00027214363416422577,0.0923976565993421,0.26405376797788427,3.1688120022527286,0.00014154246557798625,0.045419159261898046
255.21811545839512,4.979971980257414,6.938893903907228e-18,1.9969434278510305,0.5251950721489651,3.69190189906728,0.0005941230682011155,0.09058598136636492,0.25668946945590765,3.1683300492936035,-5.367430106380895e-05,0.04478150956805368
255.17494874373224,4.974882020961348,-1.1102230246251565e-16,1.996774542636403,0.5600982719695691,3.6580294712548818,2.1351873600764827e-05,0.09354963946281146,0.2649529842981621,3.1699048395260974,0.00022346508326407505,0.04549610151634921
255.24343681619055,4.651909602287434,-1.7694179454963432e-16,1.997042488344446,0.4562398482222194,3.798476940223484,-0.0007207243452903539,0.08442883503217538,0.30032333558736635,2.9679091188771944,0.0007814211717497206,0.048432070369009005
255.23213747149507,4.653694965019341,-1.734723475976807e-17,1.9969982844239278,0.46777171839927123,3.7915371991558473,-0.0008914744119094724,0.08548765041432314,0.30009081010566263,2.96987558082915,0.0007855624697281208,0.04841324555900631
255.22805558559202,4.657262309530006,9.020562075079397e-17,1.996982315526323,0.47332266752273,3.7862108367569443,-0.0009450153856984337,0.08599286962279751,0.2986217468851875,2.9765190103086283,0.0007751944240775705,0.04829473543923194
255.22895317063856,4.655991913872772,-8.326672684688674e-17,1.9969858270131082,0.47039258623176106,3.787572651322777,-0.0008430339435766343,0.08572732034562403,0.30065424312972117,2.9774070825156036,0.0007219158245720886,0.04845967511233623
255.17738653653376,4.631705320362778,-4.163336342344337e-17,1.9967840806239767,0.510784974252712,3.763554858259212,-0.0016395242076784897,0.08932148220372892,0.3118284892135938,2.9533714145562255,0.0010815808337474892,0.049345620422498196
255.42945567156607,4.893724840118217,2.7755575615628914e-17,1.9977700680679495,0.35214837033953805,3.7576725353115688,-0.0007779408135596953,0.07417353365349315,0.21839595809445242,3.001174045321103,0.0007032838593075476,0.041300409373590315
255.4387638411886,4.897113689516415,6.938893903907228e-17,1.9978064683593784,0.3476556864588912,3.8195226743493973,-0.000426539914097703,0.07370168359421553,0.21358047235246494,3.046865414264273,0.00044281899184044115,0.040846068985816705
255.4397363387281,4.903876356153242,2.0816681711721685e-17,1.9978102713452612,0.3511265853587551,3.791320899935856,-0.0008121290912166909,0.07406546659928463,0.20913707591322453,3.0314790199845474,0.0005590111526164713,0.04041745801140044
255.41862695850403,4.899040104242603,4.5102810375396984e-17,1.9977277207434014,0.367119208490589,3.793966906782985,-0.0010543968590101364,0.07573061388850061,0.21425383300533318,3.023869818939026,0.0006558778204279046,0.04090755302678022
255.48745030791434,4.910293300913139,-1.734723475976807e-17,1.9979968496124216,0.30637878740786373,3.807366462139871,0.00013502520866660135,0.06918923558936677,0.20617090467784896,2.991466850731423,0.00028301848979171804,0.04013265619579809
255.4399163151346,4.904438376641275,6.938893903907228e-17,1.9978109751485444,0.3500006370723002,3.7995300811212354,-0.0006687310881142779,0.07394804090025969,0.21008304779307677,3.04067171576752,0.00047885340075595805,0.040509807581670845
255.16033578252961,4.6503003253850554,4.163336342344337e-17,1.9967173677318544,0.4933157118166999,3.477684257988723,-0.0002631784708609329,0.0877951521111981,0.3463485056537566,2.702973834494194,0.0013663329822887244,0.05199981571699542
255.15025622849413,4.64495920683461,-5.551115123125783e-17,1.9966779293542112,0.5025161306451438,3.450044122012568,-0.0005116529928854492,0.08860898798962351,0.34722764086071206,2.702576698980657,0.0014110637646104038,0.05206462180095536
255.14508722159326,4.642379501966842,-6.938893903907228e-17,1.9966577042240852,0.510882519851533,3.45257343803541,-0.0006824211817627142,0.08934245169017292,0.34403025855522207,2.7195010576709713,0.001420151237982825,0.05182392850241989
255.10970070247942,4.604489271994929,4.163336342344337e-17,1.9965192394455509,0.5355130109999434,3.496074223319135,-0.0010143266995091636,0.09146781913996188,0.3547862865206134,2.6934478948853964,0.0016595047401191392,0.05262142061423099
255.07527004873293,4.561923584223593,-2.7755575615628914e-17,1.9963845056780651,0.5558581633420985,3.509132406724911,-0.0011323076440089854,0.0931879910805014,0.3688717879250212,2.7038837258660244,0.001823016946423756,0.05365153727878894
255.24573747844303,4.454998879007677,-4.163336342344337e-17,1.9970514885952921,0.4371533807453528,3.5760182645382033,-0.0015728687481220303,0.08263200141620267,0.31710914081159336,2.660242823278235,0.001783107534159806,0.04974168965879824
255.27178664881018,4.508133882563154,-2.7755575615628914e-17,1.9971533908009318,0.41965317241877587,3.5820386010375977,-0.0007957501709408153,0.08097189389355308,0.3085601787711324,2.6684084824150753,0.0014693427324096097,0.04907613909614516
255.27000826297962,4.527703938791369,-9.71445146547012e-17,1.9971464340676315,0.42759856019434,3.5400138923150184,-0.001630740786134532,0.08172250722735445,0.30239317682604727,2.6666485498529737,0.0015563927211132143,0.048580081676044565
255.26108813535123,4.534492873684382,4.163336342344337e-17,1.9971115397280301,0.43566496782679154,3.5374091832873,-0.0016727620810769468,0.08248919316682476,0.3032468968219511,2.675236024605184,0.0015375678545574336,0.04864927817053532
255.27302883184328,4.532267035636234,0.0,1.997158249988606,0.4215375086234923,3.5262311737182754,-0.0013067230005987364,0.08114687946706128,0.3054336595333009,2.6599754600542322,0.0014915204147957007,0.048825974971895454
255.2651428349727,4.540931805606652,-5.551115123125783e-17,1.9971274012432076,0.4355957050553107,3.5744754134447625,-0.00182209323019743,0.08247946937116958,0.2992614599721438,2.684063900524622,0.001564583032977501,0.048327344598739254
255.20043370582243,5.0259211628675855,-2.7755575615628914e-17,1.9968742515875844,0.5686853951675783,3.375202286564109,0.00024733916682434043,0.09426371583398337,0.23088089901007552,3.0679819372518415,0.0009838036995094934,0.04245926464032374
255.12769640570053,4.986913725505154,1.457167719820518e-16,1.9965896564740264,0.6278836567774094,3.4379616096503343,-0.00029811340480219656,0.09904843898590679,0.24441993752214025,3.071675463196276,0.0011853359650034507,0.043682098627948154
255.13115904740215,4.982656522062369,6.938893903907228e-18,1.9966032054756544,0.6194340583354032,3.4289768793467186,-0.0004090973850196648,0.09837931591965988,0.24940689426249552,3.05309697415123,0.0011858683114045546,0.04412578699325093
255.17392502575458,4.99646675756925,2.1510571102112408e-16,1.99677053727448,0.5853334404774044,3.479842856123715,0.00021585824864240634,0.09563361549515911,0.24074153376801294,3.0707133379518248,0.0009714664230945998,0.04335723106416507
255.13644732899866,4.983777042295567,1.5959455978986625e-16,1.9966238978624902,0.6163225066582712,3.458705193471258,-0.0004500334108069491,0.09813173103774663,0.24723016434316242,3.0594796637221666,0.0011925387326535677,0.04393248809596467
255.12469040138265,5.091525198173368,4.163336342344337e-17,1.9965778941783374,0.6408475888317418,3.434068591692432,0.0007572619476074161,0.1000633305953718,0.2344620097855652,3.1613483015414054,0.0009100464412457228,0.04278909051293921
255.18867345797815,5.126730483469022,-1.1796119636642288e-16,1.9968282406809326,0.592976733473376,3.413737412689251,0.0009404182301386999,0.09625163413716113,0.21834980854849612,3.1543790991110967,0.0007686848244831705,0.04129487865251253
255.1142670516681,5.085795577252659,-6.938893903907228e-17,1.9965371077649205,0.652136687625869,3.4329345635950386,0.0003402909449573828,0.10094315205216738,0.23359626070602463,3.150501499969133,0.0009850491082395276,0.042708318452266116
255.09197294414253,5.081340364363095,-1.457167719820518e-16,1.9964498684545593,0.6716752430254771,3.4277858238822922,0.00024924931276218204,0.10244444126966169,0.23635181283203338,3.1548547548646195,0.000971102694324771,0.04295992897232648
255.10976002186936,5.084149820061473,-6.245004513516506e-17,1.996519471565882,0.6573268347829034,3.473167557418028,0.0005057962068050429,0.10134335678119236,0.23291314334776994,3.166071306662454,0.0008265909658156745,0.0426491580195868
255.11114434182704,5.082166615302171,-1.3877787807814457e-17,1.996524888485252,0.6546738634622791,3.4467890117996975,0.00020565010057215123,0.10113968966055929,0.2341817947107481,3.151028619901397,0.0009878920241251773,0.04276177429113985
255.26165945288795,5.169851026579972,-1.249000902703301e-16,1.9971137746636705,0.552879638475181,3.383762605884571,0.0007114222652947291,0.09294212300961897,0.185460908636843,3.207317770463024,0.000719896864843295,0.03805778628913307
255.30586669969014,5.204534535174528,-8.326672684688674e-17,1.9972867012982034,0.5212458681934767,3.3411205338574597,0.0004174199396320094,0.09024573370036432,0.17288743211642532,3.201567325515537,0.0005028680867278633,0.036748199780355546
255.2680576510836,5.199148656577252,6.938893903907228e-17,1.9971388035883189,0.5568831385364967,3.3269688519303147,0.0003113688861710027,0.0932802341820039,0.17505921037997937,3.218990683380384,0.0005017162506110093,0.036978349907715764
255.27945033851165,5.197235843214028,1.3877787807814457e-17,1.9971833695330143,0.5453308332612883,3.332263361878188,0.0005483235487967453,0.092306519872615,0.1752188282271262,3.2032144082606044,0.00044955003391689615,0.03699587815272708
255.2789394007981,5.1990911864935825,1.1102230246251565e-16,1.99718137086682,0.5462717274478964,3.369160065515634,0.00016417902677762306,0.09238760082727848,0.1747888717540495,3.2151669008472394,0.0005515814110453916,0.03694907060435351
255.2724524474082,5.117938906858567,2.7755575615628914e-17,1.9971559952819793,0.5017202753405995,3.313897158037456,0.0006143630998785691,0.08853813788519824,0.2258272772511627,3.0329871205390715,0.0007714713608894915,0.041996195487972905
255.25841884623117,5.107038802281295,-1.1102230246251565e-16,1.9971010977094679,0.5119078814701222,3.2910067201521174,0.0005226099655245078,0.08943314557139648,0.22967327229873613,3.025951783919326,0.000788748306512625,0.04235209930974909
255.2321125396579,5.108874002651996,9.71445146547012e-17,1.9969981868875482,0.5395849666285915,3.255060959103255,0.0004749873205321196,0.09181933070229316,0.22830249371348715,3.040694457562579,0.0007966953716382762,0.042225330177766855
255.24115658357664,5.098055718528514,5.551115123125783e-17,1.9970335679748563,0.527749024843069,3.29187270704624,0.0003672582559761982,0.09080717832058416,0.23109439158031547,3.0355113466602157,0.0007742475418221843,0.042483237576309986
255.26097983742238,5.117140946747745,-4.85722573273506e-17,1.9971111160773516,0.5142025078624053,3.3602430301742388,0.0007764133013511186,0.08963153110226094,0.224817654715245,3.0285181693376773,0.0006310339498695934,0.04190453106308391
255.2532579974951,5.107553001611526,1.3877787807814457e-16,1.9970809087793266,0.5171570215340273,3.309957714617686,0.0003232938299950021,0.08989145644925699,0.2295849809709543,3.03523859895701,0.0007910943162601343,0.04234391141142209
255.159923676967,4.980831864138513,1.1102230246251565e-16,1.9967157552973356,0.5761774417437828,3.388624065327509,-0.00013735765382707002,0.09488284175825228,0.2638988812892447,2.9881312254624444,0.0010766890948645915,0.045393289709661104
255.1371928967239,4.970248856744602,2.5673907444456745e-16,1.9966268151588344,0.5983898182834897,3.3868324102646366,-0.00015766248014202752,0.09669444685824455,0.2644172849926753,3.000681402160007,0.0010437812958964446,0.04543864610231706
255.1438211649786,4.962738098175695,2.7755575615628914e-17,1.996652750405736,0.5900449676152453,3.4107213783484918,-0.00028079804323197363,0.09601757011842742,0.2661338674061966,2.9864821112372324,0.0010930995743110735,0.045584821733023716
255.115853504151,4.957833835012535,7.632783294297951e-17,1.9965433155838015,0.6162357928252387,3.407675999025737,-0.0003335356529160093,0.09812529244217613,0.26791070302384173,3.00443527536154,0.0010731034302195316,0.04573730224228157
255.15654919433348,4.974277514997695,1.1796119636642288e-16,1.9967025519995363,0.5804151450232568,3.3844464958286116,8.170751892834158e-05,0.09523119218443996,0.26303566064321615,2.9838293496566237,0.0009190695301002078,0.04532241619743996
255.12116609462709,4.959204506913351,2.2898349882893854e-16,1.9965641037113104,0.6090235745669293,3.3879470269766268,-0.00024995400604910884,0.09754963288297466,0.2698103308060362,2.998791159539379,0.0010379196790036302,0.04590006462045664
255.15309068812837,5.001198477242982,-1.457167719820518e-16,1.9966890198531182,0.5985198152968961,3.332675235204598,2.9742800626658423e-05,0.0967050734417787,0.248389496574638,3.0355573068650243,0.0009665712541445906,0.04404098865829446
255.17652519614688,4.981343865784795,-5.551115123125783e-17,1.9967807105913746,0.5714867969551619,3.3687076301828274,-0.00010379985602129932,0.09449587519047747,0.25198800689798395,3.015826443670879,0.0009853978971376541,0.04435859888313444
255.1869533249197,4.9866059823651145,2.0816681711721685e-17,1.996821510726953,0.5636676956095251,3.3724346406912953,2.7477132148036147e-06,0.0938472574791022,0.24937897947081838,3.01795644605728,0.0009457926827748603,0.04412911457662592
254.9528436578771,4.589275422063673,-5.551115123125783e-17,1.9959053540071308,0.6017031783273457,3.421211768792214,-0.0013930074583547915,0.0969519040121737,0.4454531637955518,2.574642140361334,0.0018367668336116104,0.05896379507589121
255.19755853405533,5.002563066500686,1.8041124150158794e-16,1.9968630028358516,0.558015414457328,3.3919567857011836,0.0003638345898488238,0.09337482784609019,0.24442605148742513,3.0223217597246603,0.0007721048228965372,0.04369190292706382
255.15121530351394,4.979456851124892,1.5265566588595902e-16,1.9966816819707156,0.5948689399550974,3.3920007405561066,-0.000308745786091203,0.09640918972192417,0.25391575653097015,3.0313518847500482,0.0010072339193093465,0.044527545718689644
255.34086312358707,5.160154684400533,1.3877787807814457e-16,1.9974235871006552,0.4831245576153114,3.2969229200638206,0.0004391214201902253,0.08688284286968039,0.17601231879768342,3.14634079638949,0.000612574254190813,0.03707723012025041
255.3540728504056,5.149249243698431,-6.938893903907228e-18,1.9974752534856564,0.46857927139053684,3.3608495583343565,0.00040826398278016136,0.08556508888558174,0.17734787820394787,3.1381320336318166,0.0005853209776905702,0.03721810980989521
255.33310924255701,5.15047618331536,-1.0061396160665481e-16,1.9973932592043444,0.4899621790267654,3.316963349333066,0.00034130469130739345,0.08749595738318944,0.17692857841623622,3.146795780905527,0.0006007163955285335,0.03717383029348722
255.34295011979378,5.14235570786483,5.551115123125783e-17,1.9974317499283367,0.47944778070353383,3.3621674038621086,0.00024118221026333273,0.08655237376660543,0.1776020995026798,3.14678848604768,0.0005943943317734316,0.03724463851003311
255.34327111099202,5.152322001968566,8.326672684688674e-17,1.9974330054120089,0.4807935269132995,3.3672361250072353,0.0005754789795090441,0.08667218516897131,0.1759353620946314,3.1494118087927436,0.00044436355169344833,0.037071519491359325
255.31930143172573,5.141485617932949,2.7755575615628914e-17,1.9973392513217965,0.5010439098172355,3.33443802518316,0.00018552546571952867,0.08848037449737582,0.17965465845706674,3.150774054603077,0.0006261951647592734,0.03745877599190163
255.49418572749505,5.126013465826495,-1.0408340855860843e-17,1.998023186049679,0.3672529048036137,3.289976712056257,0.00031004595160625224,0.07575110896260435,0.13856136770137395,3.142869874884033,0.00048369571545554336,0.032897974460775456
255.48218654893935,5.11731602402892,-4.163336342344337e-17,1.997976267333318,0.3768306107790404,3.3042333242606774,0.00018915269912257423,0.07673292979340045,0.1409828402816489,3.1386950559029216,0.0005057119025086952,0.033183922239121214
255.48658473259613,5.124098300562586,6.245004513516506e-17,1.9979934650660933,0.3749546041083516,3.2759006763919922,0.000175730072425463,0.07654171939625239,0.13846066329556367,3.144644969670533,0.0004899741450774117,0.032885921871429226
255.4668121165172,5.1168541231030416,-7.28583859910259e-17,1.9979161492216286,0.39146186103710867,3.2844436964089914,0.00011061402288146472,0.07820856310687957,0.14172602244572524,3.1504432073868998,0.0004955290084253719,0.033271444233141385
255.48195229983276,5.1290985911327045,1.1449174941446927e-16,1.9979753513707037,0.3801165237794205,3.3005300106839104,0.0003727924191782514,0.07706608663910247,0.13793117638788593,3.1507573608906623,0.00037029405109004047,0.03282453652142077
255.47662582181079,5.118750039506544,1.4224732503009818e-16,1.9979545236230463,0.38240764242218545,3.30572299281046,3.790869864180339e-05,0.07729888728679872,0.14096653576710289,3.1474313758324253,0.000516264199453594,0.033181840394361097
255.384671685043,4.901357097596556,5.898059818321144e-17,1.9975949276764788,0.39539212417854064,3.3559912117366553,-0.0006361982421169698,0.0785976920277334,0.21993619077847704,2.845848785669522,0.0010784706888702087,0.04143776528035868
255.3918690483992,4.896248194971018,9.020562075079397e-17,1.9976230760284177,0.3896144193088872,3.3749730107164213,-0.0006881498900436953,0.07802084177596519,0.21851653229195508,2.8469494147017746,0.0010772323337622835,0.0413037526022757
255.3937412954126,4.900492584507644,-2.7755575615628914e-17,1.9976303981820116,0.3898565578937709,3.374695877538866,-0.0007289003501773487,0.07804471424362884,0.2164021466935992,2.8498296607219347,0.0010839969219778322,0.04110312301658946
255.3869324395458,4.892119036013583,1.457167719820518e-16,1.997603769361658,0.39273585369807446,3.3816054852544353,-0.0008019724988193437,0.0783316957185503,0.22033170675614355,2.8461456570291093,0.0010724844052605624,0.041475188200089524
255.4121951352509,4.906850740360056,9.71445146547012e-17,1.9977025676982787,0.37287430864113247,3.3284908658542265,-0.00047096711808498025,0.07632784067751018,0.21493055610801381,2.8353214539629428,0.0009534960318032921,0.04096627655659217
255.39174096570352,4.892910731945204,6.245004513516506e-17,1.9976225751100025,0.3891835922910939,3.4063140108241283,-0.0008506524673368814,0.07797608620550378,0.21907544200545098,2.849859209437124,0.0010849122487309572,0.041356376244542255
255.36617687061624,4.669829880576558,8.326672684688674e-17,1.997522594015742,0.38116155929147866,3.4670781738599743,-0.000860218720309057,0.07716805937486432,0.25266157009235457,2.7802812551291027,0.0012599160591629781,0.044410934778164525
255.36143127077554,4.662600057713201,6.938893903907228e-17,1.9975040334391987,0.38071590136861566,3.471075020037791,-0.0008543625221852816,0.0771229928333004,0.2578528278558425,2.7656949491016345,0.0012437973698426973,0.04486566823002352
255.35746284394736,4.664820163291536,-3.469446951953614e-17,1.9974885123416048,0.3839082108889915,3.4581360765431306,-0.0009137350721124828,0.07744501845411675,0.25862894516370905,2.765699666563261,0.0012625037989079145,0.04493266871942084
255.36262755843222,4.674775503771177,0.0,1.9975087122714894,0.38246307994467876,3.4609894144185165,-0.0009235096973902171,0.07729898287800709,0.2549093616231549,2.7759188635822363,0.0012139888654909402,0.044609479023133204
255.32217606741546,4.6044820380392935,6.938893903907228e-17,1.9973504952945456,0.4061942052216519,3.5674895904514665,-0.0009082187882333459,0.07966153146419551,0.2716297273628862,2.7665933404556755,0.0014056177962534274,0.046044885531765674
255.35268796603623,4.677832800200735,4.163336342344337e-17,1.9974698369360464,0.38943635429411805,3.451429678589432,-0.0008717951994513169,0.07800117312563835,0.2578756796696335,2.7722617188994834,0.0011968271695769485,0.044868935268681985
255.1720884267508,4.8752831883500924,-2.3592239273284576e-16,1.996763351443526,0.5484981384468725,3.421435972130631,-0.00016734442088945246,0.0925756739596163,0.2794134348023634,2.933859706356463,0.0011393971965852363,0.04670780698579069
255.14813589366054,4.867124405340704,7.632783294297951e-17,1.9966696329985203,0.5668012191417762,3.3916168477225055,-0.00013748885665690325,0.0941076518987938,0.2850628871977038,2.931591145583571,0.0011147500733655886,0.04717850292777413
255.17104749773375,4.863852167702072,-1.1102230246251565e-16,1.996759278719418,0.5486969963930743,3.451513960761938,-0.0002505215538548336,0.09259226645672326,0.2802555058732362,2.9334505862611477,0.001121805649036911,0.04677860292612902
255.14202368409627,4.868742931233125,1.8041124150158794e-16,1.9966457172127468,0.5730462014576941,3.4218735517255765,-0.00024267612267677091,0.094624457758425,0.2849301144460627,2.9373843685754455,0.0011000879448479022,0.047167852671321224
255.10343799297658,4.809066781577149,-1.1796119636642288e-16,1.996494732935767,0.5927174248250179,3.43867380098985,-7.836373504997544e-05,0.09623514753984604,0.3038445821983873,2.911853984559306,0.0012763228627450454,0.048704792355321
255.15695773101993,4.86982789174357,-4.85722573273506e-17,1.9967041504807832,0.560665115663777,3.4193351817595854,-0.00018325008828335614,0.09359678868236697,0.28237715331628555,2.9330442245586936,0.0010688026558769474,0.04695667334007246
255.1621900295991,3.890001434669454,4.163336342344337e-17,1.9967246227791366,0.42546306128996125,3.4597526568795227,-0.0023224478702325523,0.08150132863055483,0.4123469091109748,2.4513847095971935,0.0020838394265291233,0.05671964245897477
255.11443056146916,3.8340955279194864,-5.551115123125783e-17,1.9965377475827888,0.45671910503787594,3.4655167758152947,-0.0021516263137080684,0.08444883966297566,0.4288503334930489,2.4559793888107175,0.0021640004751335793,0.057842115559150024
255.48659978469175,4.883372364016396,9.71445146547012e-17,1.9979935239223896,0.33229036483058993,3.4482676737879,-0.0005697258425550389,0.07205353817087883,0.1811098504776722,2.8738932323595012,0.0009149952297597655,0.03760430149047222
255.49792229817737,4.889915345110481,6.938893903907228e-18,1.9980377964165297,0.32245598814220744,3.4583435181212407,-0.0005172292559369085,0.07097962586981417,0.17962171368037988,2.8780718020841403,0.0008609170117529414,0.0374506803680099
255.49515414061813,4.880171358891964,3.469446951953614e-18,1.998026972652561,0.3255862817948556,3.4663059308648982,-0.0006222875282872087,0.07132249582899323,0.17925957758702696,2.878963421182088,0.000900436048686865,0.037411958847684966
255.50517102098064,4.877674056866602,6.938893903907228e-18,1.9980661393464487,0.3146312484774962,3.485149532578979,-0.0006244928710853644,0.07011221909278612,0.1801977305419199,2.8715577211302135,0.0008639632350745253,0.03751064298818656
255.48833548882845,4.851202923740519,-3.469446951953614e-17,1.998000310814026,0.32545433967204673,3.572096924386806,-0.0005711469265708741,0.07130846968322907,0.18621017149952845,2.870610623713544,0.0009730039543587323,0.038128994586074105
255.50252589190225,4.882170366810984,4.5102810375396984e-17,1.9980557967837067,0.31763998157127693,3.4653582125522826,-0.0005880924920434066,0.07044699325927263,0.1798341265265339,2.866589812138735,0.0008635590874615965,0.03747276850182021
255.5313417640113,4.717522028416333,1.0408340855860843e-17,1.9981684651356793,0.28091773630213357,3.5361295316437795,-0.001109418391051661,0.06624280202825386,0.18774049968663936,2.75901455983564,0.0010683403094240663,0.0382829113676733
255.53275505676282,4.706560100167741,-2.0816681711721685e-17,1.9981739908631377,0.2751781472794804,3.539066855129785,-0.001100789837627779,0.0655625412333541,0.1920667959577765,2.746987130137412,0.0010517814494267386,0.038722288145237115
255.5247995008555,4.7089695469394925,-4.163336342344337e-17,1.9981428858319585,0.28225317343445866,3.5341926171788973,-0.0011703124297028126,0.06639906779263019,0.19294732571006035,2.743582924079235,0.0010765680739778208,0.038810333460200235
255.53017379079915,4.706378621802857,7.28583859910259e-17,1.9981638985531784,0.27845453390560754,3.575172483904517,-0.001150537413755268,0.0659509541700093,0.19137167529523524,2.751928235146962,0.0010418466146403665,0.038652370805367015
255.51068499263937,4.68503320079739,-2.7755575615628914e-17,1.9980876990287464,0.29221297172367766,3.629579187477229,-0.0010886770020212765,0.0675621378108163,0.19710203563702322,2.761474098536829,0.0011419413371636243,0.03922442636160178
255.5271149981233,4.7249109386757375,-2.0816681711721685e-17,1.9981519391291735,0.2812159716708499,3.538014084550735,-0.0010680484568253617,0.06627864535316713,0.19166903020590786,2.7545058978140293,0.0010135595722630937,0.038683161653064624
255.31282923360024,4.482414524012691,-8.326672684688674e-17,1.99731393545807,0.3833268117631596,3.457051747138291,-0.0015167987084100088,0.0773768748107439,0.3038439546366227,2.588499626300132,0.001596332704502235,0.04869530385463419
255.3185486458956,4.503302171759479,1.1796119636642288e-16,1.9973363068327072,0.3795232689633875,3.437554774560917,-0.0014491847348977616,0.07699318762823805,0.3019280851410132,2.5950803389756967,0.0015396568366798761,0.048543203664255935
255.3097304956333,4.492203634741095,5.551115123125783e-17,1.997301814697586,0.3885852767103604,3.4408030027768923,-0.0015562880147786087,0.07790521751599465,0.30168422765639363,2.5971152902721304,0.0015715295797286927,0.04852255478996972
255.2834860566138,4.441273478116643,8.326672684688674e-17,1.9971991562271878,0.39870131358578786,3.428241797101858,-0.001497624560918212,0.07891428986851792,0.317812629800373,2.579117037370416,0.0017005128631067915,0.04979979343649752
255.21529243032,4.853403598680396,1.5959455978986625e-16,1.9969323834881716,0.49190988494480703,3.3786807740998537,-0.00020056975322695937,0.0876701301700682,0.29279768473515155,2.7937310773636215,0.001246904651451733,0.0478113704131513
255.19019743696043,4.844159589659791,7.632783294297951e-17,1.9968342031707356,0.5154764917730101,3.3388300145191754,-0.00040694060328778404,0.08974494182570225,0.2943260712665696,2.79200323159879,0.001280408751625846,0.04793519568332683
255.202633379176,4.833847421608555,4.85722573273506e-17,1.9968828574930542,0.49990403557239405,3.37186083176951,-0.0004651311909098228,0.08837864113457447,0.2974625852516847,2.78296586198565,0.0012700054726696459,0.04819038839206607
255.2074178522529,4.854684543199509,7.632783294297951e-17,1.9969015759274296,0.5019272883107984,3.4295702671116057,1.5787916599171743e-05,0.08855853222924326,0.290654859436395,2.7903980260141243,0.0011030480757854171,0.04763952533652431
255.2090319347079,4.848731831216366,-3.469446951953614e-17,1.9969078907099873,0.49824503771222733,3.3799933584326913,-0.0003516538959384692,0.08823239231592343,0.29272302757998675,2.799042789811076,0.0012260592120002696,0.04780580960278066
255.4531836399732,5.088389924181121,-1.2836953722228372e-16,1.9978628567483256,0.3802016916275186,3.437115735360715,0.00024706209683491394,0.07707522553973024,0.16661466839928496,3.0347855628611793,0.0006112929745428502,0.036073583378542926
255.45252966123167,5.096281214093533,-6.591949208711867e-17,1.997860299409532,0.3834109591584367,3.359107553303605,0.00018266260501878344,0.07740001854795191,0.16405937960988268,3.039001452063137,0.0005772272199698043,0.03579637847518565
255.44903901639384,5.092061550880783,2.498001805406602e-16,1.997846649428117,0.3858117205492384,3.3684885496721044,0.00019292312608414162,0.07764194043330751,0.1651492630569467,3.0415133778963463,0.0005601270102814336,0.03591538493967104
255.4532178458442,5.097918717148993,4.163336342344337e-17,1.9978629905079366,0.3840462387399763,3.417736614032674,0.0002678714102786403,0.07746386722349773,0.16273591541584692,3.041615873919727,0.0004818702105890047,0.035653080375844824
255.44380327853943,5.090005827185102,-1.0408340855860843e-17,1.9978261751782056,0.3900342981661698,3.36377967618632,9.614038670373217e-05,0.07806584826844866,0.16616242329447575,3.0398169683506566,0.0005836204992645243,0.036025037392082335
255.498291935723,5.043770530743561,-1.491862189340054e-16,1.99803924173067,0.34432585971718654,3.3161350497845308,-3.611885711821182e-05,0.0733490985187221,0.15738220455984162,2.9839246099958086,0.0006314362960895846,0.03505923218394469
255.52525555071756,5.043637010213635,-6.591949208711867e-17,1.998144668931647,0.3208698447889984,3.379441853617707,-8.11220847384865e-05,0.07080667160681589,0.15387460449354878,2.980444146898066,0.0006114624907852434,0.03466657556246669
255.5049808241701,5.041675460567798,-7.632783294297951e-17,1.9980653956709369,0.337495915563062,3.3690689451139466,-3.755892705173012e-05,0.07261798861163701,0.15752326026687447,2.98401507958336,0.0005766665665042417,0.035075888107160356
255.51165779060705,5.049596419694433,6.591949208711867e-17,1.998091502654029,0.3335146898582386,3.4066611378599694,9.65744527708927e-05,0.07218834879958158,0.15482751953473617,2.9833720080916257,0.0004951483829913154,0.03477563550021692
255.49283986185907,5.036241619311911,4.163336342344337e-17,1.998017923553627,0.349108382412824,3.345263921736803,-0.0003559491227308081,0.07385588517797619,0.15805175572808866,2.985855765906247,0.0006869368810515057,0.035132712097803435
255.02948177772362,4.67717811817096,2.3592239273284576e-16,1.9962053132824118,0.6460376372517822,3.6713501184230553,-0.0012838750671678766,0.10046237975914667,0.3244805850245922,2.886828755130265,0.0014906075350686959,0.05032675888313316
255.0204924558654,4.62984171329426,-1.3877787807814457e-16,1.9961701316828926,0.6381935962837784,3.557883780327117,-0.0008079459810023033,0.09985550643417627,0.34131394785089153,2.8688180603285844,0.0015857551944447573,0.05161395739573144
255.05959123858148,4.646954996197202,-4.163336342344337e-17,1.9963231484664088,0.6045668475415957,3.599412046010017,-0.0004235268103833919,0.09719144827544407,0.33584191387693463,2.8592892248799244,0.0014523071198067933,0.051202106950723324
255.02660156265662,4.6379832038229125,-2.1510571102112408e-16,1.996194041023194,0.6342433134808287,3.5822866302081486,-0.0006847220050629483,0.09954688809256536,0.3391551238625634,2.880776919297505,0.001542282073799929,0.05145163526245898
255.27559691905373,4.910230799600059,6.591949208711867e-17,1.997168295827924,0.5002710535772441,3.542340079074772,6.848110272050789e-05,0.08841227585851984,0.22413202736901622,3.035620183089578,0.0010267023826325116,0.04183273055919176
255.2635226941963,4.8997027876411385,-2.42861286636753e-17,1.9971210634552972,0.5117105916187301,3.5463361523562225,-0.0006206685882344538,0.08941528261178978,0.22476671418499583,3.013121936570448,0.00116410216643837,0.041888361399276215
255.27056281464016,4.903828384691419,-1.942890293094024e-16,1.9971486033790156,0.5062165114304771,3.5788976068930904,-0.0004312432671636688,0.08893507193647358,0.2232206739293619,3.017798252872231,0.0010607411973019834,0.04174669260175572
255.38872795558262,5.062332010714598,-4.5102810375396984e-17,1.9976107914971772,0.44178781534692246,3.4244761480560273,0.00014928428229314195,0.08308376694035197,0.16948422907050864,3.1250893934141937,0.0008122494090906012,0.03637905703163265
255.37186969973072,5.056720753832091,-1.3183898417423734e-16,1.9975448590853455,0.45662140066074375,3.4265052217903875,-0.00017047632946637012,0.08446703690283691,0.17150889960859772,3.115280735188142,0.0008858717158608663,0.03659410484620723
255.1921881168057,4.111762874428598,-1.8041124150158794e-16,1.9968419915769724,0.4191243700230931,3.4837679414570384,-0.0023057399773819165,0.08089191458216038,0.3886875131711419,2.4613572735878764,0.002035675718094139,0.05506793278324789
255.17648579842677,4.128723829003889,5.551115123125783e-17,1.9967805564459051,0.4301112520442675,3.4856354730609542,-0.002408814603289159,0.0819431871811114,0.39340294952901433,2.4602750936743885,0.0020634547905564685,0.055400385355363325
255.17215112070915,4.137788302379108,-8.326672684688674e-17,1.9967635967387527,0.4336808406983184,3.5040029432460242,-0.002347815964924392,0.082284572649471,0.39416803859259164,2.4698590180452147,0.0020085342780518057,0.05545632147518002
255.17226234937044,4.152083321974146,4.163336342344337e-17,1.9967640319298905,0.4332486056016779,3.4750448256833892,-0.0020181687587373597,0.08225227326577347,0.39448904502792526,2.4647454452558306,0.0019624962720451657,0.05548057563384571
255.1699461840654,4.1705128241509595,5.551115123125783e-17,1.996754969726136,0.4332953926967129,3.4826372020545078,-0.002299485337116094,0.08224933360259234,0.3967584232379686,2.4661407411276475,0.002030319206466266,0.0556376939265682
255.20150207287614,4.710534111063169,1.6653345369377348e-16,1.9968784314245798,0.49334702504308375,3.5196188080517103,-0.0010294121156176326,0.08779229793663224,0.3051509020808423,2.7840171076844853,0.0014315407629529088,0.04880514433490167
255.21410097889336,4.784007900886085,-2.7755575615628914e-17,1.9969277222261221,0.49671193043740414,3.5436737988882263,-0.0009243844211553076,0.08809239142245126,0.28918709066927584,2.8462546668399087,0.0013310891918965127,0.04751318077562198
255.20841935733762,4.789581889905382,-9.020562075079397e-17,1.9969054941229443,0.5023149617593887,3.5343948650427324,-0.0009442616878204226,0.08858769467231532,0.28926568090300686,2.8533527364425497,0.0012988270511663331,0.047520534301982546
255.21960865247183,4.793494732650515,-5.551115123125783e-17,1.9969492695596631,0.4928214994916389,3.52120257304556,-0.000511510058465359,0.08775006716246402,0.28756984803658664,2.8392521957474535,0.0012269996572353754,0.04738284404325027
255.18681525814762,4.785158726118999,-1.457167719820518e-16,1.9968209705450704,0.5221191637513201,3.5109051033265315,-0.0009238388509383716,0.09031754234583596,0.29106557810108336,2.8554967103669213,0.0013213264578240162,0.047667640232201214
255.28918371778354,3.6961492106790588,1.457167719820518e-16,1.9972214438039584,0.3368076346237325,3.4742040030102754,-0.0032290682545992053,0.0724720112126258,0.3740086475927096,2.3656615886119203,0.0021920705633478367,0.054010530324774146
255.28564465211466,3.7126899861593863,-1.1102230246251565e-16,1.99720760004795,0.3366057179418298,3.4759487402272513,-0.003163072105430491,0.07245315257252054,0.37774962994360617,2.3673877614637755,0.002159865415529421,0.05428170930729082
255.28337967014178,3.749054924489088,5.551115123125783e-17,1.9971987400721956,0.3420707393340541,3.4963401556419726,-0.0029302248218959813,0.07304977128361005,0.37454959052426484,2.376414835486611,0.002098856398165456,0.05405333919186397
255.28208668749448,3.769739422273006,1.0408340855860843e-16,1.9971936822682224,0.34516415478514484,3.4909775954558953,-0.0030411581872727285,0.07337534514670355,0.3727491577204037,2.383665247733247,0.0021278725168921765,0.05392193387891896
255.0157085507305,4.60422881891136,1.249000902703301e-16,1.9961514086123737,0.6075811403559965,3.4941390894811226,-2.039346994614586e-05,0.09743436201961211,0.3767103089135838,2.819573126950533,0.0013747106157706653,0.054232457616359794
255.002249153624,4.609587376688774,-2.7755575615628914e-17,1.996098730780964,0.625134347932909,3.472993759367898,-0.00014691444123444237,0.09883168825128233,0.37261649844304967,2.83532019216905,0.0013604094593886776,0.05393714564369467
254.99801805878965,4.595501585585042,-4.163336342344337e-17,1.9960821706955323,0.6225062065936577,3.496946925491369,-0.0002911664010981905,0.09862339834011387,0.3794757346166383,2.8290127827422973,0.0013644970532914677,0.05443153795809967
255.00575878146861,4.612738327707234,9.71445146547012e-17,1.9961124670119283,0.6204607052267324,3.5430349857526675,0.00011876638120562324,0.09846158851914988,0.3737805133045973,2.820665117423748,0.0012416601888775721,0.05402424030162316
255.01563593560758,4.609026180262379,-1.1102230246251565e-16,1.9961511244126453,0.6084678923415071,3.5021779976379346,-0.00024745168327555125,0.09750512594474453,0.37589617205087755,2.828578963600375,0.0013503570637137202,0.05417439782727594
255.01284579672506,3.2875425797824223,9.71445146547012e-17,1.9961402043879155,0.48754774510132715,3.4348548962315384,-0.0027323946010809693,0.08723799365501377,0.49960645817367766,2.4019500033822334,0.0024123335789009376,0.062428808263380806
255.02835118544033,3.3060495748761163,-4.163336342344337e-17,1.9962008885060905,0.4824753396815926,3.4664309376327425,-0.0027792280624635885,0.08678106402840252,0.48917347487801754,2.4178030241712194,0.0023779798409450403,0.06177388594188138
255.02365312006896,3.3042135017500422,4.163336342344337e-17,1.9961825016769077,0.49276461807078165,3.4901621112280243,-0.0028235280345078476,0.08770105385224462,0.48358226186034875,2.437067623087549,0.0023486565623296665,0.06142043823627604
255.03934356800386,3.3337189037868113,2.7755575615628914e-17,1.9962439087571588,0.4730987016491146,3.458816457071146,-0.002505261716674003,0.08594120593172046,0.48755773034710254,2.4170384320468514,0.0022662420443974453,0.06167583737034256
255.0125120504369,3.3019808757580345,-1.1102230246251565e-16,1.996138898170184,0.486173575408597,3.4695828496818617,-0.0028890259727747626,0.08710979075102845,0.5013143741544677,2.4076732138097725,0.0024017865760328602,0.06253598939270863
255.0827897413011,4.927873802409889,-4.163336342344337e-17,1.9964139324568515,0.6168628463797754,3.4438045004177193,0.0004080171129942989,0.09817492295245,0.3003474123191755,2.98233291448072,0.0009509102928436686,0.048430981079867916
255.06662152901654,4.919063212820275,7.632783294297951e-17,1.9963506609288066,0.6334836588551763,3.4590487422220813,0.0001892145786521462,0.09948942842058826,0.2998948121282476,2.9893221778755343,0.0009608635169806933,0.04839426578690568
255.03865838197282,4.906549186071378,1.3183898417423734e-16,1.9962412272113623,0.6565544745746619,3.4419557201774773,-7.475247352466911e-06,0.10128506113613088,0.30478714345248614,2.9923969113908253,0.0010015905362065094,0.048786743841133004
255.1074515169629,4.928031255443386,4.85722573273506e-17,1.9965104382277958,0.5937512741749138,3.5051643425630004,0.0006229625764421912,0.09631705755789771,0.2987972088622654,2.9653710585158795,0.0008077457479525787,0.04830839203537117
255.06448690449815,4.920534980308819,4.85722573273506e-17,1.9963423072917088,0.6349761561165181,3.474659891542663,6.839264657960238e-05,0.09960671544512693,0.30053693938539383,2.997357524283623,0.0009550488130966577,0.0484461837579906
254.98275046407377,4.3327480470702255,-4.85722573273506e-17,1.9960224137020988,0.607735315542782,3.5772474114006285,-0.0008496620044439974,0.0974430211961543,0.40951422038345087,2.726711901459328,0.001665922595918105,0.05653808051791394
254.9688664694938,4.325770040637969,1.5959455978986625e-16,1.9959680705326528,0.6245202655287582,3.5780218781449027,-0.0010051384269621866,0.09877812938919976,0.40661326497745653,2.7400008220177767,0.001677556505330968,0.056336950013359796
254.9575952575815,4.3011881661760505,-9.71445146547012e-17,1.9959239529350086,0.6271971538807155,3.6102374157075108,-0.0011691846208392847,0.09898782014323063,0.41520758853789874,2.732159371715076,0.0016877162606458588,0.05692943789706592
254.9771537646031,4.326648989515791,-1.5265566588595902e-16,1.9960005079087337,0.6134629722069537,3.6223489370588173,-0.000738177300019733,0.09790206348697349,0.4093832631899621,2.731291590607246,0.001511133607818437,0.056533381456365224
254.9607487593436,4.332596136275451,6.938893903907228e-17,1.9959362964194884,0.6323817810692334,3.5984310961910446,-0.0011190927431951408,0.09939674522155592,0.4068694595871565,2.748466211019692,0.001667220495339253,0.05635501777876199
255.13042122429223,4.811618960134241,-5.551115123125783e-17,1.996600318448729,0.5674382588739239,3.513642700544616,2.864647187250397e-05,0.0941606179582776,0.3021405168338193,2.9214900571520364,0.0010925931245106433,0.04857241015255971
255.12330795677383,4.806259144788992,-1.3877787807814457e-17,1.996572484740935,0.5741993906413703,3.517689670889711,-0.0001516012804837286,0.0947198104718499,0.3024926525848549,2.923812304520751,0.0011145767037540704,0.04860022188314192
255.11564778169392,4.796225052846931,-2.7755575615628914e-17,1.9965425105889851,0.5787205215509769,3.5393643554614758,-0.00027484515865401626,0.09509170631223723,0.30563169675508944,2.929276974863733,0.0011169069525399605,0.04885181828508028
255.14379450752648,4.813034261205674,6.938893903907228e-17,1.9966526461004932,0.557245873331996,3.5600805471283996,0.000149512853970172,0.09331100908638239,0.29895961914159463,2.922580520667305,0.0009397226296144779,0.048319136436023966
255.14077795413553,4.797917619822567,-7.632783294297951e-17,1.996640842899235,0.5533771049934004,3.5602089138719406,-0.00024023206630162906,0.09298634068548026,0.30584494087116826,2.9117356109300876,0.0011026055258597318,0.04886919133370579
