b0_energy,b0_entropy,b0_mean,b0_std,b1_energy,b1_entropy,b1_mean,b1_std,b2_energy,b2_entropy,b2_mean,b2_std
255.153664214872,4.754844514129667,9.020562075079397e-17,1.9966912639057084,0.5278096477917437,3.4167974746445795,9.840036055854592e-06,0.09081313588859095,0.3185261373361936,2.8277466716915756,0.0012241410305943905,0.049869699484518935
255.08846943001333,4.725398801299873,-2.7755575615628914e-17,1.9964361584693757,0.5857033726797848,3.3593120680020228,-0.0004234903932697834,0.09566313738325984,0.32582719730697574,2.8311459113915216,0.0013572578284201248,0.050434936602993176
255.1246593583434,4.729851683133132,0.0,1.9965777727086205,0.5535104494690566,3.4129212242248417,-0.0004875673357654319,0.0929965754802138,0.3218301921874672,2.829816735771864,0.0013076390322755071,0.05012572649474376
255.14898768359893,4.7438270820185195,4.163336342344337e-17,1.9966729658499995,0.5338927574040973,3.4772401132620807,-0.0002261000060903534,0.09133467694816828,0.31711955899703426,2.8163142251314395,0.0012238154640414902,0.04975940946569104
255.12124030657455,4.730990205246561,-4.163336342344337e-17,1.9965643941005828,0.5559053544155141,3.4278558531608754,-0.0005421940893570701,0.09319724882372803,0.3228543390099783,2.8312631831091837,0.001344572731473871,0.050204498281381446
255.12568160733656,3.890486848304468,6.245004513516506e-17,1.9965817727092054,0.4483475016601966,3.451533344775058,-0.0023582719610037465,0.0836652153932476,0.4259708910031864,2.455208208118497,0.0021236282685859714,0.057648831635508935
255.0917258514604,3.857127357276781,4.163336342344337e-17,1.9964489015321851,0.4808529914532982,3.533071867988558,-0.0030523319096733494,0.08662569631103102,0.42742115708633366,2.4591304831621423,0.0023370943171782117,0.057738771894538896
255.0633637147242,3.776186344604505,1.3877787807814457e-17,1.9963379117881235,0.4865288141981174,3.4878814833527945,-0.002975159276369922,0.08713874654323307,0.4501074710777788,2.4448151466697947,0.0024753832673806916,0.05924809782157331
255.07198366935492,3.7868875887327897,1.1102230246251565e-16,1.9963716449683588,0.47834793454623215,3.465420865192354,-0.0025946805891767567,0.086414432301121,0.4496683960989273,2.4400580622438603,0.0023564809786380827,0.05922399295826133
255.04499784566755,3.760145608521903,1.3877787807814457e-17,1.996266037215119,0.4939380647270662,3.466544476586118,-0.003021045731540457,0.0877989495611898,0.4610640896054556,2.4299131796288034,0.0025101655259976334,0.05996467517692992
254.88260716702263,4.7758500065873095,-8.326672684688674e-17,1.995630410918998,0.7642087260876674,3.4087291416857353,-0.0002681075305968569,0.10927346184445627,0.35318410688974056,2.93972173296833,0.001607073436504346,0.052503982230358306
254.96538522486094,4.856332244044178,-1.3183898417423734e-16,1.9959544444045942,0.7097675556603965,3.455249093190978,-0.0004478885376117841,0.1053086770074127,0.32484721947863293,2.956316055094307,0.0012927077978863956,0.05036067720678609
254.9388444298605,4.847072038029924,-6.938893903907228e-17,1.9958505565839768,0.7308388854647702,3.4492830924882094,-0.0006333970992453649,0.10685951709371375,0.33031668467481123,2.9553158110568054,0.0013100823275811876,0.05078270161498817
255.01268339176283,4.876752860163296,-4.163336342344337e-17,1.996139568766747,0.66925435985775,3.4669584399398707,-0.00011709546581377232,0.10225989273135988,0.3180622483793619,2.9463771148269684,0.0011339074227830126,0.04983548504249078
254.93094301071807,4.850517548252966,9.020562075079397e-17,1.995819627256549,0.7399710561287616,3.4645536185921353,-0.0006852612554916269,0.1075247793256216,0.329085933153172,2.9628227231457704,0.0013251411383203844,0.050687551269741636
255.10829728946118,4.34487383321142,-5.551115123125783e-17,1.9965137477983543,0.5086941331263309,3.5151281366928546,-0.0014287031779947335,0.08914204752712442,0.3830085774125265,2.6149468021756976,0.001802502534373601,0.054671797991733724
255.03663853501408,4.2482111340116315,1.1796119636642288e-16,1.9962333223121977,0.5501817892338472,3.5561920533844376,-0.002011090149687795,0.09269598682353346,0.41317967575206505,2.59604553164271,0.0021666539502411307,0.05677386570837776
255.06074079161198,4.28049452470368,1.457167719820518e-16,1.9963276471734137,0.5374056104929805,3.5962735730549706,-0.0016019887942014155,0.0916209380865317,0.40185359789505937,2.618182259064612,0.001977003896956429,0.05599618459454689
255.04014556653124,4.268453411736985,-7.632783294297951e-17,1.9962470474560634,0.5529756322953852,3.5607481950357864,-0.0019338115122137876,0.09293279629738159,0.4068788011733332,2.6104047002603874,0.0021315308600748555,0.05634001429143601
255.1715552715094,4.659393920714956,4.85722573273506e-17,1.9967612654289282,0.5133947044063398,3.529197904713384,-0.000911376692175352,0.08955982162149509,0.31505002408425503,2.7800546012127185,0.0016416830773296805,0.049584606379720834
255.20263797247287,4.72551681299549,-1.1102230246251565e-16,1.9968828754636283,0.4999653763615011,3.4972448420894136,-0.0008748386987800149,0.08838095758080228,0.2973966511656686,2.7936841254348863,0.0013427052020518167,0.04818307254599036
255.21510574792472,4.729806532065393,1.5265566588595902e-16,1.9969316531397172,0.4902897695259094,3.51181132199003,-0.0009080179383132918,0.08752115831195355,0.2946044825494642,2.799874070638558,0.0012980595428889942,0.04795740361342349
255.24556116709044,4.740125785705011,1.3877787807814457e-17,1.9970507988621091,0.4634587410027684,3.545827259073633,-0.0006455739353769321,0.0850948063189653,0.29098009190679985,2.7854172375666475,0.0011769913224962832,0.04766441712062199
255.21595073987078,4.725960237278746,-8.326672684688674e-17,1.9969349589584737,0.4870444510103701,3.522951421206946,-0.000970231429437249,0.08723031696612345,0.2970048091189363,2.7906407116500516,0.001330851327876753,0.048151624126137
255.13999933534126,4.388349608817486,5.551115123125783e-17,1.996637796300247,0.48384145927191574,3.481214303917287,-0.0010797706435398827,0.08694168675889048,0.376159205386807,2.6675752393506196,0.001708264023860064,0.054183259648245746
255.14382731283064,4.393820608742356,-6.938893903907228e-18,1.9966527744610425,0.4830366814665288,3.521815863543772,-0.0011396157226072259,0.0868685755835751,0.37313600570287275,2.67882737802531,0.0016470843496557651,0.053966769012965855
255.13840810016706,4.402068980393748,4.85722573273506e-17,1.9966315700612145,0.48559767876767046,3.5567055828382887,-0.000697436503394858,0.08710325661574649,0.37599422106536246,2.667954114103428,0.0015328908770882487,0.054176610244939506
255.11313035477826,4.375703480860286,5.551115123125783e-17,1.9965326598364002,0.5033763589714129,3.503871049054555,-0.0013550045729958022,0.08867592441883809,0.38349328625035306,2.665800892198706,0.0017643418144605762,0.054707663053658484
255.14771806529575,4.012096456169547,-1.3877787807814457e-17,1.9966679981334519,0.42084548726609616,3.3829942036098917,-0.0023505924097339034,0.08105668050109166,0.4314364474382588,2.399920404237452,0.002166792091409388,0.05801639645517466
255.1559544995792,4.046904358027012,0.0,1.996700225135442,0.4257193165525719,3.4338227153825907,-0.0023852595748372362,0.08152407532682956,0.41832618386828535,2.427483325877782,0.002090910057881227,0.05712968936201939
255.17464862858395,4.077744481023615,-1.249000902703301e-16,1.996773368417564,0.4195606206744954,3.4273075211097668,-0.0019356815488282683,0.08094373252439324,0.405790750741524,2.441393946996815,0.001937934287196896,0.05627152611105071
255.1532182997624,4.021220053292025,-2.7755575615628914e-17,1.996689519162603,0.4246869181567804,3.429142991344623,-0.002546065301733787,0.08142021031463258,0.42209478208082923,2.4178601929774035,0.00216865580167361,0.05738390381474883
255.10482992959618,3.7500849032484744,1.6653345369377348e-16,1.9965001797269992,0.43956275526154187,3.4123596763616124,-0.002554561891629565,0.08283503041892015,0.45560731514231534,2.4041686334935872,0.002263146270977824,0.059618036855514596
255.12576213275707,3.793743150843878,-2.7755575615628914e-17,1.9965820878001308,0.43409160475579,3.4488427822779615,-0.0025712026737559047,0.08231688916085016,0.44014626248704947,2.4290602064452766,0.002184142152514624,0.05859925083768293
255.1142970086956,3.7915739691556594,1.3877787807814457e-17,1.9965372249875204,0.4339350491832491,3.417039087509586,-0.0021109897839498397,0.0823151193015009,0.4517679421211248,2.409561923809256,0.0020763539183719657,0.05937276987160823
255.1044535074402,3.7772588393060573,-6.938893903907228e-17,1.9964987067498323,0.44424579613789295,3.4479202809320575,-0.0027163246368968586,0.08327041578568924,0.4513006964219238,2.417621076384238,0.0022566901518904633,0.05933543663237543
255.10871395713866,4.319468648675353,-1.5265566588595902e-16,1.996515378247884,0.5011238242024783,3.558945268811768,-0.0014818659679457788,0.08847521588793533,0.3901622186589795,2.6325675610863732,0.0018333095833469462,0.05517953705174487
255.1166316656766,4.340675078644119,-5.551115123125783e-17,1.9965463605376652,0.5007744105436274,3.6024890734732753,-0.0015971025420531224,0.0884423508745349,0.3825939237798195,2.6501489341692435,0.0017882513828045873,0.05464263158488743
255.12806745074047,4.338591233244921,1.249000902703301e-16,1.9965911083438743,0.49031113121099884,3.610917716832566,-0.001322940639628488,0.08751777678412469,0.3816214180485278,2.6418108907654383,0.001674850402489679,0.05457666355351345
255.09231855563198,4.324324684128822,-2.7755575615628914e-17,1.9964512208996616,0.519138523794154,3.5905803772385108,-0.0017603825472981283,0.09004687938829876,0.38854292057389456,2.6469496299069726,0.0018610079120624935,0.05506385580882246
255.102963276223,4.469509416554573,-7.632783294297951e-17,1.9964928753168603,0.5217995957808017,3.5414107897790563,-0.0012092618549046,0.09028652374436232,0.37523712799622333,2.6843686784789904,0.0017286615161123584,0.05411609549693332
255.11703822643295,4.482182251778429,0.0,1.9965479514121405,0.5107575990363523,3.5832211422961997,-0.0013708352197422283,0.08932361555458511,0.3722041745306843,2.6877673622061735,0.0016980071913378914,0.0538976983283993
255.1134396132096,4.497694273578944,6.938893903907228e-17,1.9965338699747621,0.5207340245798725,3.5649309815409698,-0.0010379540228834284,0.0901964067217031,0.3658263622105688,2.699966590841651,0.0015656308350341837,0.05343750794019552
255.09913567564553,4.47339233830563,-4.163336342344337e-17,1.9964778974313644,0.528498454127412,3.582346453314975,-0.0014649681347648244,0.09086056468075102,0.37236587022710144,2.6980663827419518,0.0017467770846579082,0.05390785778498107
255.10084453836407,4.639053721761844,2.220446049250313e-16,1.9964845844413472,0.531374090615574,3.7236733525351413,-2.4044342732662104e-05,0.0911192602457786,0.3677813710203953,3.0046362213357867,0.0007615524060602141,0.05359768650818487
255.10827617499152,4.654788253378529,-2.7755575615628914e-17,1.9965136651759343,0.5250174658667446,3.7134432270677804,4.9400404643065374e-05,0.09057259775322725,0.36670635914172944,3.0012864833901647,0.0006879505081342065,0.05352027797847391
255.10741845504208,4.641387588523939,4.85722573273506e-17,1.9965103088539344,0.5233943488046737,3.6934068088878567,-0.00010567479061930922,0.09043243628760454,0.3691871961532287,2.988565150933191,0.0007685403708072671,0.053699947073023634
255.075995923497,4.631953204050674,2.7755575615628914e-17,1.9963873462593977,0.5496483354766105,3.69640280517903,-0.00037748317127059804,0.09267207102615894,0.37435574102637437,2.997798158487119,0.0008002285211325973,0.05407415150589527
255.2387447494573,3.526713954114877,-2.7755575615628914e-17,1.997024132731067,0.34526518582583826,3.460991778705078,-0.002929607459344937,0.0733906392441357,0.41599006471692185,2.43916097228088,0.0019541610837049105,0.05697458762518501
255.24956006881658,3.540836553800812,1.457167719820518e-16,1.9970664425790292,0.3418820702617419,3.4789313923424925,-0.002926705222657997,0.07302973192049511,0.40855786092174695,2.452464302763909,0.001925701372284816,0.0564637048259847
255.23066886944594,3.5237648249681923,-5.551115123125783e-17,1.9969925390659558,0.34633964404240014,3.462736507168014,-0.0029958020587159766,0.0735022592046496,0.42299148651166224,2.4304104259995425,0.0019871374789443984,0.057451477552906624
255.2263713706704,3.531808094652993,0.0,1.9969757266092958,0.35251391896360124,3.503671554015177,-0.0031330034873757844,0.07414994452428378,0.42111471036607306,2.444994786795596,0.0019933189517427068,0.05732351484593011
255.14837426960688,4.834461457000559,6.938893903907228e-17,1.9966705657074748,0.5355275147498807,3.748536474266304,0.0007078537664019879,0.09147194302633063,0.3160982156433586,3.1422765184000565,0.0002882673868308278,0.04969340209351166
255.13236439995413,4.827774710268964,0.0,1.9966079218888428,0.544119266692959,3.753541239737088,0.0005030725745909163,0.09220417810523653,0.32351633335296526,3.1250553117384867,0.00035601276928567526,0.050272702426149195
255.1298122911584,4.536995024559813,9.71445146547012e-17,1.996597935752051,0.5017966763940144,3.7928020409026884,-0.000493163818219886,0.0885456371489012,0.36839103244759697,2.922517623424506,0.0009608386194641563,0.05363890127644486
255.1279560748263,4.540226141674351,8.326672684688674e-17,1.9965906725388558,0.5079015991311735,3.815031160623719,-0.0006785449762982125,0.08908143500830983,0.3641423260425673,2.926000496148979,0.000986632031694574,0.05332812090671855
255.12351504987905,4.525339342369166,-9.71445146547012e-17,1.9965732950869497,0.5052562111776688,3.7918317720668626,-0.0007271775971203483,0.08884874513685222,0.3712287389433521,2.9076057915419273,0.0010256759143630117,0.053843964489194464
255.0860363209888,4.507683730590712,-1.3183898417423734e-16,1.996426637148345,0.5352366227869935,3.8056236516268624,-0.0010403194776216745,0.0914439170553802,0.3787270562241538,2.9152884222713418,0.001098498804726946,0.05438380666271179
255.24115610523634,4.672996462526118,-3.469446951953614e-18,1.997033566103564,0.4386916916198773,3.8080519954461787,-0.00031058424874795933,0.08279167360903518,0.3201522031438372,2.95386306839446,0.0007817354795772841,0.050005779432993516
255.2402957827858,4.685622424703146,1.5959455978986625e-16,1.997030200474201,0.44274084511090706,3.8205296554957724,-0.0003479046381200746,0.08317273992854088,0.3169633721033336,2.965395946364498,0.0007601364011247558,0.04975639192313867
255.24521456660747,4.688199478124525,5.551115123125783e-17,1.9970494429540901,0.4391430105521791,3.8033168350086584,-0.00033622087991346536,0.08283415053827563,0.31564242284032273,2.966646739816537,0.0007649193737578792,0.04965250574534654
255.21716217694257,4.672976815084135,9.367506770274758e-17,1.9969396983921992,0.4598637900538834,3.7975819453846387,-0.0006139529409152447,0.08476434852801187,0.32297403300355265,2.9687762346205364,0.0008091261335367427,0.050225291912942456
255.33934418088683,5.07183622225115,-1.1102230246251565e-16,1.9974176460686324,0.42787930485072867,3.7919778242644715,0.0003027736772707561,0.08176504428172829,0.23277651426254417,3.1714013066451106,0.00041749369071228024,0.04264261034099978
255.36987902666846,4.762653617551183,8.326672684688674e-17,1.9975370734461213,0.3629061230641887,3.4375378400408723,-0.0008818797854730574,0.07529694854987101,0.2672148502673877,2.690891421740117,0.0014329343474850653,0.04566796160186881
255.31049638576533,4.702813360976522,3.469446951953614e-17,1.9973048104952793,0.4055242922538221,3.5263522397734444,-0.0013290074694077818,0.07958989135318774,0.2839793219809276,2.694037256669132,0.0015960360948735302,0.04707484595577407
255.3151427677601,4.686776377077192,0.0,1.9973229848340133,0.3943391993160058,3.4923332315129167,-0.0012833560579612378,0.07848504944600013,0.2905180329238454,2.6720400108725033,0.001770235863375555,0.04760817573910558
255.3047890564027,4.692388400343308,1.249000902703301e-16,1.9972824860310303,0.4068279249757911,3.4701598150553226,-0.0012817375528155978,0.0797185265580871,0.28838301862144133,2.6843560472210783,0.0017341147786208923,0.047434008674310656
255.31949132876704,4.6994335555712325,0.0,1.9973399940951428,0.39476334399096447,3.558552839281626,-0.0009881011889803161,0.07853152810113372,0.2857453272420683,2.6798613548883967,0.0016224811751318984,0.04722025967648845
255.3567010978644,4.9891131227172245,5.551115123125783e-17,1.9974855330274939,0.4259332569305335,3.390103504428063,-0.0005604565114620441,0.08157752771467364,0.2173656452050929,2.95666716379046,0.0011687808135721531,0.041192269354511334
255.32228520695517,5.002470381156948,-8.326672684688674e-17,1.997350922186353,0.4552201313799495,3.6280240855954577,-0.00041862201829379444,0.08433646487977493,0.22249466166496826,2.990555965010323,0.0011170900462063019,0.04167723184289272
255.35405822246335,5.017109798724407,1.1102230246251565e-16,1.9974751962730326,0.4327469105122343,3.3625149492022715,-0.0003637185068725464,0.08222857280532979,0.21319486702450588,2.9705592884220655,0.00104076142233456,0.04079830528699363
255.36093967234584,5.034056882822103,6.245004513516506e-17,1.9975021107324027,0.42791146554233,3.377385024112196,-0.00028592096914801385,0.0817681777851158,0.2111488621119407,2.9774655598238664,0.00098473589317076,0.04060333459791495
255.46536451978744,3.8471744648091444,-3.469446951953614e-17,1.9979104886409897,0.24525940778757951,3.3862768965142456,-0.003008721662491636,0.06183143084741436,0.28937607242496677,2.386836330102645,0.0019156875767750215,0.047508743478734974
255.46278659375304,3.831736674995708,-6.938893903907228e-18,1.9979004080602694,0.24498627135236437,3.394910765732736,-0.002978492060215974,0.06179837437123992,0.29222713489462343,2.3833353876818157,0.0018906248483157564,0.04774358626084949
255.44599809158157,3.8150989056878055,0.0,1.997834757976986,0.2547637180797484,3.520122270230241,-0.003089404952833582,0.06301697130165393,0.2992381903387642,2.3933970214805727,0.0019935915955717905,0.04830966729932697
255.4444183757658,3.8188079646471893,1.1102230246251565e-16,1.9978285805146898,0.25695844117455335,3.3906658205427895,-0.003060316669707336,0.06328988943925805,0.29862318305960717,2.373867893420239,0.0019514506606989038,0.04826163546723255
255.44039233991325,3.8348145740244624,-2.7755575615628914e-17,1.9978128366569137,0.256398280388333,3.4213847657065686,-0.0031047350167985764,0.0632185396188742,0.3032093796984793,2.3711988951251826,0.0019174504847950745,0.048632773543493574
255.44163266542378,3.8146790005583973,1.1102230246251565e-16,1.9978176869767788,0.25726932585718754,3.41074594623825,-0.0033589177150824137,0.06331311782167942,0.3010980087190395,2.359361199847055,0.0019802045114425833,0.048460365075083355
255.56702297119477,4.995767423348816,-1.8388068845354155e-16,1.9983079677379356,0.2899030708295726,3.387132935410598,-0.0004917567243719789,0.06730151303675207,0.1430739579756727,2.991520939488791,0.0008732891266095562,0.03342158977048053
255.5686278636274,4.99947580502192,1.6653345369377348e-16,1.99831424214741,0.2883224662321193,3.4171578484203105,-0.0006810359960379324,0.06711612864914786,0.14304967014048553,2.982776985795556,0.000898024134584313,0.03341809540692359
255.5434431832133,4.971427690430737,1.8388068845354155e-16,1.9982157790733481,0.30791358152099685,3.4335804475890748,-0.0006411739148938082,0.06935948822819006,0.14864323526577,2.995314569995122,0.0010476817527955518,0.03406138045438979
255.54377868830275,4.975141410431599,1.3530843112619095e-16,1.9982170908098877,0.30838036965657833,3.457073819691045,-0.000555806646830937,0.06941278235926994,0.14784094204073217,3.006991169844019,0.0009748334754889928,0.03397141532801196
255.54327037623472,4.987109800116604,-1.491862189340054e-16,1.9982151034432374,0.3104506279905351,3.491738022745955,-0.00036577233331894633,0.06964666017083869,0.1462789957747399,3.019170921942142,0.000882656517332746,0.03379386885165067
255.5414536431064,4.979484543641452,-4.163336342344337e-17,1.9982080004778124,0.31069976013163547,3.4589012203968745,-0.000604963508623543,0.06967293428017826,0.1478465967619986,3.0079698275889655,0.0010157911162585421,0.0339708655410963
255.4798745358015,5.048273932970991,9.020562075079397e-17,1.997967226863819,0.36432144022408414,3.3942973145970967,-0.00024397311144403323,0.07544841271108496,0.15580402397442814,3.0960367619349904,0.001034097349683152,0.034873336232307886
255.4862146326187,5.055467960087549,-1.3877787807814457e-17,1.997992017910649,0.3599246402486157,3.4166021046766364,-0.00010799746833502818,0.07499207185050599,0.15386072713271137,3.1078196748239826,0.0009507408693229301,0.034657366064427146
255.48344145062896,5.054681893656728,7.28583859910259e-17,1.9979811742521694,0.3629419025022587,3.4068820531343253,-0.0003438513576410761,0.075305039624461,0.15361664686891982,3.1018904683173862,0.0010254039597056943,0.03462771433956992
255.47946851776015,5.055008972249743,5.551115123125783e-17,1.9979656392415768,0.36473724232288945,3.419837266689263,-0.00027743928028794475,0.07549134015727169,0.15579423991687463,3.100905055847383,0.0009689750164114673,0.034874110551642086
255.49524582004085,5.066203438311404,1.0408340855860843e-16,1.9980273311289158,0.35319354514104523,3.4543358423508757,-6.836867822809919e-05,0.07428757950392965,0.151560634818182,3.113186407019972,0.0008522937873875485,0.03439972463286628
255.47633485894863,5.056790519680092,4.85722573273506e-17,1.9979533858854346,0.3708480858596285,3.392432358395329,-0.0003444913854695284,0.07612084252845625,0.1528170551917768,3.1134373540237905,0.000982398167324278,0.03453864701354983
255.46154061613768,4.607211767437295,-7.28583859910259e-17,1.997895535839437,0.2925917030921198,3.4871120255593935,-0.0017053645110001597,0.06759317341787552,0.24586768077027366,2.5771802582469165,0.0016876099172023586,0.043794899575009
255.46932796640746,4.629109866424624,-1.1796119636642288e-16,1.9979259869862838,0.290890422092491,3.479193670553477,-0.0014986163889214817,0.0674011646347007,0.23978161150009145,2.604490541857033,0.0015757770717536464,0.04325287003731198
255.46182190495733,4.6345846773885295,-4.85722573273506e-17,1.9978966357809802,0.2980488751714875,3.4710429976526145,-0.001748841699428142,0.06821990345393954,0.24012921987125724,2.5988639076150646,0.0016592554668373428,0.043281132165644276
255.4670579977627,4.642220966433744,1.8388068845354155e-16,1.9979171106967983,0.2954050651886669,3.4777103207354574,-0.0016884178853254442,0.067917990169155,0.23753693704866663,2.606183277744713,0.0015993390537170616,0.04304880294832787
255.48222024805042,4.65858728720429,8.326672684688674e-17,1.9979763991038002,0.2849416408370985,3.479104307015613,-0.0013913426100581254,0.06671039876826626,0.23283811111255748,2.6007736336669036,0.001452294527820166,0.04262556256134714
255.46911449281401,4.70019666242253,2.0816681711721685e-17,1.9979251522392472,0.30537917647906887,3.395126609231137,-0.0016143004644759609,0.0690575388100086,0.2255063307069801,2.639674065613634,0.0014233793205565783,0.041949281280590424
255.42319092655467,4.80840412240595,6.938893903907228e-17,1.9977455689420054,0.3319309442985734,3.468906581686702,-0.0007257454116873922,0.07201315364752903,0.24487812914673784,2.722169911725379,0.0012162856675704973,0.04372220297667711
255.37810876731237,4.773134827294499,3.122502256758253e-17,1.997569260248379,0.36981799073144456,3.487595610546684,-0.0006161610402758504,0.07601333074370092,0.25207324195621617,2.7628196715051874,0.0013675947445593104,0.044355967889311045
255.40491635188698,4.835096557263332,6.938893903907228e-17,1.9976741020492392,0.35386502808549775,3.4279936724064566,-0.0006674886941847701,0.07435519835679977,0.24121862002760205,2.75598459707136,0.0011418549125999707,0.043396044016986296
255.40669653598138,4.83908774791208,-1.249000902703301e-16,1.9976810639776084,0.3530620679848442,3.4989460102619963,-0.0003883656884225992,0.0742727674478018,0.24024139603378053,2.752300316729223,0.0010531284779687457,0.04331023928498667
255.40834506344348,4.845390530135764,9.71445146547012e-17,1.9976875110027354,0.35294257804306706,3.4467437177815303,-0.0006513487736612162,0.0742583566118856,0.23871235851350142,2.767190891350336,0.0011386241621949688,0.04316994134700667
255.36293875207565,4.536800261362787,1.3877787807814457e-17,1.9975099293873815,0.3503259322306007,3.4832578794829714,-0.0014310447226880169,0.07397158104370086,0.2867353156937824,2.5868638648373476,0.0015270927424013757,0.047305260189684825
255.32994014362157,4.507896619539752,1.3877787807814457e-17,1.997380863717305,0.36742287625894954,3.49389574967503,-0.001371189922191565,0.07575686292174041,0.3026369801195446,2.5854589369004386,0.0016720096465770713,0.04859584129249843
255.36897017439546,4.59398977630995,6.938893903907228e-17,1.9975335188614305,0.3518872374280056,3.51298844281125,-0.001263586186718181,0.07413933797088644,0.2791425881765926,2.619968028605018,0.001399728827290005,0.0466780701115597
255.36884707101046,4.616045264790175,-1.3877787807814457e-17,1.997533037395011,0.35087769948504755,3.5078226248282833,-0.0009172304120691286,0.07403798175818303,0.2802752295045503,2.6164946216902294,0.001308626213024101,0.04677539660910301
255.35651685464697,4.617437703954272,-6.938893903907228e-17,1.9974848124213258,0.3673728999626324,3.4799858414985403,-0.0013030390086847983,0.07575291183352609,0.2761102453904173,2.6399974819354544,0.0013904667496614466,0.04642389357142205
255.32061721598166,5.195374535215078,-2.636779683484747e-16,1.9973443979443588,0.48685217465966,3.334889359696131,0.0006252616665385086,0.0872162500736276,0.19253060935877697,3.1910960623472113,0.0006322546600059415,0.03877815931243186
255.2481733225104,5.132771499684122,1.8041124150158794e-16,1.9970610176367234,0.541687362809502,3.3839334108276526,0.0007800319838151938,0.09199595966129541,0.2101393146800719,3.1965213756968884,0.0008401944377143524,0.0405093503927784
255.29856461562082,5.187387387651917,2.0122792321330962e-16,1.9972581385787556,0.506658645353089,3.3372016847726043,0.0006545578070026527,0.08897254007680858,0.19477673902613718,3.2000995779934414,0.0005474579877307618,0.03900504535817599
255.31669340130028,5.194273553140264,4.85722573273506e-17,1.9973290501054946,0.4908374452829357,3.3798832574491833,0.0012222475730785487,0.08756621034061011,0.19246915341676085,3.1730319755238408,0.0003644122795189151,0.03877541056854176
255.27729185108,5.189793979994752,-1.5959455978986625e-16,1.9971749260325509,0.5281932460460446,3.336111047473238,0.0006169608309291095,0.09084403573599395,0.1945149028739327,3.219807761975604,0.0005529642389538995,0.03897873662977082
255.50256760816688,5.1783032949184795,-3.469446951953614e-17,1.9980559598964207,0.35641064640640946,3.372988317292373,0.0004494297476530275,0.07462381900574423,0.14102174542675636,3.191553110344045,0.0004878588561995343,0.033188768881700956
255.44061173970314,5.135958321482483,-8.326672684688674e-17,1.9978136946254177,0.40784931062212554,3.3924802605857236,0.0005551350657974404,0.07982692091975885,0.15153894967479709,3.2171037637360556,0.0006644212187522885,0.034401403878016726
255.47431318740087,5.173263089709856,2.0469737016526324e-16,1.9979454806258201,0.38395579180004735,3.327804159391257,0.00042926897141067413,0.07745401845628104,0.14173102079911953,3.2126989790243368,0.0004394756285861875,0.033272818653744984
255.48171835015097,5.1769920496918225,7.28583859910259e-17,1.9979744365784835,0.37734346209169534,3.412608976239076,0.0007802726642288029,0.0767813959872585,0.1409381877574642,3.2069569625608407,0.00027477029442970775,0.03318138172440213
255.47378692006555,5.176145468507991,2.42861286636753e-17,1.9979434227790396,0.3837493654342254,3.357301453691652,0.00042496909109166316,0.07743321791183283,0.14246371450023912,3.213334484760124,0.0004299164581409862,0.03335885101996377
255.53376426639437,5.134995341585093,4.163336342344337e-17,1.998177936686924,0.32809485751022893,3.3496245876857094,0.00039360662611310484,0.07159837443979583,0.13814087609538625,3.1336838084427914,0.000487011147207839,0.032847959063505
255.5016510908674,5.0991284242681765,-1.3877787807814457e-17,1.9980523762641467,0.35110584527772,3.4297432022783654,0.0004979378441636994,0.07406605761323957,0.14724306385491648,3.150043409598016,0.0006313950030143122,0.033910732470955315
255.5222050062282,5.134111711133612,-3.8163916471489756e-17,1.9981327416421353,0.338175458657417,3.3429222680347443,0.0003906881382999064,0.07269001928945082,0.13961953511446015,3.1420837542290263,0.00042830851519471704,0.03302414525612331
255.52444966193437,5.141257250617313,-1.9081958235744878e-16,1.998141518003098,0.3372806623332297,3.396743967944193,0.0006973474740140317,0.07259148748618668,0.13826967573242888,3.139708589058754,0.0003019205197852669,0.03286549384475051
255.52773704616982,5.138350131182229,3.469446951953614e-17,1.9981543712502303,0.3337187138435111,3.3732435330836865,0.00035897867165331655,0.07220959796396985,0.13854423998674653,3.147454695028168,0.00043608696373542103,0.03289660625439222
255.47335013219754,4.791487453130488,-9.71445146547012e-17,1.9979417148194254,0.30530846305890824,3.4390323988856744,-0.0009951384894044302,0.0690612368458772,0.22134140474357739,2.697229403168845,0.0012000999726723975,0.04156668719798091
255.45161812101858,4.759077476718979,-7.979727989493313e-17,1.9978567348888947,0.32085892253456394,3.488741711379922,-0.0008792079429142917,0.07080005408186973,0.2275229564468964,2.7190253786455445,0.0013110749793817183,0.04214029164160848
255.47032820598125,4.807794971381899,7.632783294297951e-17,1.9979298982242737,0.31037568430533247,3.432170829473481,-0.000924046552661257,0.06963308269234772,0.21929610971346683,2.7142089597313515,0.0011217347207913854,0.04137623192549837
255.47771200052821,4.819662521381018,7.632783294297951e-17,1.9979587708479505,0.30546126212216357,3.3998251687878382,-0.0006530502021767155,0.06908260089264331,0.2168267373496391,2.7116798304954557,0.001032487167999713,0.04114477920455974
255.46488698698187,4.821100245536796,2.7755575615628914e-17,1.9979086213267092,0.3189314332947907,3.4167384349795964,-0.0009180063706693115,0.07058654906945455,0.2161815797233624,2.7343130851290125,0.0011096574743109829,0.041081470906948726
255.2437273839202,5.178896026567049,2.7755575615628914e-17,1.9970436250552348,0.5330275027129684,3.20145502002113,0.0007248176943662247,0.09125803728549099,0.22324511336688296,3.0789401739547233,0.0007862559948530071,0.04175505058899259
255.26733406687,5.184187216446517,-3.469446951953614e-17,1.9971359730360985,0.5087081508902365,3.2373873371871644,0.0010086061690840011,0.08914901890237285,0.223957782239749,3.070185895012677,0.000646810194578759,0.04182405779357412
255.24434337853828,5.194450502831669,1.1102230246251565e-16,1.9970460348448806,0.5337094027061138,3.3014830743162067,0.0015084012029721503,0.09130681323479589,0.22194721875564327,3.0647458338009073,0.0004718400374645528,0.041638203773788185
255.24905420036646,5.1853297501011255,1.457167719820518e-16,1.9970644636267318,0.5273905322443461,3.2351939194258157,0.000859205480583926,0.09077300717867642,0.22355526738922168,3.081868569339334,0.0006908163560919461,0.04178574277478444
255.28365277126233,4.980991719883073,-6.245004513516506e-17,1.9971998083694515,0.46220059431251564,3.3894261208686967,-0.0003436697293913659,0.0849809753842009,0.25414663442521834,2.869809475924587,0.0011718555228238247,0.04454376876826484
255.2801379371956,4.987204948601556,6.245004513516506e-17,1.9971860592515365,0.46510833750483477,3.3727198091539683,-0.00012688501662700465,0.08524847021328652,0.2547537252995557,2.8719653051911997,0.0010638008461861912,0.04459968393007323
255.3098480651403,5.001637491791213,-1.5959455978986625e-16,1.9973022745738354,0.4394875597373339,3.4072422627909376,0.0003414431001843264,0.08286661895784803,0.2506643751224019,2.857525224036073,0.0009134303450010252,0.044243429745540706
255.2741058094528,4.986766344885416,-9.71445146547012e-17,1.9971624629139964,0.4691760862106561,3.381832391181657,-0.00021901170818789577,0.08562025683746328,0.2567181043365043,2.872688571968249,0.0011074059678687757,0.04477034556658311
255.1936758983914,5.042691588000338,1.457167719820518e-16,1.9968478124064353,0.5505632850597845,3.3410029533495,0.0005190567265264683,0.09274848736865621,0.25576081654882854,3.0188134796354413,0.0009173837504935612,0.04469104816786079
255.1695667956856,5.015609477052974,1.3877787807814457e-16,1.9967534853312734,0.5697108760860634,3.382215163643453,5.174668443550185e-05,0.09434897859079022,0.26072232822840685,3.0186679494118245,0.0010603713037811015,0.04511949469999134
255.17076207950902,5.0248097034157535,6.938893903907228e-17,1.9967581619946688,0.5688068244036613,3.3362222298239965,0.0003050557440063611,0.09427361015841208,0.26043109608741466,3.0211003483984626,0.000943348457510756,0.0450968738591783
255.2156110611664,5.040016130587052,1.457167719820518e-16,1.9969336300515161,0.5292452772357964,3.4112144899350696,0.0008968232569699958,0.09093213494059774,0.2551436615978589,3.0004501570746016,0.0007385451144186067,0.04464038986553815
255.1670593336339,5.019723040448607,-8.326672684688674e-17,1.9967436746082432,0.5703095411177441,3.3793370626112638,0.00012239713139318084,0.09439847243947848,0.2626311252484555,3.0185729749183525,0.0009988981682905926,0.04528584622653026
255.43851417293632,5.021132154017663,4.5102810375396984e-17,1.9978054920217159,0.37388648040653943,3.416550558571542,0.00015774916631836446,0.07643265906373208,0.18759934665717976,2.9865871047390353,0.000797385279447926,0.038275110352229386
255.41502242302417,4.99985760379087,-1.942890293094024e-16,1.9977136244616627,0.39371165868616687,3.4058682576909476,-0.00029610923214974877,0.07843249955403687,0.1912659182896455,2.986390318529055,0.0009236923040751673,0.038644686299221624
255.4307987192039,5.003936091783521,3.469446951953614e-18,1.9977753201968336,0.3785557296645255,3.4327451075225817,-9.377439491051447e-05,0.07690854622453261,0.19064555113156267,2.9848894380405033,0.0008282617069393488,0.038584094530779794
255.4359665507511,5.014107542284081,6.591949208711867e-17,1.9977955294162328,0.37416420854716803,3.4935999010839858,0.00024163207145838595,0.07646082246805577,0.18986924070184125,2.9834871003155996,0.000672574368363414,0.03850845474311005
255.41187423716417,5.001246052874695,1.1449174941446927e-16,1.997701312748152,0.39506243409587943,3.421149206240645,-0.00020481290973455805,0.07856722334676287,0.1930633287399982,2.9851548467421,0.0008617477739554164,0.03882736981248304
255.46774891084192,4.986918049567048,-5.204170427930421e-17,1.9979198123878508,0.33967563066670914,3.427093828582647,-0.00012276985330666318,0.07285201889261855,0.19257545849141192,2.888458323071185,0.0008956631051420572,0.03877748776115136
255.4393034657238,4.969199393591109,-3.122502256758253e-17,1.9978085785810247,0.36589876265150734,3.391646966687631,-0.00047007083667197167,0.07561049662473004,0.19479777162472475,2.8994373198467556,0.000986405821600569,0.038998520412616616
255.4497701019755,4.9712252239091015,6.938893903907228e-18,1.9978495083072116,0.3534127443185644,3.416130003083725,-0.000271616158996519,0.07431016319885013,0.19681715370602382,2.890738936053085,0.0009080291880174279,0.039202161883268874
255.4541531478598,4.983921968789507,9.020562075079397e-17,1.9978666479360703,0.3530577284521853,3.4587251209818692,-1.4875732922488023e-05,0.07427332486012703,0.19278912368800866,2.899814631739553,0.0007691795327908375,0.03880171892660044
255.44154184093833,4.9678692492901035,1.214306433183765e-16,1.9978173318060541,0.35939822867741433,3.4171777620228254,-0.00038402383705046653,0.07493630527839744,0.19905993038428024,2.8874869353686425,0.0009446530465566274,0.03942414662042567
255.45354413296883,4.986531239585759,3.122502256758253e-17,1.9978642664299389,0.35073312737885576,3.3691665942449416,-0.00011280675535528181,0.07402832153933092,0.1957227396523225,2.8904489563363467,0.0008960288562475604,0.03909323516700225
255.41653953929833,4.9709400409882285,-9.367506770274758e-17,1.997719557470852,0.38157712519960446,3.3069079688129817,-0.0004777741930719376,0.07721343350132964,0.2018833355020995,2.8855431212133933,0.0010070308061060629,0.03970137840888785
255.4259070173145,4.975960322622518,0.0,1.997756190616247,0.3754368398329078,3.285747739738609,-0.000298368565445681,0.07659054509917224,0.19865614285263036,2.8953493797064977,0.0009130058170895736,0.03938486430615364
255.46418489358598,4.986289763947445,-6.245004513516506e-17,1.9979058759016355,0.3404243669541998,3.3102832305861205,-2.4166755542049008e-05,0.0729323669547842,0.1953907394598193,2.870631305871454,0.0008078083191721201,0.03906197124761262
255.42322354161197,4.972975936436076,9.020562075079397e-17,1.997745696488341,0.3761785020385483,3.3038948713747605,-0.00039426599963581985,0.0766657266884874,0.20059795634947514,2.8911968474267074,0.0009480494069815214,0.03957616373907654
255.22852656231942,3.607618172409855,2.3592239273284576e-16,1.996984158058406,0.4276196005234225,3.2929893653167195,-0.0022847640544388453,0.08170884965163823,0.3438538371572332,2.493538356822387,0.002051572364494784,0.05178946952445184
255.1686906875003,3.7151871118945112,-8.326672684688674e-17,1.99675005746643,0.40078285787652757,3.3700517648842006,-0.002982678224556408,0.0790780360462341,0.4305264546232016,2.336728716146925,0.0022761066665743005,0.05795090392035433
254.99143947647508,3.475740935300604,1.1102230246251565e-16,1.9960564225041144,0.4399258287306669,3.1063976263906365,-0.003413010345385414,0.08283835122875734,0.5686346947942442,2.181498228674023,0.0027145456891090477,0.06659646983723516
255.13757894951007,3.741003539752289,1.3877787807814457e-17,1.996628325724669,0.41824135950303376,3.385489385504052,-0.0029169914639530113,0.08078683310437493,0.4441796909869369,2.336804592432487,0.0022898881082392586,0.058863488244302924
255.14179740072117,3.7625105212800416,2.7755575615628914e-17,1.9966448318081682,0.41842210408685254,3.4786234081596294,-0.0024416841903316154,0.08082006900932315,0.43978049519205253,2.355747033310061,0.002254560413177563,0.058572195417546394
255.14556649731696,3.771386326290412,-4.163336342344337e-17,1.9966595795279118,0.41903083170768074,3.401624208828302,-0.0028669090955009205,0.08086493416599463,0.4354026709752873,2.3492659307073804,0.002249961328069692,0.05827967948622077
255.21859164485767,3.7002127187802802,-6.938893903907228e-17,1.9969452908006522,0.3811584324322411,3.4583952184285005,-0.002363384811906749,0.07713633980806074,0.40024992271006954,2.3810256472681575,0.002023170034318184,0.055882549191895815
255.19925215345597,3.7877873249738414,2.7755575615628914e-17,1.9968696289186607,0.3990821890196784,3.5144403351413556,-0.002755729820972363,0.0789180914403426,0.4016656575244115,2.4258765571940146,0.0020782025241358917,0.05597940713939494
255.19300106291007,3.5338604491238486,0.0,1.996845172167329,0.37605713013732983,3.387731489271199,-0.0028727265817573245,0.07660052284666367,0.43094180695266937,2.331720986500855,0.002242750119117681,0.05798019436601543
255.3922967308364,4.705955921389174,-1.3877787807814457e-17,1.9976247486500858,0.362349520425275,3.599140767972405,-0.00046389617194316553,0.07524291366624886,0.24535374873838167,2.7343390944170087,0.0010667603633204641,0.04376857530632971
255.37205802555405,4.6642914048182185,-8.326672684688674e-17,1.9975455956371264,0.3748603482075963,3.620669161801629,-0.001153933585716936,0.07652360013762713,0.25308162623839137,2.7361138951374286,0.0012288536912841456,0.04444873590545461
255.35304927116343,4.654708779159633,3.469446951953614e-17,1.9974712500714318,0.3899058054623223,3.586125293884795,-0.0012639520667499494,0.07804281283706875,0.25704492337423657,2.7317053748790565,0.0013009947557302932,0.04479364772494852
255.35714533186638,4.661462617369313,1.3877787807814457e-17,1.9974872705002182,0.38987872932647694,3.6117194377350637,-0.0012402877842177802,0.07804048200734362,0.25297593880716884,2.749047785300303,0.0012406372314558473,0.04443911949162508
255.31765459582786,4.625314986732397,5.551115123125783e-17,1.9973328097890473,0.4156476268467394,3.6528255091116106,-0.0009387038541722181,0.0805829572835005,0.2666977773254266,2.750361831060257,0.0012784433877427324,0.04562830226799188
255.3556119545691,4.669385373578276,1.3877787807814457e-17,1.997481273201364,0.39282167886530844,3.603925709223337,-0.0011841711397789128,0.07833541007093893,0.25156636656562426,2.7564445039082113,0.001210531778439721,0.04431587584159121
255.47581519445345,4.861204128648449,-9.71445146547012e-17,1.9979513538655878,0.32980121525248357,3.5711816173978055,-6.436421090403677e-05,0.07178537347934055,0.19438359029413424,2.8559490814427138,0.0007591126171429862,0.038962103988458036
255.44234179976633,4.8219734032988795,3.469446951953614e-18,1.9978204600567462,0.3539571838962473,3.5738111673991013,-0.0007900133084718934,0.07436367982658808,0.20370101633747106,2.85252436338219,0.0009463152667741329,0.03988130737014978
255.44279681652253,4.809370041570993,3.122502256758253e-17,1.997822239404238,0.35085854194085425,3.5574033579228224,-0.000887353608505568,0.0740363243374448,0.2063446415366617,2.8404962046588236,0.0010141117200933285,0.040137751424616945
255.42778921895876,4.815682128053458,-7.979727989493313e-17,1.997763551210761,0.36255161411081804,3.554291417717269,-0.000896579156949961,0.07525998349918006,0.20965916693037828,2.8416761654807683,0.0009752288575376,0.04045999469005163
255.4151433653367,4.7885789739071605,-2.0816681711721685e-16,1.99771409743321,0.36772618453569894,3.6398949636635414,-0.0005535282584067545,0.07579851739867634,0.21713045012762006,2.843672881989769,0.0010101660449403378,0.04117415701849501
255.43474876485624,4.824597076279894,1.3877787807814457e-16,1.9977907671853126,0.35917311000398866,3.5604844059780936,-0.0008710490429893339,0.0749087519411252,0.20607812513982945,2.850530119272979,0.000964390574828023,0.04011303159166733
255.33788990247382,3.959562181384518,-1.3877787807814457e-17,1.9974119579411138,0.3110010837995565,3.4260805353776904,-0.0021957027261571317,0.06967475026081124,0.3511090137266463,2.379293305741843,0.0018293143788176748,0.05234207464977745
255.3097912379371,3.9395733508389634,-4.163336342344337e-17,1.997302052292734,0.32569454472271553,3.416435729289757,-0.0026387015318774043,0.07128824949118963,0.36451421734026823,2.3755810300030493,0.0019486019304951721,0.05332888779533392
255.2999979707023,3.932874846978176,1.1796119636642288e-16,1.9972637453006108,0.33581838243277895,3.421157191310157,-0.0027834183109014775,0.07238380211082247,0.36418364686497245,2.3748382211616446,0.002016820861266828,0.05330213105257759
255.30870580925824,3.959608117978119,1.3877787807814457e-17,1.9972978066051292,0.336621823604684,3.4535846300514876,-0.0027073665866106135,0.07247334792866196,0.3546723671371027,2.3983554980700497,0.0019418840028285855,0.052603297945833905
255.29154175614133,3.9236405447483893,-9.71445146547012e-17,1.9972306676845588,0.34119025833646144,3.43249396320045,-0.002476374378640739,0.07297236022251179,0.36726798552225,2.3871626731620212,0.0020012097619811183,0.05352827567165908
255.3108039114985,3.9881208091690903,-5.551115123125783e-17,1.9973060133883251,0.3337061216990327,3.4550848371465928,-0.0026504748005192966,0.07216046795080529,0.35548996680251155,2.3963215600068235,0.0019226036551129517,0.05266468418997657
255.08533235751315,4.411187394024766,-4.163336342344337e-17,1.996423882367205,0.49101449688287874,3.7161426549005183,-0.0003807819556978253,0.08758970555320525,0.4236531456039415,2.7754609292044763,0.0010259073355985539,0.05752162822947172
255.07980517971242,4.411749295412139,1.249000902703301e-16,1.9964022530374501,0.49873289574985646,3.702446187244676,-0.0005262153147355094,0.0882747109512914,0.4214619245378032,2.78550973414705,0.0010364203664073857,0.0573724421501794
255.07626994335902,4.409577162224414,6.245004513516506e-17,1.9963884185861691,0.49817807055321106,3.669035342287667,-0.0007058548994751698,0.088224339732609,0.42555198608776434,2.76727493968069,0.0011031052887457687,0.05764900736380983
255.0623206922458,4.392030021865642,-1.8041124150158794e-16,1.9963338300034743,0.5032138543810197,3.676627841394143,-0.000682878139986947,0.08866933039190812,0.4344654533732417,2.761418581524161,0.0010662801090346777,0.0582505313384138
255.1742557449224,3.5851855165120563,-4.163336342344337e-17,1.9967718312352096,0.37547091002316124,3.44872653289748,-0.002740176114264281,0.07654557076653559,0.4502733450544466,2.4284317393540555,0.0019179723432293893,0.059279692056626546
255.1621977849527,3.588773458664356,1.5265566588595902e-16,1.9967246531231806,0.38308526611191407,3.4675220175166475,-0.0028565551855405467,0.07731460001494296,0.45471694893548964,2.428519281806281,0.0019544463060433615,0.0595705993187521
255.15416343922837,3.6029599780004737,-1.1102230246251565e-16,1.996693217231416,0.3892066555545176,3.461606026771155,-0.0028708153091296326,0.0779301765203968,0.45662990521711566,2.4259879934961552,0.001960995100227339,0.059695691910937765
255.13699766768192,3.599641808819399,3.469446951953614e-17,1.996626051256852,0.3973295809541387,3.450744443843616,-0.002826555637498886,0.07874189028488292,0.4656727513638679,2.4263774324588265,0.0019356195816481138,0.06028533608486692
255.0455993637825,4.87264324708392,-4.163336342344337e-17,1.9962683912888821,0.6197006298516634,3.673721114128214,0.0009535801602953819,0.09839671247714596,0.3347000063659146,3.146104682052903,0.00018322160399229337,0.05113521516115424
255.02842889135704,4.860511318873948,4.163336342344337e-17,1.9962011926224905,0.6320891922629811,3.6604772321466115,0.0006883009327664914,0.09937766283695261,0.339481916380019,3.1414991824883387,0.00024795900088611135,0.051498941620704966
255.0280138372518,4.865181816044995,0.0,1.9961995682313578,0.6369805041476138,3.680641811771088,0.0005990299445779031,0.09976202454056335,0.33500565860062975,3.1486865443172807,0.0002609614718589819,0.051158221303399753
255.0125624242384,4.861397217248104,1.1102230246251565e-16,1.996139095323451,0.6487926346738447,3.669714968081032,0.0004185328685588365,0.10068371142849651,0.33864494108778115,3.14870826063928,0.000277566476188616,0.05143526571428971
255.13715898000868,4.5213058181892585,-1.6653345369377348e-16,1.996626682447832,0.4901396945081008,3.7896422035680097,-0.00048079816485644333,0.08751115105981491,0.37270132548325263,2.8624785591777417,0.0009353327280072509,0.05395233320279884
255.1259226381303,4.510499440115806,6.938893903907228e-18,1.9965827158474516,0.4989571797569732,3.7891880981855213,-0.0006742434526404955,0.0882935520265737,0.3751201821127798,2.86027914874785,0.0009682636781995374,0.054126600560219666
255.12267282870886,4.503653866175545,-6.938893903907228e-17,1.9965699995113058,0.49994845079780204,3.7840617836602735,-0.0006363931508459476,0.08838150002954924,0.3773787204934233,2.8553082094146114,0.0009472318493984775,0.0542897228366323
255.1104842458614,4.495013056031277,-6.938893903907228e-17,1.9965223054956296,0.508403427285012,3.774028273233821,-0.0009103802838163347,0.08912336819862203,0.3811123268535854,2.851390703477939,0.0010108416466870157,0.05455656012533194
255.24035201678078,4.48888314869769,-2.7755575615628914e-17,1.997030420464896,0.4083151620490907,3.7807972308776145,-0.0009559762261966069,0.07986870799300555,0.35133282117012365,2.7596866048888353,0.0010904180446689104,0.05237937240822432
255.23699747326276,4.495954612428989,-4.85722573273506e-17,1.9970172972510105,0.415524897644276,3.794394276448949,-0.0011569901205858457,0.08056821891758982,0.34747762909304225,2.771178134775303,0.0011280732521249883,0.05209027191354671
255.23264336703699,4.49779770258728,4.85722573273506e-17,1.9970002635477926,0.4186344366461724,3.7847465200076686,-0.0011879419727632797,0.08086873231642618,0.3487221963168783,2.767819335709339,0.0011318379543833628,0.05218343704251981
255.23208460454077,4.502211308611125,5.551115123125783e-17,1.9969980776019665,0.42070393436367903,3.7881574144799774,-0.0012494773898494445,0.08106748904884584,0.3472114610955572,2.776588629943355,0.001116190272675379,0.052070564228594886
255.09678688555888,3.98284477890071,1.6653345369377348e-16,1.9964687062628497,0.4687356847644045,3.48072897569629,-0.0018967703450114039,0.08555932057176534,0.43447742967677827,2.4859367762015028,0.002070864414891568,0.05822427706657221
255.08177874236347,3.966141139846836,-6.938893903907228e-17,1.9964099761445366,0.4811303575603495,3.4869544480218577,-0.002111282668732764,0.08667874204424733,0.4370909000761939,2.492546237232871,0.0020830177426332933,0.058398918602394864
255.08555594566744,3.969103374492934,-1.1102230246251565e-16,1.996424757322713,0.4731549870627355,3.51224623362795,-0.0017829260739045034,0.08596434055740923,0.4412890672698331,2.473005081934061,0.0020012447858001373,0.05868190400245103
255.0658508803151,4.871015375023738,-1.3877787807814457e-17,1.9963476450771103,0.6225299529670151,3.4977170481241204,-0.0003997524723171235,0.09862489905227019,0.3116191667178775,2.928076884215608,0.0012320771564459806,0.04932551799894232
255.0452039227905,4.879715134980218,-1.8735013540549517e-16,1.996266843709428,0.6443627674902358,3.4796842426906514,-0.0005670424868886551,0.10033866007104639,0.31043330971925276,2.943042155988329,0.0012248857221594566,0.04923169596052234
255.0725087339782,4.901095166814075,2.7755575615628914e-17,1.9963736997286878,0.6237367437021926,3.5019739307693016,-0.00043349520753821653,0.0987203054201708,0.30375452231960076,2.9520433186935744,0.0011658563886683341,0.048700338648749474
255.09386306042722,4.604308430776584,3.469446951953614e-17,1.9964572648366845,0.5594391293154486,3.5749776304900704,-0.000808012779171685,0.09349108786885828,0.34669781025745805,2.779218716892191,0.0015192043382032277,0.05202180947271227
254.98315880513314,4.474519845884853,0.0,1.9960240119623325,0.6384954333723185,3.6133337288290885,-0.0016031030548468985,0.09986952091122706,0.3783457614945323,2.768790993876358,0.002003049175806828,0.054330599625582385
254.9849792951526,4.4765052953709565,0.0,1.9960311374041135,0.6369730808674914,3.6414612570370335,-0.0012764474026778737,0.0997550754126463,0.37804762397989805,2.773909750776755,0.0018572968065954454,0.05431433982766579
254.98833438209186,4.487086465560864,-1.3877787807814457e-17,1.9960442692285623,0.6350350133820862,3.5901835856965305,-0.0016232532996812107,0.0995981281592188,0.37663060452609703,2.7650971440213614,0.0019611491797639474,0.054208675428890955
255.17277711611857,4.536345467358424,6.938893903907228e-18,1.996766045995212,0.48374840564785127,3.5964802059248595,-0.001422951726144993,0.0869283845854318,0.3434744782335825,2.6501376588018086,0.0019102717672483606,0.051766255639896515
255.16256401559636,4.53057145478781,-5.551115123125783e-17,1.996726086057798,0.4930100942230861,3.585674784191449,-0.0018870796982473404,0.08774805782721451,0.34442589018057607,2.6424983248324896,0.0018993955062903572,0.05183839854534893
255.15205795656243,4.52306337448702,0.0,1.9966849790518504,0.49679124054069385,3.59482086963252,-0.0015764472438106682,0.08809016941484346,0.35115080289695133,2.6331741651775427,0.0018497598283226456,0.052344474743853876
255.15072919747564,4.521175995031237,-1.249000902703301e-16,1.9966797799623646,0.49740687205509554,3.5864249649559587,-0.0017882811824747125,0.08814070811080016,0.35186393046925074,2.6323361446697664,0.0019508007043685972,0.052394000929523
254.9893641168167,3.9979639368284787,-1.3877787807814457e-16,1.996048299597297,0.5309678083051945,3.4334799996954475,-0.001679204112369014,0.09106894244646561,0.47966807487811813,2.500301608203407,0.0021112816608356484,0.061179647961833825
254.8935155293491,3.879158945623813,-5.551115123125783e-17,1.9956731145521,0.5944191706902922,3.5045132219328243,-0.00216038360320822,0.0963490128891978,0.5120652999607196,2.500901332538799,0.002471246677740243,0.06320129030170887
254.91378331470236,3.9312270285482,-1.3877787807814457e-17,1.9957524556648363,0.5867795046085996,3.5538026328041994,-0.0019288977172008718,0.09573248723973458,0.4994371806891782,2.512871485776746,0.0023637884698431643,0.06242007271866992
254.91553129856595,3.9215362780680345,1.942890293094024e-16,1.9957592982471841,0.5749282755088001,3.515410878812996,-0.001364000103012858,0.09477021583041784,0.5095404259253147,2.5219461729412727,0.0022270740700063556,0.06305414116953957
254.9060631967643,4.999249770248553,1.8041124150158794e-16,1.9957222345430345,0.7722884195582919,3.3936190455998316,0.0008711973605617413,0.10984647272788171,0.3216483836773646,3.077945413602953,0.000865042848602518,0.050121150209761677
254.85907164424214,4.976650790039644,-2.0816681711721685e-17,1.9955382718558128,0.8132862551512013,3.4131955633789994,0.000589042157477689,0.11272644217784146,0.32764210060668963,3.073445115579496,0.0009280468743365289,0.05058500410189563
254.85538151576208,4.974109501369046,-5.551115123125783e-17,1.9955238250103111,0.8165485158499296,3.4371224605511177,0.0003013060809754155,0.11295344073909708,0.3280699683880337,3.080650793198466,0.0009433238099565151,0.050617751512894
254.8961225667319,4.98349116308741,6.938893903907228e-18,1.9956833203454865,0.7807949857853796,3.439977177810908,0.0006167848584411411,0.11045153339512745,0.3230824474827359,3.0535214742707195,0.0008950692011343092,0.050232265249379855
254.84784602674142,4.9756187651881225,-1.3877787807814457e-17,1.99549432326124,0.8241006585232968,3.440788115068643,0.0003176042659943112,0.11347454303480024,0.32805331473527166,3.083213572884669,0.0009509604477609111,0.050616323410497766
255.02086247440525,4.365470266890622,-2.914335439641036e-16,1.9961715798404158,0.5715371598178124,3.5645565825923335,-0.0006756268600325685,0.09449768066201054,0.4076003657770105,2.7166153621338163,0.0016220775767475282,0.05640697405434818
255.0013109951749,4.356039222357623,-3.0531133177191805e-16,1.996095058933719,0.5926672175220289,3.576053151076924,-0.0009358023323412755,0.0962265532364975,0.40602178730306826,2.7246931687719003,0.001679769249456805,0.05629585765021971
254.97995740264287,4.337530564882862,7.632783294297951e-17,1.9960114815341856,0.6057460906722741,3.5924512972974094,-0.0012022539586908384,0.09727968571173065,0.41429650668487206,2.7183178981278284,0.0017149866167595349,0.05686607318410423
254.99266680458675,4.339094704294171,-5.551115123125783e-17,1.9960612262206958,0.5974664173692814,3.617640358586674,-0.0011192838599803977,0.09661345649046932,0.40986677804392485,2.7151488247914246,0.0016763201462997655,0.05656212650029411
254.95666403852687,4.336789777601967,-1.5265566588595902e-16,1.995920307928646,0.6317035805455201,3.6409436470627496,-0.0019654837599462887,0.09933028400046554,0.41163238092761145,2.7095049030385248,0.0019841692007340154,0.05667398917122231
254.96055699539735,4.695077483655212,4.163336342344337e-17,1.9959355458163182,0.6739839486369008,3.5732499405205638,-0.00022709606394426133,0.10262040549924423,0.3654590559658124,2.891025945806505,0.0016233581230821613,0.05340892793472954
255.06421815443113,4.8000628528333795,-2.7755575615628914e-17,1.9963412555630329,0.6059038640683185,3.512094987153931,-0.00014000094806245313,0.09729968281449851,0.32987798150057024,2.8994305873071706,0.0012393491297965794,0.050750721612679336
255.02822493497794,4.786721862842223,-1.1102230246251565e-16,1.9962003944015816,0.6356036399030216,3.5291885251476782,-0.0004205542641677394,0.09965505510306841,0.33617142511900855,2.904575706875422,0.0012767858159103446,0.05123191463065327
255.04494459478929,4.789967966208913,-1.3877787807814457e-17,1.9962658288147854,0.6228616931957982,3.5419232954441884,-0.00031312614326268334,0.0986514871058858,0.332193712014924,2.894275854864753,0.0012295415681400075,0.050928887702843165
255.04900409117903,4.780108760962735,1.734723475976807e-16,1.9962817158218609,0.6123104711705261,3.536958144602114,-0.00041430629271927777,0.09781195971012585,0.33868543765045583,2.884143921190376,0.0013038407085874167,0.05142256295684625
255.37141603326933,4.832120425626302,3.469446951953614e-17,1.9975430847718487,0.38002822634430605,3.4013768658552928,-1.6194927795419676e-05,0.07705803510571818,0.24855574038645895,2.741145187469617,0.000993476023348721,0.04405513281287712
255.39061147675343,4.847231038007335,0.0,1.9976181577879875,0.36690111901331324,3.41906187349516,-0.00024216105029242286,0.07571506681373755,0.24248740423334197,2.7451161785013176,0.0010130227959980788,0.04351329257121061
255.3641815709047,4.833953083403998,-1.1102230246251565e-16,1.997514790194402,0.38466936882520175,3.3761766536170947,-0.0003088082379456916,0.07752653433093701,0.25114906027008843,2.7398992453922997,0.0010284957042302621,0.04428367904709867
255.39678285039545,4.851060834907566,-9.020562075079397e-17,1.997642293314153,0.3597804162975619,3.504637223030534,4.870978940286824e-05,0.07497710738622704,0.24343673330703128,2.7368534124387605,0.0009085548095664975,0.043600734020417545
255.37372436070348,4.85406335634007,6.938893903907228e-18,1.9975521127459959,0.3847560658240522,3.3909596105592463,-0.0003052996504898306,0.07753528435895639,0.24151957347247488,2.7711352952507227,0.0010129614311839214,0.0434263235479662
255.2160791616836,4.891354497942851,0.0,1.9969354613760821,0.5134018197048089,3.3778072551361964,0.00017666822910712698,0.08956490507572966,0.27051901861162575,2.8814306056085255,0.0009885075501777064,0.04596142606280366
255.2284249847828,4.901100517845018,1.0408340855860843e-16,1.9969837606718868,0.504555664035895,3.406054406420197,-0.00012021367901937641,0.08879002083135377,0.2670193511812551,2.8808174989898587,0.001027776849470174,0.04566215452484967
255.22011029818012,4.884927884837076,6.938893903907228e-17,1.996951232105848,0.508645736000684,3.399646368461186,-0.00019138577126034733,0.08914904933030551,0.2712439658191341,2.882493954488389,0.0010378276745698438,0.046021912136284406
255.2400314375367,4.901991089736621,-6.245004513516506e-17,1.9970291663397184,0.49306281300029725,3.4289459282650245,0.0003526350102278763,0.0877723310712391,0.2669057494630494,2.873777652427795,0.0008448741641151644,0.04565618638615017
255.21944572952165,4.881910908824118,-5.551115123125783e-17,1.9969486321695347,0.5065784494555026,3.4197647594891554,-0.0002822571536809622,0.08896745811610796,0.27397582102288115,2.878339074364372,0.0010590393973649113,0.046252724647269025
255.27471782239684,4.828437691698179,1.0408340855860843e-16,1.9971648569847584,0.4446679780529399,3.4069873898634313,-0.000210791759680304,0.0833540204423952,0.2806141995501788,2.745240218779978,0.0011411697994569664,0.046808077993809774
255.27800139609718,4.843996095934143,-2.0816681711721685e-17,1.997177701611456,0.45011511341262134,3.4102847869240476,-0.0004591748085790788,0.08386201646494898,0.27188349049019034,2.7660711725209497,0.0011462599574914765,0.04607359175888574
255.26141276439836,4.816604769605009,6.938893903907228e-18,1.997112809643893,0.455168289166797,3.4100581360086135,-0.0005546564683408068,0.08433087734888883,0.28341894643488086,2.7458893029868654,0.0011921240705942337,0.047040295058840956
255.2787337605326,4.844959592009857,1.8041124150158794e-16,1.9971805664506956,0.44672835137917116,3.4440904406840858,-4.5231840200575524e-05,0.08354716299420455,0.27453788808830953,2.7542906123796946,0.0010175072201002709,0.04630110074012239
255.27337548656385,4.829366091142697,6.938893903907228e-17,1.9971596060349208,0.4486686898441314,3.4287770943885496,-0.00058370327318904,0.08372638514413137,0.27795582359204024,2.7602209826664765,0.001188195951812574,0.04658452599515112
255.35323728190582,4.685600498868447,1.3877787807814457e-17,1.997471985418013,0.3712539057268126,3.4770860796269947,-0.0005328701626756151,0.07616139656263649,0.2755088123673348,2.639286578414355,0.001218299945393118,0.046378101964858996
255.36276261652122,4.699428343369294,4.163336342344337e-17,1.9975092405000645,0.36833590839462643,3.4953631881434006,-0.0007553858676083544,0.07585959372984445,0.26890147508425255,2.648015524282023,0.0012203656321391582,0.04581815668290919
255.35602142036285,4.690642357573436,-2.7755575615628914e-17,1.99748287469334,0.37222949117152304,3.4920902834487975,-0.0008191275877495897,0.07625886721916367,0.27174908846565726,2.6510961888624154,0.0012373234995404518,0.046059839168145524
255.35665370495545,4.703624034308174,-8.326672684688674e-17,1.9974853476658918,0.3740265541796304,3.541085773924012,-0.0006012651683829843,0.07644477345936748,0.2693197408648965,2.652625724820558,0.0011232840737832113,0.045856283194308164
255.36267689225707,4.691247448528449,-1.3877787807814457e-16,1.9975089052220811,0.3637954442323462,3.49623577975958,-0.0009219525589992616,0.0753886849574216,0.2735276635105837,2.638640100375457,0.001274366054693287,0.046209423955888916
255.52977895205117,4.9895114441038455,1.3183898417423734e-16,1.9981623547964764,0.3013048645333128,3.4368850965662587,0.00015571722287151214,0.06861387804576792,0.16891618341550482,2.880163102341636,0.000645969059984727,0.03632134918897113
255.52998220706348,4.989138740794943,2.0816681711721685e-17,1.998163149491394,0.30125519288928376,3.4350663178146505,-0.00015646136148400472,0.0686082204166339,0.16876260004716653,2.8757675423128717,0.0007060298106001615,0.03630370965583314
255.50592223416555,4.986989204568882,8.326672684688674e-17,1.9980690766109255,0.32420815760364946,3.414326475127054,-0.00016812402137115438,0.07117390109352206,0.1698696082308176,2.8994357750969466,0.0006863811855995749,0.03642300365389046
255.52097632241407,4.9944973456871375,-5.898059818321144e-17,1.9981279376050274,0.3121429706817076,3.4482395376523955,4.9430747546088446e-05,0.06983717830427341,0.16688070690429185,2.8960861496650727,0.0005954606969893109,0.036102644629557555
255.50987400920243,4.98333192524191,-5.551115123125783e-17,1.9980845280902877,0.3194773817535794,3.4193327069293167,-0.00026390257388469356,0.07065241995382165,0.17064860904399537,2.888749354620595,0.0007421987869802432,0.03650536123799926
255.16680029469921,4.733571841946468,2.42861286636753e-17,1.9967426610869703,0.4924257255378254,3.6670831759531413,-0.00011455365055393395,0.08771624045175253,0.3407739797629562,2.9598113682159486,0.0007542458702758219,0.05159193570767884
255.15274866339132,4.724703067416243,1.1796119636642288e-16,1.9966876816030816,0.4997927019903993,3.6422303121431487,-0.0003439451811192624,0.08836935368278064,0.3474586346183737,2.938137927881873,0.000837191682293566,0.05209433455802216
255.15928398613448,4.744805386488615,-4.163336342344337e-17,1.9967132523933804,0.5028176036682075,3.6482204412636485,-0.0002767860746036377,0.08863660895355062,0.33789841019737976,2.9665830032784006,0.0007323931060178579,0.05137406865341003
255.14370400175363,4.739021241165076,6.938893903907228e-17,1.996652291969586,0.5154537539089483,3.659108248695491,-0.00039483462645836494,0.08974301649958656,0.3408422443374714,2.9742921772510664,0.0007072040778326478,0.05159777026460342
255.15100617610682,4.755389370953692,-7.979727989493313e-17,1.9966808637089877,0.5182251640665411,3.6698829658360435,-0.0003999421908324717,0.08998393320356528,0.33076865982672177,2.998660399516578,0.0006779255991743403,0.050829819710267
255.2885016426335,4.826923175265248,1.734723475976807e-17,1.9972187757394402,0.4368723889879803,3.7363426953668615,-0.00020359287911978245,0.08262015267401025,0.274625968378541,3.011809555647517,0.000606718044410015,0.046315734596052115
255.2821030875362,4.82707525632968,9.71445146547012e-17,1.9971937464209006,0.4438497417551031,3.7082895526255015,-0.0005710584269770463,0.08327560331331418,0.2740471707086651,3.00228417539735,0.0007177477256467945,0.04626530405567193
255.27951557162567,4.83411220700246,1.457167719820518e-16,1.997183624709218,0.4501411773892968,3.7551472885356194,-0.0005462350370839344,0.08386392266041474,0.2703432509851051,3.020803210194865,0.0006630868964136598,0.04595233360874003
255.2643154123533,4.826825653884208,-6.938893903907228e-18,1.997124164472009,0.4615090378206128,3.753018682728745,-0.0006415994184387703,0.0849156467686217,0.27417554982608133,3.0271726687021534,0.0006400579828683911,0.046277281778371857
255.26333925704358,4.828402807106299,1.249000902703301e-16,1.9971203458708506,0.46379543725597383,3.748816386814868,-0.0007585749869830683,0.08512478059363039,0.27286530570042955,3.0275960395962787,0.0006757232967658665,0.04616604378556618
255.28175310738686,4.922720633451356,-1.0408340855860843e-17,1.9971923773895492,0.46338564973475577,3.6720440681352278,0.00013110915700640866,0.08509044357326215,0.2548612428783332,3.1131000139281446,0.0003702694794547091,0.04462024608291132
255.27158157160204,4.919074390955672,3.469446951953614e-18,1.9971525885761163,0.47362999374271225,3.6639856002969173,-5.9385196033071627e-05,0.08602595611574666,0.25478843465523315,3.1107423530128706,0.00041210413591643864,0.044613504860357804
255.26540564049287,4.927063417972584,-3.469446951953614e-18,1.9971284293036091,0.4806093797650861,3.69668643129559,-5.305561708752538e-05,0.086657479445983,0.2539849797421306,3.1215062396659707,0.00037063077913285637,0.04454346514429422
255.2468324943669,4.923454635234253,1.4224732503009818e-16,1.997055772311951,0.4972955258934915,3.6861127846072206,-0.00011695314750148058,0.08814890194464758,0.2558719797396364,3.136386097247027,0.0003326545838771024,0.04470893850947184
255.23768158505277,4.930294326630593,-1.8041124150158794e-16,1.997019973552205,0.5094067796148481,3.7040536462104123,-0.0002843297223259944,0.08921547000431598,0.2529116353324963,3.1471981272842493,0.00036558170396996936,0.04444928009600212
255.2807291132005,4.611435364703731,1.4224732503009818e-16,1.9971883717851349,0.4147724658773938,3.7740745777616715,-0.000983304137281296,0.0804975334548077,0.3044984209221352,2.8770952040268654,0.0009824256714038204,0.048764010840519956
255.2704817030205,4.604735816774426,9.367506770274758e-17,1.9971482860843597,0.4221857433616881,3.789117163418905,-0.0011281400167272144,0.0812119421029262,0.30733255361784206,2.8722549109210753,0.0010142193640253374,0.04898986562770944
255.27906410844275,4.6195401387815345,7.632783294297951e-17,1.9971818586934986,0.4232177145237288,3.7878602449271606,-0.0010901068758400463,0.08131167478555898,0.2977181770335581,2.8981170469871964,0.000951423188779309,0.048218440995023114
255.26260883926957,4.6184749168417465,4.163336342344337e-17,1.9971174885603469,0.43663027714365266,3.8046708837076513,-0.0011879301671509517,0.08258896356225538,0.30076088358683967,2.9080583397331043,0.0009409908147707245,0.048464512164146475
255.26076241581413,4.6215039391317045,9.367506770274758e-17,1.9971102655454696,0.43780296822125603,3.7967486383417928,-0.001297279242391463,0.08269817679383497,0.3014346159647159,2.900559500381044,0.0009710115459193051,0.04851819322483097
255.41997562697736,4.995980341106937,1.1102230246251565e-16,1.997732994964923,0.3798380456379849,3.730967222741608,0.0002192670874918796,0.07703844095669289,0.2001863273846459,3.1518205164004245,0.000260930771525669,0.039546018735455754
255.40804394556295,4.994688112463666,1.4224732503009818e-16,1.9976863333990702,0.39094741991394116,3.747919352988954,2.2666724696872136e-05,0.07815723205420547,0.20100863452314605,3.150613900028319,0.0003010017892260609,0.03962687667650532
255.4110426437158,4.994035338531772,-6.938893903907228e-17,1.9976980605957597,0.38964381644410406,3.727239585663198,-5.602446107373649e-06,0.07802681975161953,0.19931353984008196,3.154078707502148,0.0002853603707198564,0.0394595438323793
255.39701697265295,4.995202244826498,-8.326672684688674e-17,1.9976432089333926,0.4027039941155517,3.730759095153627,-7.296004380611689e-05,0.07932366976437426,0.20027903323153795,3.1737623201854985,0.00024103974742271115,0.0395553011233836
255.3919949394589,4.9937611783961895,-1.0408340855860843e-16,1.9976235683754449,0.4082099058603056,3.7391592624111567,-0.00022753645344152735,0.07986380911420159,0.19979515468083775,3.1733080813383854,0.0003029681729864052,0.03950706084018656
255.41106696253667,4.732908608569203,-2.0816681711721685e-17,1.9976981557006142,0.3320911977975382,3.761293372364046,-0.0009473882547282463,0.07202796277197723,0.2568418396658205,2.852700325965087,0.0008715589891100215,0.044786351239163524
255.41512531908216,4.780294294647233,3.469446951953614e-18,1.9977140268593647,0.3331137763911941,3.7716824249786103,-0.0008829789838861331,0.07213960842856317,0.25176090452668987,2.8626706271065565,0.0008301104595249735,0.04434177469655169
255.0765641338619,3.8418916242956316,9.020562075079397e-17,1.9963895698464245,0.4695055950004511,3.4625714046334437,-0.0022753428394279205,0.08562036987098988,0.45393027113765116,2.442734493939031,0.002405676214030509,0.05950246184164273
255.11091804055107,3.932825676035083,-4.85722573273506e-17,1.996524002957042,0.4564903996704256,3.4516088966544456,-0.001966420023098568,0.08443219579723814,0.43259155977853836,2.4577161039213706,0.002232096164148928,0.05809164576325775
255.1032936923518,3.9329473643113855,-4.163336342344337e-17,1.9964941682717225,0.463297319831774,3.4477315205139125,-0.002484652566569688,0.08504614702615813,0.4334089878164443,2.4511089313105154,0.0022875787063847642,0.0581444296642255
255.07265356916912,3.882665436870263,8.326672684688674e-17,1.9963742665187476,0.4767239509516512,3.4730310691103625,-0.002336831714995206,0.0862748570045488,0.4506224798793391,2.4579987523934546,0.002354051149830626,0.059286984804772444
255.07006225383154,3.9161915943724956,-1.1796119636642288e-16,1.9963641257837001,0.4907189081081722,3.5267158804662593,-0.002144907715022696,0.08753789071073295,0.4392188380603316,2.4814812428391937,0.0022774759978938025,0.05853383872107961
255.06089944722953,3.8993365521122527,3.469446951953614e-17,1.996328268061884,0.48878556514482485,3.477416274445132,-0.002308788596397796,0.08736099788008968,0.450314987625587,2.4661274075661357,0.002357938059038307,0.05926656704192202
255.2206323718519,4.665528901733693,-4.163336342344337e-17,1.996953274568583,0.47134069056221267,3.5144337667996304,-0.0012868275729604776,0.08580817190007045,0.3080269375858796,2.7003160482461075,0.001722550192246631,0.04902543493662117
255.24154747584817,4.689309871456205,2.7755575615628914e-17,1.9970350971653272,0.45750568906987316,3.5145858775050867,-0.0016866437302209434,0.08453213368089128,0.30094683508203535,2.68246676489144,0.0016674504494549017,0.04845995004204001
255.20829486154022,4.664844269551205,-2.7755575615628914e-17,1.9969050070575631,0.4843159805008494,3.52564777317889,-0.001426560949319569,0.08697932006622981,0.30738915795896776,2.708314289022998,0.001687052614905815,0.04897582720106905
255.21550882732015,4.667558555859943,1.8041124150158794e-16,1.996933230087295,0.47497778836145266,3.527597303239037,-0.0011911059475242783,0.08614005577993011,0.30951338431843034,2.692541356346241,0.001616826727231233,0.0491473212527585
255.2188493706887,4.666050269982709,1.3877787807814457e-17,1.9969462990819284,0.4737525035954268,3.5264125178536174,-0.001475903289178067,0.08602444174860734,0.3073981257158917,2.6983557007800734,0.0017052362870216891,0.048975912715954854
255.1130255754883,4.5606189955143615,4.85722573273506e-17,1.9965322498314433,0.541626075702494,3.5318314639666935,-0.0012526764396061912,0.09198553274612875,0.34534834880929066,2.7376682138890747,0.0018309433296069932,0.05191032288087169
255.13906302013902,4.620347609053058,-8.326672684688674e-17,1.9966341326566748,0.5290212730205788,3.5165844436790943,-0.001329768185997119,0.0909075855334309,0.3319157068404316,2.7390752429318583,0.001633575715676186,0.050896197206392796
255.13108779595757,4.620886766692854,1.3877787807814457e-17,1.9966029266761673,0.5339083266347037,3.5464288213839015,-0.0013263009788778814,0.0913266583719161,0.33500387740781956,2.7441472501328494,0.0015670558457852057,0.05113474482408983
255.1307479682741,4.61594873601213,-1.8735013540549517e-16,1.9966015969652742,0.533581443518794,3.5704007270858256,-0.0013170625398067873,0.09129882475282688,0.33567058820713314,2.7371090828491713,0.001569993244439741,0.051185560381621704
255.09300698333013,4.563385185722085,-6.938893903907228e-18,1.9964539148486582,0.553327253496033,3.5481609525209765,-0.0014446375570545404,0.09297123941415573,0.35366576317386167,2.7279181532810854,0.0018287001077006222,0.05253255781619518
255.29128587300417,3.370509531947624,6.938893903907228e-18,1.9972296667548501,0.3191110427687154,3.3546648822441414,-0.003574339136023037,0.07052186996245825,0.3896030842272043,2.3150436408309405,0.0024191217051223596,0.055117347048827
255.2910789379249,3.420515994156337,9.020562075079397e-17,1.997228857293294,0.3122233073872178,3.3405727321111898,-0.003481125149522723,0.06975937890791918,0.3966977546878677,2.3012917148065464,0.0023099869603988533,0.055622523933580664
255.3357959919407,5.1576926541254595,6.938893903907228e-17,1.9974037679883538,0.47544976643233366,3.3723781450472075,0.0005035631837288692,0.08618961088568161,0.1887542416270075,3.1193557121354045,0.0006245073151104471,0.03839599592827837
255.30430655778676,5.144898215617243,1.6653345369377348e-16,1.9972805987055045,0.5056793016961888,3.3285726731630625,0.00031818879464293615,0.08888834482030765,0.1900141405171043,3.1249377248460477,0.0006776787532447527,0.03852306094143192
255.27781529186728,5.149623354140575,1.6306400674181987e-16,1.997176973614363,0.530372114934667,3.3409405858144536,0.0004238467182245947,0.09103232749860692,0.19181259319810662,3.150152127514379,0.0005657102754850643,0.03870679341206681
255.32726539221576,5.153756623860423,-1.1796119636642288e-16,1.9973704017415925,0.484843847692897,3.4316526130098137,0.0004779982735654822,0.08703709920402898,0.1878907600913442,3.1272359625131467,0.0004958285548076787,0.03830992974749319
255.33876948610833,5.14948761555424,7.979727989493313e-17,1.9974153982635767,0.4729939354135208,3.4259215079531495,0.0003717738524624298,0.08596738931152259,0.18823657847821512,3.1284136109641816,0.000575525456911989,0.03834406133692025
255.1510397281247,5.0368142658563295,2.636779683484747e-16,1.996680994989422,0.5825801235219665,3.354102252885169,0.000637530772729281,0.09540654057529048,0.2663801483533982,3.0271507623995566,0.0009368688185564585,0.04560939799896223
255.15558868498928,5.030620959470629,-3.469446951953614e-17,1.9966987938101624,0.5754976741361744,3.3314809227690576,0.0006236814319270016,0.0948249027410479,0.2689136408745719,3.0191199208810504,0.0009228974282112094,0.04582615060933652
255.1252675371945,5.028504618569086,-6.938893903907228e-18,1.9965801524778974,0.6064829201583064,3.2915779107781087,0.00032902831727171875,0.09734571057750808,0.26824954264721085,3.022839899660637,0.0010310263730531678,0.04576719935225885
255.14387492306687,5.026987435947358,-1.3877787807814457e-17,1.9966529607502952,0.5894546905934361,3.3052879690866974,0.00030770728010852356,0.09596944751717708,0.26667038633972817,3.018959107466932,0.0009940041065447948,0.045633040103803056
255.15517451143415,5.036711643607807,1.3877787807814457e-17,1.9966971732691863,0.5804662792752846,3.3913286523109143,0.00064287417506592,0.09523325220988389,0.26435920929065526,3.0174136242796448,0.0008182916290484241,0.045438273750144524
255.12243489124555,5.029864985047206,-9.71445146547012e-17,1.996569068471139,0.6075496817359515,3.340117042247284,0.00028639713236952233,0.0974314207728021,0.27001542701853753,3.0329128258306346,0.0009637291333780289,0.045919132719813016
255.1417816350609,4.69831718579631,-9.020562075079397e-17,1.9966447701200698,0.5583975616342876,3.49206677463044,-0.0006244774124027942,0.09340541701902058,0.29982080330482863,2.906553741665857,0.0013345329508187634,0.04837942793814487
255.12473053879728,4.686628285358372,8.326672684688674e-17,1.9965780512338374,0.5675856032434414,3.480952329121103,-0.0007435517693174473,0.09416991123201252,0.30768385795933284,2.899160170444879,0.0013574646283231176,0.04900956467966369
255.10653292087932,4.671274568107455,-5.551115123125783e-17,1.996506843686928,0.5809789695561258,3.491289979335837,-0.0009613443028935859,0.09527262049742181,0.31248810956460416,2.884009977966442,0.0014500776693603988,0.04938836533766118
255.09169121354006,4.683811463130487,1.6653345369377348e-16,1.9964487659871373,0.5969627361456586,3.475470566757645,-0.0009597083909943104,0.09657443612095372,0.3113460503142448,2.899788312339974,0.0014238012613817313,0.04929872014614704
255.1429784004537,4.717377605244163,-4.163336342344337e-17,1.9966494528351963,0.5547936940917951,3.51820751446234,-0.0006754373683613315,0.09310314309702826,0.3022279054545932,2.893575045753907,0.0012581001140617618,0.0485754330445649
255.09312048542654,4.700906944599662,1.457167719820518e-16,1.9964543590036787,0.5989866863478008,3.517202578289928,-0.0010294048740324391,0.0967373107946965,0.30789282822570396,2.919174779191042,0.0013917283709829766,0.04902525688514761
255.13692461420808,5.242171455668395,-1.5265566588595902e-16,1.9966257654094823,0.659483049400249,3.2353125821861712,0.0011586914399839047,0.101504088986729,0.20359233639174937,3.2083259855111788,0.00044611761453017295,0.039879394518153706
255.10825033147484,5.227905972507866,-9.71445146547012e-17,1.9965135640484124,0.6839298354400924,3.2272426361232807,0.0010298952125513973,0.10336993273966374,0.2078198330850565,3.2029442090642233,0.00044274550392997677,0.040291393899885786
255.12032761756365,5.220809480882365,-1.3877787807814457e-17,1.9965608227711051,0.6722011259783387,3.2604261670953925,0.0008367590619608651,0.10248142479339253,0.20747125645799777,3.1901728617973375,0.0005369342274896917,0.04025643914597337
255.08915369038667,5.215037309486441,-1.3877787807814457e-17,1.9964388361310474,0.7013418654227297,3.227148111300764,0.0008148355468582075,0.10467952373918085,0.2095044441906164,3.197019100115165,0.0005063439641919491,0.040453641196178086
255.1297479993824,5.240211823675509,-9.71445146547012e-17,1.9965976841843602,0.6681210509759441,3.2784859796197603,0.0012060509106478433,0.10216622173057027,0.2021309496416548,3.198449637563056,0.0003000865528389376,0.03973736267212802
255.06241416987956,5.213513616911924,-5.551115123125783e-17,1.9963341958210223,0.7265204759329715,3.27029519071032,0.0005941015781639344,0.1065435567257237,0.21106535418753386,3.210180219812926,0.0005322792169925913,0.040603753009115624
255.25187629126611,5.346005110535817,-4.85722573273506e-17,1.9970755035929495,0.5822512166672087,3.2089516307047155,0.0016112898756334478,0.09536812363343329,0.16587249206666205,3.218864462040722,0.0002000979327566279,0.035997761112159514
255.2020249914695,5.333852876102707,6.938893903907228e-17,1.996880477267408,0.6276773034350506,3.203786050646989,0.0014286861565567877,0.09902230416445948,0.1702977050954581,3.233556793809104,0.00024045721587083642,0.03647455279212621
255.20364116408336,5.328259681084852,4.163336342344337e-17,1.9968868002940985,0.6253045839376417,3.165665017090002,0.0013751570087954467,0.09883568721482545,0.17105425197902496,3.213968227155923,0.0002676068326726876,0.03655529688252087
255.1637446394965,5.319391590335849,6.938893903907228e-18,1.9967307054262808,0.663355081704406,3.141930833380499,0.0013465186934116242,0.1017993616828693,0.17290027879906603,3.2324465291999007,0.00023118518478490772,0.036752278589606384
255.23267793629145,5.329869227965964,-3.469446951953614e-17,1.9970003987867788,0.6004035609574103,3.250933092310885,0.0013358429608160585,0.09684792802917144,0.16691850275112877,3.2228330287820155,0.0001457760166509365,0.03611134935302422
255.16360703005515,5.320875990868796,-5.551115123125783e-17,1.996730167009206,0.6628315783389296,3.2154031163908243,0.000994265539200818,0.1017632293492268,0.1735613916059681,3.2383474446563674,0.00032844000998148736,0.03682173949016354
255.22247864062817,4.591492184339042,4.163336342344337e-17,1.9969604975461621,0.474292395048051,3.70658202241128,-0.0008223025746255303,0.08608218451631883,0.30322896432386554,2.854900158412491,0.0013586111031832547,0.048653164949985596
255.17629114825692,4.492073106177523,1.1102230246251565e-16,1.996779794867605,0.507054945350149,3.738473681548545,-0.0009829586345621566,0.08900431064515255,0.316653906392888,2.886543982639429,0.0014675268994266692,0.04971624491545894
255.24680320238434,4.731725079573682,-1.3877787807814457e-17,1.9970556577214504,0.48686275695471687,3.3492310563235557,-0.0007434498426819708,0.08721627061362384,0.2663340406610101,2.9075071794274177,0.001180787384016884,0.045599785458024775
255.24679565561047,4.5910178919723394,-1.3877787807814457e-17,1.997055628198402,0.45718982676411457,3.4170347503602025,-0.0008829376346003006,0.08451515523456546,0.29601451762538167,2.7784766191459935,0.0013261549483542725,0.048071350428308644
255.1272254275828,5.249990760173217,-6.938893903907228e-18,1.9965878135724413,0.635553870374065,3.184947982826384,0.0019330360230782745,0.09963329060273102,0.23722070204315412,3.1285822640306886,0.00038444945032908243,0.043048100229072635
255.11198886308358,5.228594167430156,4.163336342344337e-17,1.9965281931356944,0.6454865610995375,3.163049543805611,0.0018931930258323762,0.10040987669222193,0.24252457581688763,3.123126164169541,0.00041304019946175076,0.043526459152601234
255.0828450576841,5.214881959815664,1.3183898417423734e-16,1.9964141489245948,0.6721341583224685,3.137699626098733,0.0014648872142958343,0.10246926529080787,0.24502078399345034,3.1258583987520234,0.0005377033424764775,0.0437485514053245
255.06343795779324,5.195023077097192,-1.5265566588595902e-16,1.9963382023320897,0.681232576847444,3.180778873443479,0.0018432740743870714,0.10315455081540514,0.25532946535936635,3.128764273433556,0.0005298782377453137,0.044659609012766936
255.11063788912486,5.226836739494335,-1.457167719820518e-16,1.996522906709957,0.6505688520219928,3.2531576286485024,0.0017387230314343852,0.10080731697185277,0.23879325885313352,3.114403743519637,0.00035903434544218077,0.0431907794457208
255.10579927903555,5.239487468177222,-6.938893903907228e-17,1.9965039728823308,0.6566361669141487,3.152809656871992,0.0017059592510273594,0.10127699546820793,0.2375645540503426,3.1397365551089114,0.0003699562280304045,0.043079417485704735
255.14846910542778,3.9839468386577113,-7.632783294297951e-17,1.9966709367775926,0.45558251228861407,3.46870378438876,-0.0019266366518495273,0.08434906535179476,0.39594838228362256,2.544617964876385,0.001951715321772812,0.05558360859006509
255.12600328366378,3.9972037270909224,7.632783294297951e-17,1.9965830314082222,0.47168117941746496,3.4525789480730826,-0.0019389000362093527,0.08582691358220612,0.4023155369188288,2.5495092641472508,0.001970065667848041,0.05602864422277874
255.08060251178094,3.945001193095666,1.942890293094024e-16,1.9964053732262337,0.48581444522453265,3.4454873395575802,-0.0022578822095393166,0.08709622652308863,0.43358304299457173,2.496194843298504,0.002133418161676806,0.05816198114182941
255.1058333446864,3.996516496981644,2.7755575615628914e-17,1.9965041061842885,0.48139873090441965,3.5067574816912606,-0.001965518648258343,0.08670635447777116,0.41276792440914156,2.5514292227075908,0.0020450563284341496,0.056750041004918664
255.12680022759923,4.091466303488616,-1.5265566588595902e-16,1.996586149795755,0.4817877212540165,3.5028530230281714,-0.0017389628743122573,0.08674623422786588,0.39141205114676225,2.5765650942442697,0.0018150790150275658,0.0552685456453604
255.12801049507382,4.119641221872912,5.551115123125783e-17,1.996590885480931,0.4799579320682358,3.487871019481811,-0.0018088194239988145,0.08657985251117924,0.3920315728580197,2.586570114015615,0.001862438768913812,0.05531074022995286
255.06559803644993,5.0777048255011685,1.3877787807814457e-17,1.9963466555985536,0.6691409741387564,3.2722549494318343,0.0011772716926170797,0.10224451942417173,0.26526098941131504,3.1267680922134797,0.0006165619434126385,0.045518911796591024
255.01653578256787,5.064021043158582,-1.3183898417423734e-16,1.9961546462142212,0.7170181810817026,3.2959559459118997,0.0007873979591209146,0.10584322880494329,0.2664460363504938,3.139207724023553,0.0007445773732151256,0.045618584628674415
255.0062194056374,5.044402818561579,-2.0816681711721685e-17,1.9961142698285297,0.7169668611426236,3.2898086641380653,0.0010815728558451372,0.10583684332741124,0.27681373321993813,3.131843679271146,0.0007356192750203429,0.04649802313069863
255.03208567427757,5.089852695291455,1.6653345369377348e-16,1.996215504062772,0.7086860978385348,3.2724877041999125,0.0012737161337822381,0.10522166091607588,0.2592282278839695,3.1363466403348452,0.0004907284048333572,0.0449997746213934
255.03460331193153,5.099122387832594,3.469446951953614e-17,1.9962253572051754,0.706363356889222,3.2958953045334227,0.0011437888709908877,0.10505055544076237,0.2590333311792482,3.162716790227547,0.0005310023091129341,0.044982395849772094
255.19096686519114,4.811347035386202,-1.942890293094024e-16,1.9968372135125616,0.5331943982412555,3.4364368552649642,0.0001561655909268697,0.09127506825430386,0.27583873656762503,2.9589820963888416,0.0010300422105949322,0.04641044217069003
255.18503905863167,4.791731710334341,4.163336342344337e-17,1.9968140212075636,0.5324791543633765,3.4518908346513606,3.0074749539039502e-05,0.09121395662088777,0.2824817870049607,2.947656247606269,0.0010762970089538547,0.046965205692350284
255.17789287000218,4.791869411152322,-1.0408340855860843e-16,1.9967860616735544,0.5413977391806051,3.449705392292387,-0.0002183214586189996,0.09197440954111996,0.2807093908171995,2.956847623140145,0.001151486936629034,0.04681576864256469
255.13994318171382,4.767745396090753,1.5265566588595902e-16,1.9966375765807571,0.5683494080490701,3.4521235380502646,-3.301254933778903e-05,0.09423618419130896,0.291707410237099,2.959749044939217,0.0011619738458504751,0.04772435394281305
255.16960849840424,4.810814902656336,2.7755575615628914e-17,1.996753648497372,0.5542480846806153,3.4918024126202427,-5.302587437127585e-06,0.09305979956467335,0.2761434169151705,2.97776306127074,0.0009660401347203494,0.04643745483021092
255.17349976929526,4.835753604560788,4.85722573273506e-17,1.9967688734290803,0.5549650343765102,3.4322806177992553,4.105722261908435e-05,0.09311996013979734,0.2715351963282152,2.9897527629234784,0.0009918765196422657,0.04604763731489341
255.2882964841326,5.18727039610104,-7.632783294297951e-17,1.9972179732228958,0.5239175212664491,3.2549887401751816,0.0011447249002764122,0.09047044199455948,0.18778599460100653,3.1832956694968986,0.0004248553199126965,0.03830009896563591
255.27751209038553,5.178040351555634,1.1102230246251565e-16,1.9971757875590905,0.5312342284409124,3.2753797096651134,0.0011040939088597461,0.09110058065692926,0.1912536811736656,3.1776934608844836,0.00042607136935766737,0.038652138975190965
255.246021647505,5.169481316578829,-2.0816681711721685e-17,1.9970526002692732,0.5610315444843007,3.2383918729160324,0.0007609455927332456,0.093624456443667,0.192946808010794,3.1838447288021494,0.0005360844153866958,0.038821508871808526
255.2412219889723,5.1577074804936185,9.71445146547012e-17,1.9970338238441763,0.5599654997443758,3.2616374935529264,0.0009723976611514503,0.09353349868520079,0.19881251128339433,3.1800559302440714,0.0005401356103408497,0.03940724550033864
255.22983708132028,5.17795778930514,1.3877787807814457e-16,1.9969892849977013,0.5776486987514783,3.2715513744004454,0.00103938452867412,0.09499831892088093,0.19251421992825762,3.1974225413499644,0.0003353385762163651,0.03878021262485308
255.2753421113394,5.1885559279205085,-7.632783294297951e-17,1.9971672990737852,0.5361670602074089,3.2683583995389576,0.0010518656342125535,0.09152324237278925,0.188490828453254,3.1951578513708103,0.0003723501417346784,0.03837246346878184
255.16052385336891,3.7131693938167825,2.7755575615628914e-17,1.9967181035912127,0.40763815207385984,3.373805022163623,-0.0025241003688988954,0.07976825837061872,0.4318379945572831,2.3941111925066556,0.0022259645754951585,0.058041187222414865
255.16369043283987,3.7277900958704624,5.551115123125783e-17,1.9967304933348224,0.4082575906978141,3.3773766955178606,-0.002518973041485853,0.07982906506698931,0.42805197646233684,2.4082477542504606,0.002206152018319552,0.05778658113597024
255.14309765342054,3.7198242561782617,-8.326672684688674e-17,1.996649919448749,0.427076557277699,3.395497408698334,-0.002729220331434726,0.08164326404454032,0.42982578930174004,2.4099973938154875,0.0022804882438560545,0.05790348307562748
255.1364083888094,3.69450847475202,8.326672684688674e-17,1.9966237454951663,0.4268083982286977,3.3671298716261893,-0.002606496552032504,0.08162161109686358,0.43678321296199096,2.4058054272403755,0.0022806351196977795,0.058370947865495175
255.15830986590782,3.772245207364003,2.7755575615628914e-17,1.9967094409690183,0.4201005264484481,3.4010042556319013,-0.0025073081822541126,0.08098014652639376,0.42158960764373726,2.4244194230654426,0.0021566352111074927,0.057349958450577006
254.9689955526117,4.765360322315319,3.469446951953614e-17,1.9959685757820833,0.648359701042415,3.4932969364041404,0.0007444847599538968,0.1006482293497006,0.3826447463459273,3.0717509889268806,0.00043150434856942656,0.05467381352004562
255.01561669859504,4.77346972032334,-9.71445146547012e-17,1.9961510491231738,0.6184945011360613,3.5049893910696253,0.0005860682006493122,0.09830377970513213,0.36588880026890835,3.0596928092615503,0.0003835341115097587,0.05346362458425499
255.02139084654485,3.8537452387113182,2.7755575615628914e-17,1.9961736477514334,0.5149520107149564,3.613964441974888,-0.0025404008192341353,0.08966421544350248,0.4636571427402436,2.650954498048021,0.0018890925069598003,0.06015606999429319
255.0071905575782,3.853964027669217,-1.3877787807814457e-17,1.9961180707719068,0.5273805664358459,3.630505474036836,-0.002676374387079542,0.09073675314171362,0.4654288759860482,2.6532006646335784,0.0019193363637800209,0.06027005260959768
254.99074393817656,3.885922363801577,1.1102230246251565e-16,1.9960537001879506,0.5497714322262017,3.6762943523560323,-0.002815133761427241,0.09264045363899982,0.4594846295973607,2.6838176035160304,0.0018331173796523957,0.05988625342598913
254.97570518030392,5.1718539973993565,-4.85722573273506e-17,1.9959948380299606,0.767023733169354,3.5128487165459337,0.0011159991541097704,0.10946917546350289,0.2572710865267528,3.2533290825094126,-0.00021029290263232213,0.044831753706333625
255.1166678038314,5.168600402249075,8.326672684688674e-17,1.9965465019465152,0.6527581048464718,3.4031028654314115,0.0013988122610987409,0.10098212075651967,0.23057409132215267,3.188224320942438,-0.0003578794096441944,0.04244092377390566
255.0905549633824,5.169749428798422,1.3877787807814457e-16,1.9964443196099535,0.6757533372326262,3.414811132631445,0.0011382623301417895,0.10274896716331296,0.2336916993849943,3.1763953964076173,-0.00030278760130579585,0.0427273299085464
255.2554279476797,5.164143054176609,-1.6653345369377348e-16,1.997089397518923,0.5108961188482533,3.36958927076851,0.0020281500963128347,0.08932322466296648,0.23367593347211474,3.130695665979152,-7.744611837547468e-05,0.042726891208577825
255.21412549507622,5.157902532346392,4.85722573273506e-17,1.996927818139796,0.5647413029564317,3.5155107005672814,0.0011723727597550138,0.0939292733965638,0.22113320196739594,3.231830015685663,-0.00025200719052045537,0.041563681655337116
255.30728443337614,4.880262353345477,-1.214306433183765e-16,1.9972922468360763,0.4335187947284316,3.6913472948023545,-6.668537875426615e-05,0.08230265318136472,0.25919677189549584,3.0623618618450896,0.0005020550690909323,0.04499691901831903
255.29512078115926,4.906995357403748,1.249000902703301e-16,1.997244667587227,0.44237239793092487,3.679360740131758,-0.00017050495197345203,0.0831386771949858,0.2625068209098321,3.0543876279344566,0.0005030991440603052,0.045283346051383046
255.09508071086182,4.897811787632883,-6.938893903907228e-17,1.9964620297183755,0.5821998838435691,3.5460155719062363,0.0007511080409604884,0.09537457219703045,0.3227194052947019,3.114784270141125,0.00011350181706138731,0.05021187579848398
255.08918051444368,4.893177046791693,-5.551115123125783e-17,1.9964389410994223,0.5834856638791444,3.5326942171831686,0.000871469708005169,0.09547881460648565,0.3273338216771975,3.107972655604281,0.00011642945782702383,0.05056957510237213
255.0912961245001,3.4831562065614037,4.163336342344337e-17,1.9964472199247627,0.42660848956453157,3.3776449733249034,-0.003327429810022478,0.0815762579449755,0.4820953859353447,2.4750960924928274,0.0021142723185546774,0.061334330151904926
255.0442668772019,3.473629902074512,-9.71445146547012e-17,1.996263176526652,0.4563624946485139,3.43384031228631,-0.003113269853854094,0.08438584910813016,0.4993706281495913,2.4814807733921738,0.002264058924678886,0.06241960484979269
255.03190154050952,3.500594810039372,-9.71445146547012e-17,1.9962147834264883,0.4667092494009424,3.4319824094442732,-0.0030293070701966312,0.08534140449139667,0.5013892100895767,2.495423877851666,0.002214815783941896,0.06254756426007346
255.09398547086755,3.665769785871798,0.0,1.99645774385092,0.4340488020790002,3.5290930605882704,-0.001833285177568859,0.08233256705546163,0.4719657270534964,2.540531542500865,0.0016257535756661263,0.060700816863668725
255.03461752946248,3.5869808022908405,6.938893903907228e-17,1.9962254128474197,0.4632012054397838,3.472955095910134,-0.002405833470003441,0.08503958372611682,0.5021812650976935,2.5254864408266533,0.001948163927620533,0.06260587664817775
255.1791131163128,5.054461556095738,-1.1102230246251565e-16,1.9967908359270852,0.5706546352067285,3.533745775227847,0.0008584381824348188,0.0944232056170096,0.25023224848050685,3.2135639326561583,-7.348010465565362e-05,0.04421463606011226
255.16286043894507,5.056454863544943,1.6653345369377348e-16,1.9967272458597134,0.5855997909705832,3.5554609025407293,0.0008164501775389723,0.09565213088595026,0.25153977008435,3.218789048643374,-0.00012260471248272766,0.044329893095612825
255.15959308745363,5.0579026117316905,1.3877787807814457e-16,1.9967144618075623,0.5823960632917793,3.534529239928645,0.0009320960442235969,0.09538904384623212,0.25801084925465423,3.207063901731111,-0.00018510465177752058,0.04489627485738518
255.16204372738235,5.061660908555009,0.0,1.9967240503485577,0.5821771113453962,3.5520473273202384,0.0010252946531018633,0.09537015327473337,0.2557791612722987,3.2127297438346316,-0.00021717274927449104,0.044701538378861254
255.27241864059522,5.137944851252204,-3.469446951953614e-17,1.9971558630360577,0.5115329622455214,3.56870349753414,0.0017827670870419672,0.08938413884241225,0.21604839715922688,3.2371333864231904,-0.0004937134122473873,0.041080827034920164
255.25025629610946,5.132431744334502,-5.551115123125783e-17,1.9970691662100013,0.5309200231443725,3.5514819488103497,0.001335606599102712,0.09107053045109188,0.21882368074619546,3.24198307215553,-0.00041869194628714316,0.04134470586282803
255.2457305919443,5.1375329101165494,5.551115123125783e-17,1.9970514616551898,0.5352376460730774,3.5441944829790057,0.0013979589850398107,0.09143923627506949,0.21903176198268148,3.2404832874728267,-0.000419119756800464,0.04136435638468412
255.15304796560417,5.104441692095527,-1.457167719820518e-16,1.9966888526915167,0.593729687097921,3.2978091469241484,0.001186262087303176,0.0963100157988007,0.253222347297969,3.074316391862663,0.0007110087582052718,0.04447239654899585
255.15760564322736,5.096638829908648,1.457167719820518e-16,1.996706685563863,0.5889114452071055,3.314444230157217,0.0009171493896446854,0.09592132280342101,0.25348291156569913,3.074948643045765,0.0007556766950745147,0.04449454123080207
255.14154167395196,5.090875244491031,1.734723475976807e-16,1.996643831196616,0.6038229423896675,3.272582464436264,0.0007400219747306686,0.09712973716795217,0.25463538365835625,3.068882735334589,0.0008285451014711534,0.04459430959041452
255.13065513392962,5.099294247853056,1.1796119636642288e-16,1.9966012337138457,0.6179853673633939,3.2827822881788267,0.0009903579872044873,0.0982600659276708,0.25135949870706453,3.0873503912511437,0.0006991831272190296,0.04430865859630095
255.13931556057292,5.112680842040016,-1.6653345369377348e-16,1.9966351208054895,0.6111063814116833,3.3598727996007685,0.0012117435640263746,0.09770910339928718,0.2495780580154269,3.075295002982922,0.0006013573693938071,0.04415276828874719
255.12978964432716,5.111102063423694,-5.551115123125783e-17,1.9965978471371273,0.6187434639585142,3.2785573889478457,0.0009046256348918579,0.09832114867520864,0.2514668917144018,3.0932382694665868,0.0007092472985135588,0.04431796542925132
255.11200207054532,3.8599042260776475,-2.7755575615628914e-17,1.9965282448170552,0.47115291497306255,3.5095365450189107,-0.002189581401009384,0.08577278140379066,0.4168450144816521,2.5187979776679166,0.0020934452173914236,0.05702823127854911
255.10424766797206,3.885216951391537,-5.551115123125783e-17,1.9964979012791533,0.4831619286592054,3.5249474885527836,-0.002240855610067608,0.08685841180585167,0.4125904033687378,2.539394970078751,0.0020805366925982045,0.05673653050186464
255.0808750170914,3.9234540122326074,4.163336342344337e-17,1.9964064396164556,0.5118527991695642,3.5451297388191345,-0.002289082205406143,0.08940055978393721,0.40727218373905266,2.5672042262638977,0.0020901011087218666,0.05636883370105035
255.09906613331336,3.9501292947005995,-6.938893903907228e-17,1.9964776253023777,0.4895254291082755,3.538104614818282,-0.002096432713833032,0.08743248709543366,0.4114084375783328,2.551521077072755,0.002015283180377014,0.0566574536339537
255.0992344003935,3.9867431681341974,-2.7755575615628914e-17,1.99647828375521,0.4943166486291144,3.525507162108144,-0.0017807560415187612,0.08786652686177204,0.40644895097746103,2.565620378404983,0.00189207595258702,0.05631875778194203
255.09506044284132,4.017260966748902,1.5265566588595902e-16,1.9964619504061167,0.5027247746924859,3.5544856709458346,-0.002019168556938179,0.08860585512768762,0.4022147824662776,2.5914569046499345,0.001964069109649231,0.05602182985721115
255.16241661098883,4.9319164654895005,-9.71445146547012e-17,1.9967255093143625,0.5782622642771271,3.3862473126220713,0.00018527079297230627,0.09505426636434254,0.25932112473407887,3.034782907047645,0.000996767762969843,0.04499947489706624
255.13736938775332,4.922940067344555,-1.3877787807814457e-17,1.9966275057415306,0.599094027107042,3.3934743695418392,3.772836106120036e-05,0.0967514483101845,0.26353658513962985,3.038863456858719,0.000997660816891159,0.045363909050012426
255.1187180253844,4.923291602787889,-6.938893903907228e-17,1.9965545244612357,0.6178405871415034,3.39619473327203,-0.00015278419342426314,0.0982534265615008,0.2634413874740458,3.0442444123864205,0.0010585669343252148,0.045354330285944426
255.10261633327872,4.929880857929134,-5.551115123125783e-17,1.99649151768984,0.6359666485318272,3.3434328203973025,2.762071378200259e-05,0.09968439256175446,0.26141701818941593,3.055665756639514,0.000980264407551226,0.04518140697561443
255.14855257105486,4.945381537227341,4.163336342344337e-17,1.9966712633587764,0.5914478399649625,3.4022036500293518,0.00039250943668350064,0.09613125628948503,0.2599995889802373,3.037328305485166,0.0008397830782872178,0.04506153074729626
255.106492530529,4.942886814811463,1.5959455978986625e-16,1.9965066856360676,0.6307102721653706,3.380672416940518,0.00014536262822799004,0.0992714806593023,0.2627971973056556,3.067059510553524,0.000915690252171364,0.04530192728033226
255.32701929486993,5.178257342609491,-1.0408340855860843e-16,1.9973694391579997,0.4997545096352064,3.2825830503437534,0.0008799013108822303,0.08836226562698134,0.1732261954948685,3.1912062098112925,0.0004471886543007739,0.03678491096375149
255.28120413613004,5.156241915133159,0.0,1.9971902299548312,0.539917056877879,3.3394134121454897,0.00041221631781484906,0.09184788561215869,0.1788788069922097,3.201888655744081,0.0006127919108358731,0.03737800376826794
255.26066821004164,5.143117406291971,1.1796119636642288e-16,1.9971098970216687,0.5568244740516639,3.315656430954448,0.00021969094832883628,0.09327558170788575,0.18250731590673627,3.190043867344171,0.0007101181784516604,0.03775359767881743
255.22081902185124,5.119951870201181,0.0,1.99695400478239,0.5903917958903255,3.3787978786725583,0.00013420010207473637,0.09604610247750264,0.18878918225853902,3.220649394136843,0.0007290773002328751,0.038397707388399135
255.2346968752829,5.113142265715747,1.5959455978986625e-16,1.9970082970975096,0.573937356005475,3.343500077295989,0.0007399534994750184,0.09469542574171237,0.1913657687116892,3.19246819259779,0.0007129244175449585,0.03865923960497594
255.23578209230783,5.113223843541263,1.6653345369377348e-16,1.9970125425726073,0.57120106694986,3.314981756604455,0.0004507256434153886,0.09447123116317438,0.19301684074235628,3.174024883492928,0.000851820736667602,0.038822911659640386
255.118809939794,4.476715700362084,-2.7755575615628914e-17,1.9965548841214662,0.5364084990243893,3.4992514572517797,-0.0009968905722534949,0.09154446464119517,0.34478156118162406,2.7598425939609834,0.0018364602272148947,0.0518674595538021
255.1050283486059,4.45554015539883,-1.6653345369377348e-16,1.9965009561597928,0.5435583889050455,3.4821932383971577,-0.0012592951716175094,0.09214941129661151,0.35141326248906457,2.738333197860131,0.001904295122843341,0.05236210245283254
255.09599972907978,4.455214181505534,8.326672684688674e-17,1.9964656259918105,0.552076372372468,3.4907958168242286,-0.0013305576487727465,0.09286777123772867,0.3519238985478204,2.738881476265919,0.0019179048740825472,0.052399686051529136
255.09477324767994,4.466331220886882,-4.85722573273506e-17,1.996460826561593,0.5563927288691786,3.4801500271038437,-0.0013184716195267661,0.09323034924942315,0.3488340234509326,2.7489398217684986,0.001869500853461293,0.05217059300764482
255.11394642837865,4.467017276980384,-6.938893903907228e-17,1.9965358531575175,0.5376512585186665,3.4466353724922514,-0.0010710520062930636,0.09164962499625397,0.3484023131026799,2.737575077204736,0.001788236497362862,0.05214110932214797
255.08539302283958,4.476072337100485,1.3877787807814457e-16,1.9964241197656045,0.5645122378216398,3.4776512674874693,-0.0013453179335419854,0.09390790081575039,0.35009473933883556,2.7509434086736544,0.001884130433978075,0.05226437796044654
255.67898273660728,3.0784435775501766,-4.85722573273506e-17,1.9987456329557018,0.15268064738705195,3.123970730932059,-0.004125721530929536,0.04866840389073707,0.1683366160056546,2.6229629871644153,0.0008595431168961784,0.036254530726164046
255.64924834569823,3.089221843659904,3.469446951953614e-17,1.998629406718898,0.1485174502990277,3.4344453776860844,-0.00415788979193721,0.04799267770608775,0.20223420400280095,2.5318062541277895,0.0012146184388026765,0.03973008206409852
255.53903264213784,3.1047612287075648,-3.8163916471489756e-17,1.9981985349392597,0.17854292769861316,3.1854380552310335,-0.003988975575553803,0.05266708003248772,0.2824244301635853,2.4181031429096493,0.0015461517025901692,0.04694731382694422
255.51572476606168,3.13843302398869,-3.469446951953614e-18,1.9981074043878906,0.19992911580696032,3.313596917285752,-0.00381772622373838,0.05576125358135643,0.28434611813146804,2.445153480234063,0.0015751697048781836,0.04710597508069362
254.94243409508715,4.570396152184401,3.469446951953614e-17,1.995864607816807,0.6394401554070002,3.6933597705643475,-0.0003661308730180512,0.09995558201730506,0.4181257495058629,2.940410723078871,0.0008014788039029777,0.05714862246582544
254.87512631114893,4.522200836989849,-6.938893903907228e-17,1.9956011246267882,0.6811883150666282,3.681080055263541,-0.0007663538856202152,0.10316482018904537,0.44368537378447903,2.89828939917101,0.0010340009997574803,0.058866143279679393
254.92512819837958,4.574731333025991,-9.020562075079397e-17,1.9957968654398874,0.6611019063756595,3.7144501733520823,-0.000649898895713776,0.10163313887972283,0.4137698952447876,2.95874479151629,0.0007991558997022499,0.056850142096989305
254.9418454336533,4.325440624391742,-6.938893903907228e-18,1.9958623035923178,0.6249698008992766,3.7591347028765814,-0.0007889068115566173,0.09881564028580636,0.4331847654474924,2.8902600578371844,0.0010234786538066854,0.05816535456355214
254.86588349080688,4.253478974339315,0.0,1.995564939946545,0.6727810318550256,3.726784936680228,-0.0011987284266840805,0.10252203018324321,0.4613354773381606,2.8610544277117693,0.0012608812743016857,0.060021609401252285
254.91886147559197,4.323601073704559,-2.0816681711721685e-17,1.9957723343498186,0.6458513917546753,3.7532421424748073,-0.0010700098127480362,0.10045040107021687,0.43528713265339897,2.897144313203072,0.0010412190730574396,0.05830605960529815
254.9298959418868,4.345981524146719,1.3877787807814457e-17,1.995815528572714,0.6418428265466911,3.7603627263738613,-0.001002245138128288,0.10013885194805834,0.42826123156656626,2.9077712532266204,0.0009954948134062857,0.05783424471444474
255.08443917522794,4.3991976213601784,-9.71445146547012e-17,1.9964203871211434,0.53058680714356,3.55601075615719,-0.0007093199982422071,0.0910489743311709,0.3849740176285137,2.6841564961044986,0.001515554608518447,0.054820731543380206
255.0844518282617,4.390450701378274,1.3877787807814457e-17,1.9964204366356775,0.5319102959325063,3.542920854893698,-0.0008914725078171992,0.09116086688219467,0.38363787580572595,2.6914011622420846,0.0015574621208728767,0.054724265335171746
255.09537791671437,4.410990933951327,2.0816681711721685e-17,1.9964631927357595,0.5247504298929011,3.5653079622780925,-0.0008367365928398695,0.09054570856175781,0.379871653392742,2.6997164925416812,0.001476180942750344,0.05445703060170521
255.08263000797047,4.405853164767564,4.163336342344337e-17,1.9964133073776429,0.5337261978630627,3.553747820023679,-0.0009418328975538252,0.09131585181338145,0.38364379416652417,2.702705056529709,0.0015343979858060861,0.05472533932966633
254.995353758871,3.7710866854763294,9.71445146547012e-17,1.9960717428194708,0.5261479638293673,3.523708473185815,-0.0020343563396302148,0.09064724667146415,0.47849827729966066,2.48477927899426,0.0021135914939334516,0.06110483223445074
254.97865046998322,3.7802501260460124,1.249000902703301e-16,1.996006366120481,0.5411296975909181,3.5359448667469104,-0.0022202739634013427,0.09192508856882074,0.4802198324259113,2.493191474674974,0.0021531225000246427,0.061213409513989014
254.9641829363049,3.782858664029009,1.3877787807814457e-17,1.9959497384402654,0.5506692380458396,3.5556394759299765,-0.002198680227222184,0.0927328024472714,0.48514782564924197,2.492690024042716,0.0021180669204024505,0.06152829577036406
254.99306313524522,3.8177122263758343,0.0,1.9960627774416833,0.5328362180029698,3.5543443088357556,-0.0019607260126868024,0.09122346989563364,0.47410064675188307,2.4982801289698964,0.0020059891498800894,0.06082669899213379
254.94662551483196,3.78090198297694,-2.7755575615628914e-17,1.995881014406733,0.5720068048540152,3.587929664620256,-0.002787474914840511,0.09449781113572485,0.481367680314046,2.5012431890426883,0.0023179417015026897,0.061280601732701015
254.8156950094123,4.782157712489326,1.1102230246251565e-16,1.995368445806956,0.8123740405093773,3.509884828202153,0.00031072714403205994,0.11266431480997426,0.37193095007836063,3.0069257748747686,0.0012964443931262463,0.05388905064503108
254.6649917105226,4.855692664264966,2.0816681711721685e-17,1.994778307350698,0.981336621877371,3.7773747434391476,0.00019174471764039046,0.12382789649669891,0.35367166760009044,3.144601905127957,0.0012555471596224497,0.05254981926187444
254.83521246983508,4.830081492087626,1.457167719820518e-16,1.9954448613883504,0.811454211261476,3.6356557914808407,0.0004834821627982761,0.1125999036232217,0.35333331890348135,3.0383645252790954,0.0008138813659873763,0.05253336226680667
255.09364928387023,4.006980999443004,1.1102230246251565e-16,1.9964564282900021,0.4924446241012979,3.6029134081566214,-0.0019126419595182041,0.08769714392337684,0.413906092028426,2.552083910573209,0.0019148371570294554,0.05683286674657664
255.0298509383535,3.946410448124814,-1.3877787807814457e-17,1.9962067580568335,0.5368188832188644,3.7195841034292925,-0.0025184254566310454,0.0915502735305261,0.43333017842765276,2.5509583129565145,0.0021325728196312154,0.05814502689082711
255.08899197019582,4.034807109264047,2.7755575615628914e-17,1.996438203284617,0.5008297548304657,3.6231147093097262,-0.0019067581983689703,0.08844110578457835,0.4101782749737648,2.5723581959305086,0.0018439707128571252,0.056578419430403516
255.04172230237177,3.9491445354147006,-9.71445146547012e-17,1.996253218150082,0.5256505724994542,3.6191475273838147,-0.0022220845455461907,0.0905999588056,0.4326271251288555,2.5569644003623937,0.002156121234562918,0.05809690659829531
255.1558220911527,4.724932266902924,1.8388068845354155e-16,1.996699707060193,0.5431285409197195,3.628960894157317,-0.000630394411672341,0.0921194119323194,0.3010493679276415,2.866493590769791,0.001456845599406422,0.04847500167956871
255.2156560172364,4.810259218397695,5.551115123125783e-17,1.9969338059308122,0.507288113503001,3.6143801700551244,-0.00029922035956151966,0.08902969864410873,0.27705586926054815,2.8937537324651412,0.0009452714896374973,0.04651457234468474
255.20461463729603,4.795540997627301,-1.0408340855860843e-16,1.9968906088486045,0.5142140222563609,3.5949908670851065,-0.0006347477850824589,0.08963364989224176,0.2811713404475884,2.896354036308175,0.0011052516783636936,0.046855410743843216
255.08185384780336,4.131768736481974,1.942890293094024e-16,1.9964102700527082,0.4995788128086535,3.5445321167364643,-0.0016696167311740732,0.08833533455025908,0.4185673393880534,2.5525556631787483,0.0018597767289464046,0.05715416493561634
255.0628362402175,4.122036677073498,-1.5265566588595902e-16,1.9963358475600739,0.515717812530253,3.5343103429925913,-0.0018420339492739445,0.0897479678417006,0.42144594725231677,2.555256014700431,0.0018967907817902465,0.05734935612226908
255.05281868048354,4.131553757606815,2.7755575615628914e-17,1.996296644259704,0.5236104993628378,3.538455161492306,-0.0017770972736165405,0.09043371040615576,0.42357082015360037,2.5590899148067865,0.0018525747938112004,0.057495347629902535
255.08794121661987,4.150824031350352,4.163336342344337e-17,1.9964340914514773,0.4958705686333625,3.507278265269716,-0.0015995688522905255,0.08800806221240796,0.4161882147468928,2.5468076248229683,0.0017748662885781656,0.05699403720888502
255.06998128816724,4.141602506612442,-1.1102230246251565e-16,1.9963638089355389,0.5109452380544319,3.5525911719458145,-0.0018348114372800724,0.08933170104498248,0.4190734737782882,2.564627598690474,0.00186058177767463,0.057188720473022134
255.45828277525507,4.999020600548051,2.0122792321330962e-16,1.9978827964531256,0.3612481910088686,3.3298585770246394,-0.0003345658307045761,0.0751291624485359,0.18046903373608442,2.93210581035086,0.0010495625581090939,0.03753415437304768
255.44739525728073,4.9953865992734094,5.204170427930421e-17,1.9978402215630287,0.3700257899335754,3.3290479317654675,-0.00039389367600189875,0.07603616123584962,0.1825789527856715,2.9319918479394453,0.0010302407962649446,0.037753631249719144
255.45466312101627,5.002586819681945,4.85722573273506e-17,1.9978686421448932,0.3652973704992002,3.41427312692453,-9.716446961668913e-05,0.07554973178718669,0.18003950848450256,2.937874927040614,0.0009234810408307538,0.03749274386867948
255.32033997747953,5.005762177191464,1.249000902703301e-16,1.9973433135412946,0.4686270862521831,3.4203926959647752,-0.0006467248820067138,0.0855679844896288,0.21103293626830616,2.945865591728135,0.00108602348657677,0.040589596790098145
255.2836820311162,4.95475730033246,-1.0755285551056204e-16,1.9971999228260027,0.4880205913988208,3.387594019782934,-0.0004904147925633047,0.08732171112580084,0.22829737748495843,2.934616609585743,0.0012457354080156477,0.04221399536758459
255.2376995283047,4.977453019220157,8.326672684688674e-17,1.9970200437476238,0.5308643715673349,3.3547790198193734,5.1410932167375405e-05,0.09107553547828122,0.23143610012792615,3.0096459183897784,0.001182374583045449,0.042505252882376686
255.26795329820774,5.023971964642626,4.85722573273506e-17,1.9971383953758677,0.515052684298767,3.358433096369999,-0.0001296503949867493,0.0897088701463981,0.21699401749356345,3.022024511531849,0.0009409374269110436,0.041162852165843686
255.2332604913804,5.014422986449169,1.1102230246251565e-16,1.9970026778093761,0.543340420664074,3.2859351687464793,-0.0002810819095309543,0.09213910714694543,0.22339908795562735,3.0205751149562916,0.0009374802363013087,0.041766332200228976
255.48755476725478,4.931404732067975,-4.5102810375396984e-17,1.9979972580657752,0.33258222215656114,3.4439395574224347,-0.0005290930947174548,0.07208548592950866,0.17986301058874887,2.874529946472935,0.0009578071475227907,0.0374734889714416
255.50958555601642,4.841904514279424,2.7755575615628914e-17,1.9980834002395287,0.3009581151925199,3.4786253854387583,-0.0008609265130935127,0.06856915746472445,0.18945632879108315,2.769431108492257,0.001054149399422167,0.038457981456702
255.49225385221052,4.8112786207458935,9.020562075079397e-17,1.9980156321812874,0.3115117405889102,3.531213083634225,-0.001048205334991074,0.06975867123359947,0.19623440720059648,2.756593793737863,0.0010032967064206428,0.0391417258430635
255.5113733130742,4.818383562725115,-2.7755575615628914e-17,1.998090390351944,0.2956103527814844,3.521599534727293,-0.0008703418108698497,0.06795700307799739,0.1930163341443381,2.725061212868991,0.0009954828262419124,0.038819442608637476
255.5103365534368,4.821262527560999,6.938893903907228e-17,1.998086336634994,0.3018248909969197,3.4792686085141584,-0.0010225253053407555,0.0686656272368265,0.18783855556635556,2.7585024614302807,0.0010744823679369078,0.03829274347710211
255.53150544852207,4.999597692116604,-6.938893903907228e-17,1.9981691051142687,0.3175902029433709,3.374158943856621,-0.00010249983115895832,0.07044385292397615,0.15090434853456156,2.9845823845785233,0.0006876090922004908,0.03432881321372158
255.5324838897264,5.00148287284223,1.491862189340054e-16,1.99817293064864,0.31715439037149207,3.4235138460258394,-2.253165090183905e-05,0.07039557402194595,0.15036171990221514,2.9875849096363347,0.0005691120197117202,0.034269185112066426
255.51032358120312,4.996152675510053,1.1449174941446927e-16,1.9980862859136737,0.33661981784484485,3.3795654235025703,-0.00033217526811406663,0.07252292267564066,0.15305660095204526,2.9957294199922777,0.0007091987482483556,0.03457241287606835
255.17907547809443,4.915407373629803,6.245004513516506e-17,1.9967906886664974,0.5384250876317689,3.3494009346235996,0.00028450769331127106,0.09172137727715844,0.28249943427385715,2.925503805162052,0.000978664520420847,0.04696880928894172
255.166959298211,4.918626058594454,-5.551115123125783e-17,1.9967432832075702,0.553036336192738,3.3612213844509125,0.00020137496600338735,0.09295779795764633,0.2800043655963662,2.944356900232602,0.0009365696434997702,0.04676170381331807
255.18093295040745,4.930444199182363,1.3877787807814457e-17,1.9967979560661906,0.5391295115100432,3.437204091485401,0.0006664803653591094,0.09177937906342044,0.27993753808256316,2.920430761692807,0.0008011748885376674,0.04675863701037491
255.15741680993904,4.92173910711176,-1.3183898417423734e-16,1.9967059467170667,0.5614412474011878,3.3571136452195462,-0.0001556248924758732,0.09366159977032425,0.281141942659757,2.938745905234708,0.0010476312578471241,0.046854283643834885
255.08059078559688,3.0782305659747315,-1.3877787807814457e-16,1.9964053273383517,0.41705945048207593,3.2179174048026624,-0.00358913357330785,0.0806453472555943,0.5023497639210215,2.267135734373646,0.0026586852047458353,0.06259024623385856
255.0764387259693,3.0626832744547947,5.551115123125783e-17,1.9963890790858556,0.4154297959399237,3.1973070411771047,-0.003647707050223093,0.08048468671018767,0.5081314780908579,2.2608564278599883,0.0026613089751389234,0.06294993730833791
255.0752528576781,3.0679828741980506,6.938893903907228e-17,1.9963844384038913,0.41157227396777024,3.1766630494053825,-0.00336182538960163,0.08012187535745928,0.5131748683540928,2.250434416833512,0.0025797013156980404,0.06326550244910836
255.05651618535057,3.0407579648027254,8.326672684688674e-17,1.996311114379746,0.4187097059382165,3.1982325515903733,-0.0038473741630036737,0.08079317339561855,0.5247741087112412,2.242116041429071,0.0027379168363289735,0.06397109922225754
255.219145997349,4.523960301376144,1.3877787807814457e-17,1.9969474595513468,0.4570825520942301,3.524593778040481,-0.0010490344362522248,0.08450333959805319,0.32377145055682255,2.6987353021295837,0.0014626933695568464,0.05027250725378465
255.2024836590308,4.524365012371842,6.938893903907228e-17,1.9968822717357066,0.472280757111587,3.529796167960131,-0.001092512838299622,0.0858964099690243,0.32523558385762286,2.708533251510339,0.0014355186606962672,0.05038692573537773
255.20483657336283,4.54166117308354,3.469446951953614e-17,1.9968914771360997,0.4748395737912743,3.56028038099983,-0.0007098856169306068,0.08613282999472115,0.32032385284594084,2.7187570485851875,0.0012892822853077261,0.05000867776244144
255.1983874097749,4.532826603887771,1.3877787807814457e-16,1.9968662457154545,0.4791814030437349,3.5464364766396423,-0.0013485150989130997,0.08651815375738413,0.32243118718142233,2.713871973412079,0.0014966100876709694,0.050167258327522175
255.33024597433842,4.747089336438451,2.7755575615628914e-17,1.9973820599347132,0.4138435836982526,3.498644046085081,-0.0008314487456722889,0.08040904605993354,0.255910441963346,2.799785681780827,0.0011769692283575802,0.044698043260014635
255.3185215748993,4.754548608330829,8.326672684688674e-17,1.9973362009456,0.4260466356962519,3.505249660890939,-0.0008683773971371544,0.08158568871714007,0.25543178940445843,2.8157104328974145,0.001141183292274704,0.044657122113004155
255.33354589924116,4.77029133982037,2.7755575615628914e-17,1.997394967119834,0.41491684237549503,3.5216027155069933,-0.00047315040970984535,0.08051615856961197,0.25153725838328644,2.8176591271101645,0.0010008040629998767,0.04431854264692047
255.31762339348046,4.760434807408221,-6.938893903907228e-17,1.9973326877421127,0.4289397641541671,3.5137150607056475,-0.0011113883468871735,0.08185932219882636,0.25343684236535613,2.8177969839654295,0.0012096247610624868,0.044480469184989144
255.37827962892294,5.022494555316304,-1.3183898417423734e-16,1.9975699284885924,0.40249869929562104,3.359184508692614,0.00038382387772665106,0.07930255264318398,0.2192216717814612,2.8965475458607894,0.0008243539385299232,0.04137619788449267
255.35867127962976,5.016519040736361,1.1102230246251565e-16,1.9974932387230289,0.4203978887578049,3.329821114764954,0.00037040798612008674,0.08104677544334826,0.22093083161243918,2.9084754283396164,0.0008170381992909327,0.04153738762311708
255.36340864983288,5.010518278693267,1.734723475976807e-17,1.9975117672128089,0.41424351367684314,3.3081599526412226,0.00016479973099137136,0.0804520213683245,0.22234783649031037,2.897411234694969,0.0008827064445765993,0.0416690928856539
255.3543992735997,5.013831796136978,-1.3877787807814457e-16,1.9974765301875252,0.4225916521498476,3.3013596928841316,0.00022085358792643846,0.08125851209894301,0.22300907425050276,2.908053334065641,0.0008238850677879507,0.04173223701141755
255.35717956580262,5.022248249610723,-6.938893903907228e-18,1.9974874043947477,0.4219697895814192,3.3927597910415423,0.0006212705207638788,0.0811966254542004,0.22085064461603135,2.8966956951128893,0.0007183371896944139,0.04153167047861966
255.33827186160042,5.018086056764808,-2.636779683484747e-16,1.9974134519016105,0.4390802230583186,3.2918768566402097,8.227688556665435e-05,0.08282887006231782,0.22264791534133938,2.921119593208778,0.000857897180207894,0.04169773196508901
255.253263017822,4.8443187484529755,-2.7755575615628914e-17,1.997080928418643,0.4792220812983352,3.405296996871538,-0.00011661420768117447,0.08653225653716107,0.2675149008797007,2.8588918214960897,0.0011136725190385092,0.04570251521134259
255.23476009104505,4.826804564244743,6.938893903907228e-18,1.997008544403999,0.49395494775539084,3.387517829412726,-0.0002536466421273909,0.08785204449561158,0.2712849611995065,2.8603887323412898,0.0011302396051155765,0.046023214987723014
255.21654909103245,4.813062093861715,9.020562075079397e-17,1.996937299853799,0.5089422176796734,3.4099295807983925,-0.0006083253157930135,0.08917315790951369,0.2745086912878977,2.8506326031619356,0.0012671985243587229,0.04629247626328239
255.2332373267801,4.827128934097833,8.326672684688674e-17,1.9970025871868418,0.49525894048790886,3.3913360774524586,-0.0003982443321814623,0.08796739365569188,0.27150373273201683,2.8623018316548547,0.0011365789413625082,0.04604162356258664
255.25559256832224,4.853732034203001,-1.457167719820518e-16,1.9970900415053987,0.4804407892598589,3.4139540172170784,8.711719843972456e-05,0.08664225148724514,0.2639666424179249,2.856942534387893,0.0009775586740596014,0.045401363117518946
255.222071450195,4.8242441866839965,-1.1102230246251565e-16,1.9969589045369203,0.5049136688705185,3.4255245093505344,-0.0005905668327604121,0.08881963356667204,0.27301488093455606,2.8670010572452034,0.0011932251477678934,0.046168224690234225
255.25055672020375,4.789857744135382,5.551115123125783e-17,1.9970703414635107,0.46511107468056834,3.432418624474318,-0.00010030561918354143,0.08524875647577881,0.2843322051156865,2.801585629347396,0.0011525040493183044,0.04711705728165338
255.21193878275076,4.774953528836452,-1.942890293094024e-16,1.9969192631352126,0.4986095215203919,3.3738775196403137,-0.0004997780959973279,0.08826394504898863,0.2894516957288666,2.801720670418601,0.0012488680892410102,0.0475371612675541
255.22417642442088,4.77029072605253,-1.8041124150158794e-16,1.9969671395973383,0.48745219721635746,3.4243067144512205,-0.0006281533118654985,0.08726996049570768,0.2883713783628091,2.7982814621552166,0.0013037437654877153,0.047446829669150696
255.2065755625666,4.76395152080881,-8.326672684688674e-17,1.9968982806255062,0.5009437275005313,3.3959535630503774,-0.0005336412530518291,0.08847011342373673,0.29248070993287173,2.8036965093174144,0.001243261278609672,0.04778556108013874
255.22295911651486,4.768258491903435,0.0,1.99696237726091,0.4853527553218212,3.502605822161942,0.0002864259261008504,0.08708360788398879,0.2916881281634328,2.8052215062163155,0.0011356776094541797,0.04772340869682512
255.21086162826825,4.76564795014078,0.0,1.996915049004762,0.4960996413310162,3.4346817815993234,-0.0006881561248716249,0.08804023703367074,0.2930387304007302,2.804097980639326,0.0012791685079278211,0.04783020812398823
255.37145900719122,4.906599161809964,-9.020562075079397e-17,1.997543252845195,0.4129378384679294,3.4356622871601203,-0.000136546703594326,0.08032518335527865,0.21560315434084998,2.902359956114508,0.0009539085078026755,0.04103035098371244
255.37072602607736,4.896777505101349,-8.326672684688674e-17,1.997540386114248,0.4112471575784433,3.447480508095155,-0.0002560567031077185,0.08016028488053152,0.21802681634426807,2.898421749578495,0.0009717975852550885,0.041260030442825495
255.35390711744026,4.893971767196839,-3.8163916471489756e-17,1.9974746052728691,0.4290446344093402,3.4099939136455446,-0.00042034908417955524,0.08187579446511264,0.21704824815036733,2.910333823986431,0.001019455889284944,0.041166128654083416
255.3603911725879,4.894976613752737,-2.7755575615628914e-17,1.9974999654747647,0.42085736980670707,3.433429804875456,-0.0003986044464319308,0.08109092130272712,0.21875145760546122,2.905321069545961,0.00098161807168436,0.04132834606543079
255.36374321080604,4.900583392376575,-2.42861286636753e-17,1.9975130757191164,0.4201757249202417,3.502315034856827,0.0003218646944584563,0.08102556451514076,0.21608106427368473,2.922784088581107,0.0008220167039798594,0.041078675771944496
255.3608497698031,4.888259877279946,-3.469446951953614e-17,1.997501759111409,0.4191728457026913,3.4646624337176153,-0.0005645880984096693,0.08092747959984721,0.21997738449423404,2.8991246210197645,0.0010297099824283069,0.04144288857829883
255.47926718607312,4.925050832262611,3.8163916471489756e-17,1.9979648519887412,0.33950727085504023,3.4127967587180423,-0.00024217565411301404,0.0728336629455265,0.18122554307191266,2.8890054012567665,0.0008648875839529254,0.037617502903787244
255.485786284984,4.919527878311095,-2.8102520310824275e-16,1.9979903429953998,0.3310064753035511,3.4322561061309917,-0.00033370280268409233,0.07191567853436041,0.18320723971247815,2.878327742487439,0.0008718066192929982,0.037822566193640175
255.47801189368644,4.915864841574837,-1.1449174941446927e-16,1.9979599435020838,0.3380825649221958,3.408870623031099,-0.0004899178002107122,0.07267943352461097,0.183905541391428,2.8776008814170932,0.000922195900055402,0.037893424189989124
255.47437525778508,4.917033662142166,1.4224732503009818e-16,1.9979457233375715,0.3421467493605358,3.429012846465463,-0.0004473503138924199,0.07311527088409803,0.18347799285442162,2.889119845524559,0.0008805020236026464,0.037850317506747555
255.48344441697265,4.929922033247491,9.71445146547012e-17,1.9979811858511576,0.33477865371676196,3.4786209887191983,0.00018880232321871228,0.0723248285031299,0.18177692931055517,2.8900876803995454,0.0007290329574951924,0.03767758977410309
255.47318939879153,4.918343321077516,-5.204170427930421e-17,1.9979410863076312,0.3438191030690669,3.4347524301317787,-0.000575963025439026,0.07329284925589602,0.18299149813938367,2.893088970310121,0.0009100183747552521,0.03779937758444632
255.33311915483546,4.164150273514558,-2.7755575615628914e-17,1.9973932979747138,0.3255207648813643,3.3561064312445867,-0.0021965304043115867,0.07128420025120749,0.3413600802832434,2.3855280649095745,0.001897153460072014,0.05160694174199606
255.32797197718975,4.175177066170628,2.0816681711721685e-17,1.9973731654709868,0.3332560843460741,3.359022516563156,-0.002229341266346333,0.07212597559427236,0.338771938464271,2.3994311500904977,0.0018890716135259225,0.0514109635942674
255.3137114485385,4.152460582460291,-4.85722573273506e-17,1.9973173862417095,0.3318470163140429,3.329773835590507,-0.0024042148559644196,0.07196755783568927,0.35444153514742344,2.369584376572439,0.0019811492446467384,0.05258468922613959
255.32864610815435,4.18891020344701,-2.7755575615628914e-17,1.9973758022565287,0.334551936587669,3.3733869661765747,-0.00230279476632076,0.07226389932356635,0.3368019552579726,2.4067850981594967,0.0018796019174282107,0.05126141211559541
255.34543127356744,4.216493542304034,-2.7755575615628914e-17,1.997441454373442,0.323458422198607,3.3405195104692122,-0.0017499421530136933,0.07107021562732407,0.3311103042339686,2.4031383215966398,0.0017644210105595018,0.050829972165301995
255.32997846874468,4.200271260854915,-2.7755575615628914e-17,1.9973810136211207,0.33249853771236626,3.3765879257210196,-0.0023484985007642956,0.07204008749680715,0.33752299354289517,2.404958783416835,0.0018880407513807728,0.051316017861628684
255.15185133610566,5.0005911956916105,6.938893903907228e-17,1.9966841706005112,0.575988568828288,3.5168496476561026,0.0006611437004916719,0.09486508460413294,0.27216009506608047,3.042118613213594,0.0007354293215679161,0.04610542144278406
255.13764610190393,4.981258620779376,-4.163336342344337e-17,1.9966285884816557,0.5854331348476216,3.5096169555556145,6.938696293497248e-05,0.09564197779972694,0.2769207632485712,3.036561756662543,0.0008890535514556012,0.046504333633136885
255.11498965948138,4.994753772936095,-1.3877787807814457e-17,1.9965399353454958,0.6093777414888975,3.479909332207047,0.00029652184008896465,0.09757786268187253,0.2756325990297923,3.0557401940322078,0.0007828420702126847,0.04639791846854078
255.13084516819785,5.008143958396728,-1.6653345369377348e-16,1.9966019772987031,0.5965909726080538,3.5545013537915655,0.0007488532984726145,0.09654622294910459,0.2725638591940842,3.0422385901204967,0.0006336388714008273,0.046141127551615306
255.07689408523248,4.996934977394768,2.7755575615628914e-17,1.9963908610494483,0.6458146305348469,3.482261619982013,-2.61556773411358e-05,0.10045323746892146,0.2772912842326753,3.0755011287003566,0.000878169665106055,0.04653565274181789
255.0817809419746,3.881803782147619,-6.938893903907228e-17,1.9964099847522185,0.5003598498116077,3.6359663850020247,-0.002192635584951437,0.08839295787843043,0.4178592082137838,2.5629318805033705,0.001969936903941836,0.0571020526142859
255.04610668543776,3.8935551271565743,-2.7755575615628914e-17,1.996270376717534,0.5246929737871138,3.665443097301582,-0.002560950355794923,0.09050839325001195,0.4292003407751239,2.561128363163193,0.0020704774209887133,0.057869169559920525
255.04397976599836,3.9215064174457863,1.6653345369377348e-16,1.9962620528987984,0.5303878115165989,3.656910776168891,-0.0023571028609703417,0.09100414068079354,0.4256324224851522,2.578846885207162,0.0019781486959144718,0.05763106999182042
255.0588035080607,3.974089811128154,1.8041124150158794e-16,1.9963200657242937,0.5240592455008768,3.6325095268226035,-0.0018111885457633586,0.0904717928804492,0.41713724643846295,2.588521835490255,0.0017901318723972637,0.057058567855142656
255.0141329318366,3.944433530687741,-6.938893903907228e-17,1.996145241975129,0.5568609156342708,3.679702975727315,-0.0026262195747106132,0.09324191534675212,0.4290061525291963,2.589680485262515,0.002072093842049785,0.05785600222746198
255.03110813784954,4.056566904059466,6.938893903907228e-17,1.9962116783181836,0.5363654956929609,3.6179628560520367,-0.001963603896297495,0.09152516118500398,0.4325263664575394,2.5708101940155506,0.0019417719845651014,0.05809769151618234
255.01687477082044,4.046154691904984,1.1102230246251565e-16,1.9961559729375031,0.552442730317441,3.663007190236213,-0.002348465814063648,0.09287842790190944,0.4306824988621283,2.5862163624250587,0.0020094434486891185,0.05797127874548652
255.01909802921188,4.045471206413479,-5.551115123125783e-17,1.9961646742456984,0.5414005539645474,3.6407311236581656,-0.00223698473776438,0.09194770010706665,0.4395014168235488,2.5697240681490188,0.0019742944235188447,0.05856370019443135
255.03456566560214,4.107031642503401,2.7755575615628914e-17,1.996225209871129,0.5411373942016787,3.6305694988875756,-0.0015516133896695083,0.09193945986512117,0.42429694019618946,2.595937286985716,0.0017332498076379705,0.05754837695701811
254.993692402759,4.050659391164523,-4.163336342344337e-17,1.9960652403649308,0.5648434511250046,3.6701557139773997,-0.0025553030183327182,0.09391032611120405,0.4414641461159373,2.5808241846952065,0.0020756100307970956,0.05869097447249291
255.1132631918406,4.187935213412453,-2.7755575615628914e-17,1.9965331796322618,0.5101935480415865,3.681696109810104,-0.0015540743974747297,0.08927126660307282,0.3765432601179177,2.674042081775222,0.0016909338657993315,0.05421148367581102
255.0793865218267,4.158184170565548,-4.163336342344337e-17,1.9964006147072642,0.534949286388086,3.705296179814181,-0.0020330904359522626,0.09140267579832159,0.38566419178526856,2.6682740369873477,0.0018262371295018095,0.05486042614006238
255.07639269879778,4.196532090288267,-6.938893903907228e-17,1.996388898967011,0.5469435057905387,3.7028257603925763,-0.0018174293397827516,0.09242666946597212,0.3766637954116959,2.7005634454187892,0.0017068587584951876,0.054219669261555095
255.09708629305402,4.214952645590975,9.71445146547012e-17,1.9964698778917174,0.5266704712953448,3.712268930869397,-0.0014085838998907346,0.09070414546969026,0.3762432356506972,2.691303646969523,0.0015471575512797557,0.054194156345796086
255.049429710829,4.167200957813472,2.7755575615628914e-17,1.9962833814946472,0.5575160823366925,3.713586517207309,-0.002179409666221112,0.09330830059548616,0.3930542068343853,2.6719878106030484,0.0018563846342814932,0.055383118610125584
255.0820953134534,5.007390074529292,-2.0122792321330962e-16,1.996411214973686,0.6490671284558533,3.5614051188366522,0.00039261262547323405,0.10070511276717298,0.26883755809076093,3.120971180893721,0.0007678791201000074,0.04582252485667922
255.01274954891932,4.98570590128499,-6.938893903907228e-17,1.9961398276929059,0.7159527522349749,3.5661041149423145,-0.0002701269559332118,0.1057671441663202,0.27129769884578847,3.139446146356576,0.000924003478749543,0.04602889842049211
255.04474425246553,4.98907081711526,4.163336342344337e-17,1.9962650447635388,0.6835665122590466,3.570177347019117,-2.1654980201682265e-05,0.1033475993195267,0.27168923527547456,3.131200700013574,0.0008104587800143716,0.046064251943948274
255.05030046384758,5.005048043089735,-1.3183898417423734e-16,1.9962867892032992,0.68122733670038,3.551557749807831,0.000456800002121159,0.10316961020427236,0.2684721994521279,3.130981683022396,0.0006283419031314865,0.0457934956590182
254.98719350186852,4.975186547901099,1.3877787807814457e-16,1.9960398038282443,0.7362661960977596,3.5891406004509765,-0.0004696497830724883,0.10725641585988575,0.2765403020336419,3.1434693191789584,0.0009560842987602989,0.04647103412289736
255.10087875520176,3.27120019877355,8.326672684688674e-17,1.9964847183362129,0.4285430593069923,3.59584227388129,-0.003498103333315983,0.08175419606809915,0.47057818549137453,2.3377568896685226,0.0025732830764824415,0.06057862897391829
255.2980260719881,4.960812914254327,6.938893903907228e-17,1.9972560320036121,0.4507935875157401,3.417264071442827,3.822458171844458e-05,0.0839264460335048,0.25118034049615057,2.8981609873941783,0.0010176582776829186,0.04428668853906374
255.29301555610488,4.964406013769501,7.632783294297951e-17,1.9972364326899654,0.4550726042493537,3.4053186423074475,0.00021503259942491984,0.08432356255743312,0.2519118396457525,2.908210236148471,0.0009373174962038476,0.04435293319661904
255.29451054325733,4.9515271268662895,2.8449465006019636e-16,1.9972422805554653,0.4498537366022056,3.4024484123110943,-5.929547781000598e-05,0.08383889979273208,0.25563572014052494,2.887228520540434,0.0010339640441551588,0.04467756687593054
255.2903614705067,4.968336357394163,-1.6653345369377348e-16,1.9972260507956197,0.4602348018346135,3.3871940683860418,5.2886934895323735e-05,0.08480074281300815,0.24940372765871874,2.9154562701202273,0.0009278270474143792,0.04413168656763331
255.3214678106891,4.984509934776828,6.938893903907228e-17,1.9973477249948284,0.435343788264623,3.481164066352031,0.0004442564975829259,0.0824745374512588,0.24318840104630574,2.89702873847855,0.0008380452819334394,0.043579892878249406
255.26583513546166,4.966679647659955,-6.938893903907228e-18,1.997130109429926,0.483368334600595,3.3837173145206325,-0.00010339007301983505,0.0869058084285918,0.2507965299377748,2.9263399542300204,0.0009841003729198672,0.04425358105955816
255.2307849938613,4.936191468650782,-1.3877787807814457e-17,1.9969929933600374,0.5093743862636153,3.4439654556940402,-0.0002205768594656242,0.08921281371651753,0.25984061987512125,2.9410714209634334,0.0011221962191318596,0.04504159764506751
255.22368931586198,4.928004729578848,-1.1102230246251565e-16,1.9969652339388244,0.5134429542135119,3.4358531121728553,-0.00011921911874896015,0.08956858794459054,0.2628677299246056,2.942795444003182,0.0010623799500701907,0.0453048064655139
255.2010850018052,4.92102176377394,1.249000902703301e-16,1.9968767996932628,0.5350455624549222,3.4418071724576347,-0.00026597184284812836,0.09143312404340657,0.26386943573983435,2.947602351866339,0.0011092170274376138,0.045389972508291944
255.21146701486498,4.930637979144953,-2.220446049250313e-16,1.9969174174480189,0.5268843170521547,3.4625319701995925,-0.0002674943633545362,0.09073310256298685,0.26164866808290166,2.9546409538561886,0.0010511903648491427,0.04519983648437811
255.25669874845923,4.952503640636316,-1.942890293094024e-16,1.99709436881302,0.4879902101780176,3.4453690492170677,0.000252268658916329,0.08732000569488789,0.25531104136285504,2.9258674521883816,0.0009089127142822141,0.04465189120658968
255.18403866018033,4.926012791045059,2.8449465006019636e-16,1.9968101071622504,0.5506555517198516,3.4426453608314835,-0.0004247195641104693,0.09275673888680296,0.26530578809985833,2.955016192276628,0.0011146880207212257,0.04551328311764165
255.52165006853653,5.097585731523802,9.367506770274758e-17,1.998130571889856,0.34252999193001554,3.3783675066140013,0.00032528910942344067,0.07315685416214793,0.1358199395334631,3.1498148127329095,0.0005129973087388295,0.032570387031265184
255.52344805312578,5.0952787515650675,-1.0061396160665481e-16,1.9981376018257828,0.3391111239799144,3.4086480658743983,0.00035832088623593715,0.07279067878738767,0.13744082289437465,3.143085884921541,0.0004794480922591868,0.03276471514280463
255.50127007942126,5.09254221012716,6.245004513516506e-17,1.9980508864868676,0.3615109676564881,3.354174008273777,0.00022494499868988722,0.07515689103056479,0.13721895292232528,3.1567867036735695,0.0005213857453388595,0.03273761180370712
255.5002672894459,5.094287358508561,1.457167719820518e-16,1.9980469655134716,0.3607223975885543,3.3709336131553083,0.00025594935914118933,0.07507477573890392,0.13901031296560995,3.1566159513283383,0.0004689432560731735,0.03295145159574023
255.50820480925296,5.109271413885212,-4.163336342344337e-17,1.9980780015166018,0.3575345512897682,3.405721598297239,0.000655659686038907,0.07473986536165778,0.13426063945729746,3.1628219987056063,0.00032627592521106347,0.032385255746724684
255.50927023272652,5.0974357784842885,-1.3877787807814457e-17,1.9980821673260467,0.35301656392209113,3.3914870852342647,0.0001841176780757168,0.07426876807893944,0.13771320335142173,3.1568771695292783,0.0004929799430852273,0.032796971993748106
255.4558250126352,5.076316499288726,1.491862189340054e-16,1.9978731856207557,0.3819962390569235,3.3625290118031907,0.00015429927935842734,0.07725715130003706,0.16217874830779833,3.0798321617990085,0.0006788335192175481,0.03558877149056793
255.46469411619978,5.070265799345718,-8.673617379884035e-17,1.9979078671364257,0.37350798971962884,3.4159447580948887,0.00020061509436690894,0.0763938616182813,0.1617978940806285,3.0818462045387944,0.0006315903482626787,0.03554781485741271
255.4563080795068,5.0656186190704755,1.0061396160665481e-16,1.9978750746085938,0.3801979940243742,3.379085704500401,4.5068411162114876e-05,0.07707523354145067,0.16349392646883681,3.076853032538999,0.0006893863224427558,0.03573263280303057
255.4555727653355,5.068782976548464,4.163336342344337e-17,1.9978721992305633,0.3812066824647277,3.402222277862516,8.266559566186336e-05,0.0771773773842482,0.16322055219976778,3.084951976215911,0.0006352730961021521,0.035703739190091205
255.46662097557368,5.082787429842421,4.85722573273506e-17,1.997915401798419,0.37388188267072364,3.4203998709382026,0.0005010822220397762,0.0764307093604188,0.15949714175565707,3.081175139961466,0.0004946197260161627,0.0352962713511315
255.46469316080209,5.065278744463295,9.020562075079397e-17,1.9979078634004954,0.3728643604492241,3.420411575910694,-2.016772762856024e-05,0.0763282727780597,0.16244247874866682,3.0793932159994464,0.0006630018108645493,0.035618005191514444
255.27747929833623,5.101739486817772,-2.0816681711721685e-17,1.997175659284006,0.4995045729301686,3.303905433764182,0.0006347561452863812,0.08834226642253358,0.22301612873362847,3.0281883713409936,0.0006733613244612047,0.04173559739908118
255.25776312099904,5.0921168489438084,-4.163336342344337e-17,1.9970985325630806,0.516013405358022,3.3091753708883287,0.0005058744557462917,0.08979116632360955,0.22622347364299705,3.0358543827080355,0.0006827780313332199,0.042034565562116176
255.28095425044833,5.103833995040334,-5.551115123125783e-17,1.997189252465388,0.49799824445912133,3.42183914121017,0.000791036451307884,0.08820769145038586,0.22104750509260923,3.0256720039589364,0.0005514826130516979,0.04155273156440514
255.27324481327082,5.093752913512992,-1.942890293094024e-16,1.9971590948663445,0.5000035657298847,3.3262825442725807,0.0005741193969021337,0.0883867982305477,0.22675162099933566,3.024249336701142,0.0006810431110590783,0.042083645509130845
255.24689142835808,4.664745183486186,-2.0816681711721685e-17,1.997056002862237,0.4518579116947454,3.4862146807208667,-0.0010570010898643266,0.08401882300369615,0.301250659947148,2.692914697623027,0.0013735061800206683,0.04849365176608727
255.23382309769275,4.668374595609847,-6.245004513516506e-17,1.9970048787875931,0.4632532557723497,3.502295095913262,-0.001042391739924349,0.0850720020976555,0.3029236465349047,2.706409784219002,0.0013255664362612856,0.04862955749517983
255.26256763035065,4.697378405169568,1.0408340855860843e-16,1.9971173273556635,0.4423987613706103,3.5111171226482707,-0.0007658905829425627,0.08313780161894314,0.295033608278796,2.704608925298798,0.0012098052064742318,0.04799465007727925
255.2537553766238,4.683957375664131,-1.0408340855860843e-16,1.9970828545054775,0.4455495509381103,3.4980247881132223,-0.0009815325196678186,0.08343109928150777,0.3006950724381355,2.704399001352785,0.0013242740295483883,0.048450248211104115
255.18153264129305,5.186025754879309,1.1102230246251565e-16,1.9968003023638101,0.6052232699289369,3.3153720875607178,0.0009296166590213734,0.09724067773060259,0.21324408877803727,3.1719854231360274,0.00045418397341252424,0.04081376190081858
255.12942745679823,5.165290831670679,-6.245004513516506e-17,1.996596429930814,0.6544042752376718,3.3241581979846386,8.845103694032084e-05,0.10111903370287259,0.21616826796414204,3.177905589432703,0.0006915211626618668,0.04108937079040576
255.051295496669,5.119908231920545,-8.326672684688674e-17,1.996290683276224,0.7163908872243767,3.384215320491842,0.0007715246122744195,0.10579703380838965,0.23231361610667883,3.189984775171424,0.0007633335095885332,0.042595392330468884
255.0540464215772,5.114473871303126,4.163336342344337e-17,1.9963014490144377,0.7104643853639918,3.386187980839902,0.00022770518719047832,0.10536106572951935,0.2354891930588641,3.1731207111573285,0.0009529204094804786,0.0428818290592364
255.23396930293237,5.0133944301031965,-1.5959455978986625e-16,1.9970054507582893,0.5377143335587241,3.463285657669233,-6.523290222506303e-05,0.09166123611714785,0.22831636350892276,3.054307681596748,0.0008376142198983083,0.04222582139321961
255.15805562865125,4.943348588694274,-1.3877787807814457e-17,1.9967084462178437,0.5921205438388453,3.524760513210961,-0.00043853187984269765,0.09618571197050171,0.24982382750993495,3.037354323988884,0.001212904906622327,0.04416194644837179
255.1510193223527,4.949216825466574,-5.898059818321144e-17,1.9966809151468747,0.6015802910987431,3.5492713818772765,-0.00019254779582444145,0.096951817795048,0.24740038654857777,3.0603887858095122,0.0010755994135446456,0.04395063828674558
255.1573133387311,4.945888236941016,-4.85722573273506e-17,1.9967055418658188,0.5949647189562683,3.5230131479340208,-0.0004172608896913675,0.09641654228938945,0.24772194231263664,3.0451385739849357,0.001204217873834542,0.043975874449859564
255.2962329631105,4.919975124067221,6.245004513516506e-17,1.9972490180367097,0.4779065678844715,3.5229633989636913,-0.0009483377305837572,0.08640827957287206,0.2258604690050544,2.951613844977223,0.0011053255563083625,0.041991822650565655
255.25575917462072,4.8824322431324365,4.5102810375396984e-17,1.9970906932594346,0.5041683130118517,3.537673372891045,-0.0007711057367367755,0.08875266354737166,0.24007251236743504,2.9477866721514623,0.0012568810018069219,0.043289568639776066
255.26450620098018,4.8847379497206855,3.8163916471489756e-17,1.9971249108131206,0.49486974607728496,3.5816588256312105,-0.0005237718887956665,0.08793216388481569,0.24062405294251787,2.947047348991677,0.00114642672071356,0.0433423709479241
255.26556516919615,4.887344853582281,-1.8735013540549517e-16,1.9971290533585178,0.49344475043225833,3.5513036389366177,-0.0007591726276564709,0.08780374640313164,0.24099008037164504,2.939895399805444,0.0012657033712307935,0.043372030133249834
255.3823039908776,5.0822464648238785,6.938893903907228e-17,1.9975856677142692,0.4310954196796541,3.322862395261208,4.042085810248815e-05,0.08207231140067169,0.1866005894427569,3.029579419838851,0.0006663100062003829,0.03817555678699625
255.38300794785323,5.076598359772219,7.632783294297951e-17,1.997588420867824,0.4299529870082919,3.3335630824161306,3.633433379500147e-05,0.0819634924940412,0.1870390651384767,3.0358228761116988,0.0006218807248722983,0.0382211454663303
255.3938022133088,5.081613268650382,8.326672684688674e-17,1.9976306364247995,0.42061146742366745,3.2803822241597302,0.00020443206243793118,0.08106794919095124,0.18558631926759167,3.013076975784922,0.0005689278135466194,0.03807321158532641
255.39146397710346,5.074016118761978,-3.8163916471489756e-17,1.997621491835288,0.42172868321432194,3.3460445877441405,3.049801409746788e-05,0.08117579531544435,0.1868073396822605,3.028869051195801,0.0006406011682912644,0.03819714611604961
255.16322251020495,4.976428195479932,2.0816681711721685e-17,1.9967286625182583,0.5474491403718887,3.351612118411668,0.0014278442833514614,0.09247623521215201,0.28932834942324986,2.939845527683902,0.0008433820759584402,0.04753594888653315
255.1313689432228,4.965564209621636,-7.632783294297951e-17,1.9966040267759295,0.5780369371184275,3.2890857106822273,0.0009036253583835033,0.09503162949085486,0.2905941196587966,2.955082576455183,0.0009348643276550625,0.047638142160701724
255.13708914084407,4.979207033749368,4.163336342344337e-17,1.996626409177663,0.5769759100521792,3.3035812445101174,0.0006176542954050034,0.09494665395756012,0.28593494910380474,2.9636194244868075,0.0009024505847075176,0.0472551835549883
255.11340905902932,4.988460089294315,-6.938893903907228e-18,1.9965337504152874,0.6053377997967625,3.3553712009139263,0.0007697451189831259,0.09725127564343933,0.28125314117393374,2.9780227989397487,0.0008258622406153133,0.04686798605637844
255.15257365891924,4.9708160178237435,5.551115123125783e-17,1.9966869968576981,0.5592740403786596,3.3420135557332786,0.0004191397101159164,0.09347984383181202,0.288152300702126,2.9574348308372795,0.0009839812496445289,0.047436501031755146
255.25041621339926,3.521869916417703,6.938893903907228e-17,1.9970697918035722,0.32399469856341423,3.1595557762339848,-0.0029705966314744286,0.07108862581810411,0.42558908803729645,2.2486751042759687,0.00232326807628043,0.05761525124250622
255.25093948984363,3.5250176944037053,-2.7755575615628914e-17,1.997071838850272,0.32641154270465966,3.178370268587849,-0.003201647412984979,0.07134374400466544,0.42264896745169633,2.254266489077771,0.0023550954084632313,0.057414271604135265
255.26769952369878,3.5518812313950683,8.326672684688674e-17,1.9971374026485493,0.3233309392587992,3.2320985997097007,-0.003251742562240847,0.07100332454348633,0.40896953704249284,2.2741042656351773,0.002300090092778261,0.05647817360458443
255.27899486903195,3.565032543691098,-5.551115123125783e-17,1.9971815878453878,0.3219847036023522,3.242960001507794,-0.0030851709771813,0.07086249158636967,0.39902042736580007,2.285321391707573,0.002226556061338085,0.0557887940083045
255.24680365439804,3.537904152319025,-9.71445146547012e-17,1.9970556594897322,0.3327737616268016,3.225299334776295,-0.003401812646582274,0.0720278952638235,0.4204225839752793,2.2605016309525316,0.002376624321734795,0.05726170704877919
255.08580508546777,4.684831833966239,0.0,1.9964257322676529,0.5774411099242911,3.3918731046848314,0.000344728001794668,0.09498630693511476,0.33675380460803156,2.833348766663665,0.0012284094883435782,0.05127748149655162
255.04845010299482,4.6659285352407585,-6.245004513516506e-17,1.9962795477736313,0.6058439615691827,3.461723762176864,-0.00067198089440965,0.09729265306895495,0.34570593543610695,2.8478873744096775,0.0014145506588115935,0.051950232598403645
255.26238793082746,5.009606684074168,-1.5265566588595902e-16,1.9971166243910692,0.49659125023668826,3.407808445044049,0.0009874527767174753,0.08808100375201232,0.24102081893587873,2.9981992681337806,0.0007993601247001478,0.04338589830034169
255.24617962312814,5.000734475556289,1.5959455978986625e-16,1.9970532182722065,0.5125094815163718,3.428905409581415,0.00021542252425702868,0.08948695012027928,0.24131089535543887,3.021690559172222,0.0008351139323804402,0.043411334403405645
255.2333138393033,5.008208108166482,1.1796119636642288e-16,1.9970028865124643,0.5289283532705265,3.442399040198426,0.00037137812880943004,0.090908567242793,0.23775780742623545,3.0258049055701144,0.0007507514839021552,0.04309198582946582
255.21204347135142,5.005301859818715,2.7755575615628914e-17,1.9969196727059069,0.5448451936314263,3.3849550969535107,1.134801548506462e-05,0.0922670364849418,0.24311133501720278,3.017654980207868,0.0009372533911709987,0.04357096350670519
255.3865775002938,5.016932192130453,-2.0816681711721685e-17,1.997602381216565,0.4096235197404691,3.3764306145487666,0.0006581604601474918,0.07999958950365639,0.20379897996567053,2.977771724497835,0.0007417486178016226,0.039895229539003665
255.37091732687026,5.007752402886581,1.5612511283791264e-16,1.997541134302958,0.4234495216622082,3.359452402500356,0.00016113223648218282,0.08134108932375057,0.20563315146758837,2.976567530102106,0.0008244343950306184,0.040072800049021085
255.37377175373786,5.014263105368892,-1.0408340855860843e-16,1.997552298101893,0.4223536189889307,3.415476631570844,7.010412528863372e-05,0.08123589343457521,0.20387462727324202,2.9808389637481323,0.0007385783669757083,0.0399026944900722
255.382332053329,5.012051021477746,1.3877787807814457e-17,1.997585777465705,0.414894726798198,3.4091380579201047,-0.00016619687415280653,0.08051523138401122,0.20277321987280872,2.9874853787102,0.0008418073676443009,0.03979267697217791
255.33482269508895,5.013667125254555,2.0816681711721685e-17,1.9973999611021236,0.43895676807952067,3.330140495082168,0.0007146851734101977,0.08281418191557179,0.2262205368315331,2.9447228564757486,0.0008127047431847965,0.04203198133560631
255.31995869247046,5.010663437237189,7.28583859910259e-17,1.9973418221651122,0.4558198644541082,3.2861087338763193,0.00022260129609927683,0.08439274750094593,0.22422144307551184,2.9491905125920277,0.0008651398797234641,0.04184473153236795
255.3432430866978,5.008225214449881,-1.734723475976807e-16,1.9974328958014216,0.4320029341548568,3.340910872012845,0.0001275955683671579,0.08215856355572784,0.22475397914740053,2.943204787919182,0.0008176930110217039,0.04189536776576609
255.33965824342556,5.015899446203486,2.498001805406602e-16,1.9974188744611192,0.4395330499279754,3.266653962587422,0.0001994881964694408,0.08287137086825634,0.22080870664642188,2.9382987114928714,0.0007708310174620631,0.04152678461207525
255.3170856299364,4.999244935103582,-9.020562075079397e-17,1.99733058429689,0.45642499032315487,3.340286198101814,-0.00017248197718523718,0.08444886454989695,0.2264893797404947,2.945499022811735,0.0009184667656073202,0.042054782106475
255.16937111174343,5.082023506146021,-1.1102230246251565e-16,1.9967527196979076,0.5755588594561772,3.354144910961531,0.0010911508761076525,0.09482571681125504,0.2550700288004535,3.0364999898936498,0.0006982790703712321,0.044634594277795606
255.15653209937508,5.052397738351921,1.3877787807814457e-17,1.996702485112075,0.5799737265558804,3.3546322080628537,0.0007530662687587003,0.09519202891329973,0.26349417406909204,3.0259414217120355,0.0008001069144925139,0.04536417158772066
255.16029707934806,5.065612734153591,9.71445146547012e-17,1.9967172162989963,0.5820555334710549,3.341391520730994,0.0005659220961085022,0.09536402593570789,0.2576473871809239,3.0354484286971646,0.0008027770198743352,0.044857839464326955
255.15220749370297,5.061149823775581,-1.249000902703301e-16,1.996685564151028,0.5864603197675683,3.3531446942771197,0.0006392406792666079,0.09572373722187316,0.26133218652940793,3.0372525273725,0.0007455469358933058,0.04517855538889418
255.151997785711,5.078141021678092,-5.551115123125783e-17,1.9966847436192159,0.5928276856801609,3.43444846735993,0.000866576371023144,0.0962402287723055,0.25517452860889095,3.0327903685936093,0.0006463971659500575,0.04464452010561668
255.13370757722035,5.075216171980854,-1.1796119636642288e-16,1.9966131775819942,0.6110849607329315,3.368342711284831,1.49823595559e-05,0.09771490309559211,0.25520746204663064,3.050268303570886,0.0009279132973136164,0.04464243803996339
254.9528087895037,4.3190520110294655,4.163336342344337e-17,1.9959052175231156,0.6390448257808554,3.6104707274751675,-0.001823615087820355,0.099908707482568,0.4081463847154744,2.7196002528221896,0.0019412736292882828,0.056434697547571494
254.90728560436096,4.269580257833137,-2.0816681711721685e-17,1.995727019802092,0.6708276981656822,3.600935150524421,-0.001800456120600751,0.10236425714865797,0.4218866974734644,2.7172379272137848,0.0021912108175750917,0.057368880232791554
254.9196121109918,4.264099881273843,1.1796119636642288e-16,1.995775272728432,0.656635685610526,3.5582938144601526,-0.002045441710176137,0.10127067075849128,0.42375220339768305,2.691475209992814,0.002186104271500704,0.05749595670269802
254.88595939184887,4.2614437194448485,-2.7755575615628914e-17,1.9956435341757903,0.685594121524611,3.5732077483485742,-0.001976673987405913,0.10348188686320693,0.4284464866265506,2.707041008363527,0.0021994178820165227,0.05781349961514346
254.90474245756548,4.278170163914458,-6.938893903907228e-17,1.995717064340399,0.6724117613162868,3.569821631829214,-0.0015950175066009467,0.10248848564458651,0.42284578111828613,2.7078098390959675,0.0020680240236409385,0.05743871465853196
254.92386024778898,4.289385350451193,-3.469446951953614e-17,1.9957919020708805,0.650960106461102,3.5815915955895328,-0.0012901671197672543,0.10084437085062205,0.42517964574997286,2.7202695753697697,0.0019526405792284404,0.057601242844143676
255.00028943188283,4.738002798587629,1.734723475976807e-16,1.9960910606415652,0.669226626632149,3.516665801184689,-0.001210838814416063,0.1022506719317425,0.3304839414850663,2.8908038901662088,0.00158362533400547,0.05078777336774647
254.9206539109212,4.659615815359368,1.5265566588595902e-16,1.9957793508697659,0.72094781087537,3.526030732596391,-0.0013258857538048846,0.10612752504367336,0.35839827820343984,2.8610669497729835,0.001875312635784505,0.05288165798254098
254.93877558988788,4.676719024870971,8.326672684688674e-17,1.9958502871187502,0.7056402956224068,3.5262786869995417,-0.0012308985388460427,0.10499578328622142,0.35558411448973415,2.8690100320157503,0.0017909204207965392,0.052676308702275465
254.9632148831874,4.685582253626912,1.1102230246251565e-16,1.9959459493056928,0.6864179574114493,3.53047475765617,-0.0007706317056063094,0.10356006330303304,0.35036715940115015,2.8676919521355373,0.0016348907071882324,0.05229312158589346
254.90505446643013,4.6816407907710165,0.0,1.9957182857402422,0.7403683915116052,3.49580630392438,-0.0013263937037263926,0.10754764896133967,0.3545771420583007,2.883096530543235,0.0018179775545950612,0.05260065474822022
255.21725745788697,4.744474948924832,-1.734723475976807e-17,1.9969400711537348,0.5148849707416118,3.538203585729793,-0.0009121468375501876,0.08968971878640512,0.2678575713713849,2.886266257723398,0.0015060652493131587,0.045720553844018075
255.19929011446544,4.744366920038995,-8.326672684688674e-17,1.996869777436306,0.5315504432012983,3.560614757500434,-0.0010492374539268455,0.09112834232984578,0.2691594423332431,2.8923136901971036,0.001512433673431355,0.04583143776505307
255.22955845888038,4.803220929581419,6.245004513516506e-17,1.9969881949876434,0.5165077342134281,3.586198460310494,-0.001319727548040882,0.08982589641235847,0.25393380690624934,2.91794304361904,0.0013124880827094817,0.04452117744947699
255.21063847403428,4.787001351421662,1.942890293094024e-16,1.9969141759616977,0.5316047463545734,3.582495714195995,-0.0009714023322031319,0.09113386055303045,0.25775677961117494,2.926817122954856,0.0012531738531040976,0.044857043995410587
255.19647519345767,4.7743332588571405,4.85722573273506e-17,1.9968587643841456,0.5387259772942679,3.552156224810056,-0.001177061292873532,0.09173989275084071,0.26479882924806003,2.911825537068985,0.0014938035516938507,0.045458875969929306
255.18148907886976,5.031755301526405,1.1449174941446927e-16,1.9968001319254114,0.5827473650437527,3.455897950275725,4.5802153078448524e-05,0.09542235315150957,0.23576355608647315,3.0758963017852383,0.0011410525633509133,0.04290222349684503
255.16589239874125,5.026872773722528,2.42861286636753e-17,1.996739108829777,0.5964234161264788,3.467836350948427,-0.00017397729132816002,0.09653541116542846,0.23768418513230855,3.0711222273407834,0.001182647012745168,0.04307562004648807
255.1402872205254,5.025385816490843,-2.0469737016526324e-16,1.9966389227450991,0.6217830358205259,3.4299744084321837,-0.0002404864105487025,0.0985662320522706,0.23792974365399688,3.0831691850771374,0.0011831853197322435,0.04309786763629984
255.14423526853972,5.021469949318294,5.551115123125783e-17,1.9966543707088948,0.6151680351396882,3.454673559472563,-0.0003420362518294774,0.0980402139953808,0.2405966963207091,3.0714574188185644,0.0011826030042307004,0.043338933306438496
255.148025851887,5.031863414333151,-1.6653345369377348e-16,1.996669202430822,0.6169085339949425,3.4549166016221204,-1.8177483180699307e-05,0.09817940473057514,0.2350656141180855,3.093437287494441,0.0010353986436659008,0.04284131253762234
255.1445364842346,5.024891320550291,1.0755285551056204e-16,1.9966555493039269,0.6169882420610368,3.446421917458455,-0.0004150836709011659,0.09818487148104768,0.23847527370437227,3.0748550222395643,0.0012061598827449544,0.04314664823775614
255.09636252021448,4.997648439032901,9.71445146547012e-17,1.9964670456529834,0.6417820679573396,3.3882816576616275,-3.962516642147399e-05,0.10013911943730891,0.26185541182825117,3.0496540587265164,0.0012662802658558482,0.04521218794967256
255.10045532342576,4.99008678121025,6.938893903907228e-18,1.9964830613928402,0.6370770738225984,3.3928310489512254,-0.00023288992447013934,0.09977111325810281,0.26246760275168374,3.039857001752197,0.0012750204707815778,0.045264803868973254
255.07210610131955,4.991401129536115,1.1102230246251565e-16,1.9963721240873702,0.668351481897643,3.381821261064834,-0.0004976142450135745,0.10218974647543574,0.2595424167827869,3.047762946590634,0.001346949272860944,0.04500956408111349
255.07276965830283,4.986051085199289,2.706168622523819e-16,1.9963747208154539,0.6642393434511186,3.379087431990949,-0.0002714314429414955,0.10187573836000163,0.2629909982460794,3.0519578842242723,0.0012351668395671478,0.04531105314022098
255.10757535199704,4.9955638639549775,6.938893903907228e-18,1.9965109228038183,0.6340007290106738,3.33486543390062,-3.1103854927838365e-05,0.0995301985496964,0.25842391899229344,3.03668992806048,0.001141553573221261,0.044918077903743366
255.0752286335087,4.986945438266728,-4.163336342344337e-17,1.996384343606855,0.6619282572721576,3.3856738373391515,-0.0005311001199258705,0.10169733011510222,0.26284310921925097,3.039997095329033,0.0013184173250319617,0.045295955299921135
255.18792099908296,5.089884017469156,3.469446951953614e-17,1.9968252967174347,0.5555693338155507,3.376915686318033,0.001196483672877168,0.09316297154818817,0.2565096671014861,3.0161021993677366,0.0006384263148822519,0.04476130232768955
255.18215510493366,5.070204177531098,-7.632783294297951e-17,1.9968027377571849,0.5613517068233378,3.3645154733223013,0.00016318045347905917,0.0936541178552991,0.2564931882430091,3.0044082326106567,0.0009398964874597054,0.04475454868213252
255.082999530341,5.00337981936898,9.020562075079397e-17,1.9964147534171295,0.6358904848652712,3.4143627879945333,0.0006277412905230967,0.09967645041278324,0.28110998479374166,3.034620167313853,0.0010499015473456987,0.04685156841496331
255.1019552709622,5.007599957404802,2.0816681711721685e-16,1.996488930875597,0.6210032070363356,3.498698498612585,0.0007695833771715682,0.09850168958636356,0.2770415220014784,3.0209035745371704,0.0009801335417153622,0.04651264590277524
255.08288112687865,5.007227433573236,6.938893903907228e-18,1.9964142900729496,0.6362594684812385,3.393856283898878,0.0005850575740179425,0.09970562623370076,0.280859404640175,3.0317074707982163,0.0010761416925031374,0.04683007599619099
254.94352608690502,4.443342505527397,2.220446049250313e-16,1.9958688822434931,0.6632778993783925,3.538656718116606,-0.0007534302097541032,0.10179955560171378,0.39319601371660495,2.7884840730251854,0.0018166902055946964,0.055394435585696435
255.01735196218144,4.573153172215879,1.457167719820518e-16,1.9961578405549711,0.6252145519546826,3.498414897443734,-0.0005628319324737824,0.09883653471519377,0.3574334858639336,2.813329371715888,0.0013888031776023671,0.05282537585333267
255.0305671185169,4.564031649391321,-2.7755575615628914e-17,1.996209560949658,0.6089697464131644,3.5185589927001795,-0.0006570224502197388,0.09754342934921655,0.36046313506995553,2.8057583067047087,0.0013919571069730653,0.05304885199649823
255.06742830199215,4.584831640173942,-2.7755575615628914e-17,1.9963538181441254,0.5806585890328073,3.554214994604753,-0.00038677372817255,0.09525041133622894,0.35191310897513434,2.7990076787154807,0.0012526251508550945,0.05241900508498499
254.99254159546328,4.535513276368009,1.3877787807814457e-17,1.996060736157373,0.6397689936249422,3.5601824872097625,-0.0014521583024003862,0.09997140471982222,0.3676894109117702,2.7941091096530313,0.0016444742165738677,0.05357116040650258
255.101877724843,4.945797120387449,-9.71445146547012e-17,1.9964886274283338,0.6150832235080586,3.544766906730687,0.00015198709857231407,0.09803393426378074,0.2830390516489845,3.0091841901720464,0.000970817146425443,0.04701382887061953
255.0695477014155,4.937849281187564,-1.249000902703301e-16,1.9963621121516548,0.6453984561628655,3.444649227431179,-0.00040083153544429127,0.10042006876927026,0.2850538424217392,3.000415698961342,0.0011194439145386448,0.04717764289620709
255.04630399393096,4.919863695646303,6.938893903907228e-17,1.9962711488936495,0.6639159273953972,3.5055066215631854,0.0001674115352294451,0.101851157769222,0.28978007867367844,3.0131297925938814,0.0011589170026575283,0.047566414370005486
255.02918770244474,4.9010669858992,9.020562075079397e-17,1.9962041623668405,0.671166889413014,3.501371229903765,-0.00010767677077113888,0.10240591317297737,0.29964540814223095,3.0053594909854398,0.0012632305040599602,0.04836717895231012
255.26502215335847,4.780442010789375,1.3877787807814457e-17,1.9971269291525329,0.463634285257211,3.5665908901083463,-0.0004845884067639088,0.08511199023181136,0.2713435613843517,2.8187002685773965,0.0013710553758038944,0.046021644695422685
255.32496997188892,4.836043601837547,-9.71445146547012e-17,1.9973614234311137,0.42051229902085524,3.540422946379695,-0.000409970148537954,0.08105761282370812,0.25451772909024506,2.811210866674565,0.0010549001160993986,0.04457922099210117
255.30066978097165,4.81929485804644,-4.163336342344337e-17,1.9972663731529858,0.4414334299484315,3.536935012041015,-0.0008897964045646079,0.08304580426067693,0.2578967890799779,2.809176862398041,0.0011895076248275111,0.044870967632733356
255.3170633063173,4.8324332146342215,1.8041124150158794e-16,1.997330496978707,0.4283436650264736,3.598105962802499,-0.0005001292554949965,0.08180843255292482,0.2545930286562435,2.812303978500112,0.000995886353488627,0.04458717581040358
255.2930473226177,4.819404964747598,1.1102230246251565e-16,1.9972365569496022,0.44662115492780385,3.5175455218337115,-0.0005113725254819908,0.08353558549436951,0.2603315224545542,2.814852973707522,0.001077067691702389,0.045085251960743165
255.3005960262549,5.060165209036908,-6.245004513516506e-17,1.997266084654279,0.4902913298866704,3.4102531258682953,0.0004207199291652989,0.08752499656795439,0.2091126438583995,3.06485113062809,0.0006740991666050623,0.04041334087225811
255.2833154210373,5.039503871968055,-4.163336342344337e-17,1.997198488747102,0.5052891475048235,3.4736750467204662,-0.00028269815498715035,0.08885416710270844,0.21139543145788067,3.0636182407000754,0.0008726115894987554,0.04062961182781057
255.22308245651305,4.996912883415622,4.163336342344337e-17,1.9969628597905913,0.5509607356645758,3.475148610387386,6.220040828155884e-06,0.09278341153498339,0.22595680782239658,3.0745076664732354,0.0009788326285008861,0.042003921814490794
255.22121527482162,5.001979515742921,7.979727989493313e-17,1.9969555550059415,0.5547308588331843,3.492039425919707,8.006115613681765e-05,0.09310028603328663,0.22405386634524116,3.079122821751796,0.0009178878354597028,0.04182796089631565
255.2315379999973,4.9995320314171865,-2.185751579730777e-16,1.9969959392171928,0.5428897667637101,3.4811571679890476,-3.927202366082842e-05,0.09210130869532272,0.22557223323895534,3.07117628685017,0.001011626034867593,0.04196736452226797
255.23732087078344,4.8929235186308375,4.163336342344337e-17,1.9970185624089705,0.47773868319981466,3.404585836952524,0.00030990961127952974,0.08639774812476272,0.2849404460167704,2.808979987062986,0.0010326776224446504,0.04717023225970084
255.21362192711075,4.8814636809026695,-6.938893903907228e-18,1.9969258480502239,0.5006995833688047,3.359383223420444,0.00020058656128077185,0.08844993360748783,0.28567848952050134,2.82418448076216,0.0010448449791979487,0.04723104379905616
255.2227026267147,4.892418404073914,2.7755575615628914e-17,1.9969613738233438,0.49386016335007377,3.361474516577449,0.00031791922675391583,0.08784340601155081,0.2834372099352731,2.830881562570087,0.0009626285400231758,0.04704706737845893
255.23076619170268,4.904209486020305,-6.938893903907228e-17,1.9969929198035117,0.48887922122610816,3.4596863364676516,0.0005972234122046051,0.08739783267252028,0.28035458707123423,2.8187583389201,0.0008557057168962641,0.04679249917689894
255.19169005736399,4.879945439924236,-5.551115123125783e-17,1.9968400429544457,0.5187703190751165,3.336128953577612,3.533637663052881e-05,0.09003213307974649,0.2895396235609373,2.826088809819204,0.0010672357146835128,0.04754880983788266
255.244701572335,4.450641468118034,-3.469446951953614e-17,1.9970474361085504,0.43608314266602155,3.511352470821228,-0.001058025801906544,0.08253895859264937,0.31921528499897844,2.66148879661071,0.0014807148842713317,0.04991669958526923
255.221812114238,4.446911393613842,5.551115123125783e-17,1.9969578899628726,0.45704315864061124,3.491373794099671,-0.001403304006708871,0.08449455657984309,0.3211447271214143,2.6651110715597,0.0015763520458941206,0.050064541292849714
255.21976847443574,4.450982487810945,4.85722573273506e-17,1.996949894817859,0.45729358965600825,3.4977462135362267,-0.0012737254129272751,0.08451976077786538,0.32293793590824,2.6670379376067643,0.0014947715018207067,0.05020675534667093
255.22157202063636,4.463527580773938,-2.7755575615628914e-17,1.996956950668302,0.459304459907802,3.4983890561451925,-0.0014009389677037904,0.08470342115917265,0.3191235194559281,2.675722545762223,0.0015268576020782503,0.0499081276107651
255.21172412607478,4.280267501816084,1.3877787807814457e-17,1.9969184233388,0.4415265967729489,3.502164666919223,-0.0014135078871879976,0.0830473062177828,0.34674927715227033,2.604780537694663,0.0016564428269001427,0.052021485224023764
255.20275202838465,4.268158174164752,1.6653345369377348e-16,1.9968833216899555,0.4456036472170275,3.50603377743658,-0.0016445181946083075,0.08342573072903621,0.3516443243983959,2.597112201977128,0.0017189048987336832,0.05238574854205652
255.20318063375686,4.27244824652391,-2.7755575615628914e-17,1.996884998542092,0.4433814759366673,3.495991548433444,-0.0015318416014760512,0.08321952308694404,0.3534378903065636,2.5991730531862602,0.0016599203434517268,0.0525212164984154
255.21938621972086,4.323256367282984,-6.938893903907228e-17,1.9969483993541592,0.43731698082968146,3.5266982893347016,-0.0010019819332906972,0.08265636005577025,0.3432967994495601,2.6102308078040393,0.0014562438209285299,0.05176761149245439
255.18502072131082,4.291312970221502,6.938893903907228e-17,1.9968139494631145,0.464005650884684,3.5045129320896904,-0.0016838168934559731,0.08513079968931632,0.35097362780451774,2.614472041048084,0.0016841339984232052,0.05233684323589024
255.51827232905762,4.953795761097948,4.163336342344337e-17,1.9981173652069404,0.31561022366305214,3.4565100813532474,-1.76064481313817e-05,0.07022399472223276,0.16611744727936228,2.9288682948403255,0.0006786739041387397,0.036018494674290025
255.49855281912733,4.943698424195951,-1.1796119636642288e-16,1.9980402618062691,0.3335309599917873,3.4219611209554066,-0.0002556855721136506,0.07218972139272936,0.1679162208808997,2.934230687897893,0.0007492420658954113,0.03621165712803988
255.50363961028913,4.945717901735003,7.28583859910259e-17,1.9980601514746166,0.3280271184221428,3.44470487459733,-0.00015853147071903705,0.07159188915735339,0.1683332712887397,2.934492554650651,0.0006846543175813214,0.03625789473216414
255.5110827503206,4.9554597317032405,1.3183898417423734e-16,1.9980892542561155,0.3194212266924355,3.5225162202912808,6.678678678009777e-05,0.07064667158893204,0.169496022986978,2.919136139684888,0.0005736649050960005,0.03638486757104424
255.49537125102847,4.944384438608034,-5.898059818321144e-17,1.9980278215773972,0.33469820252732324,3.4433745166880403,-0.0002990455546289382,0.07231576582077855,0.16993054644424108,2.930280093966185,0.0007259096477312103,0.03642877227246293
255.44706542055647,4.867993175529634,3.469446951953614e-17,1.997838931745048,0.34449586951876665,3.484877184662072,-0.00033877428736391957,0.07336643096957185,0.20843870992486513,2.820334469037306,0.0009382300652564223,0.04034286982395598
255.43090360511297,4.8492860655008485,4.5102810375396984e-17,1.9977757303636188,0.35577936047875486,3.480520937189205,-0.000580338993119045,0.07455679522440332,0.2133170344083259,2.812583530226774,0.0010190357808442907,0.04081054884943849
255.41313537734788,4.8554868898371115,6.245004513516506e-17,1.9977062447394665,0.3730742148559673,3.4526242454421476,-0.0004563195255255356,0.07634838819264696,0.21379040779622294,2.8300080026850507,0.0009378064890048378,0.04085777869509271
255.42624889804196,4.871900884225798,9.71445146547012e-17,1.997757527587346,0.3618190883437305,3.5043944678410166,-0.00016941026696035534,0.07518905874881157,0.211932013614324,2.8229829067833823,0.0008157998223510341,0.04068234662616893
255.42706733244705,4.8480906492890075,6.245004513516506e-17,1.9977607281828034,0.35722611963197937,3.48832470655912,-0.0006343802516209558,0.0747078020085321,0.21570654792102728,2.809458820726585,0.0009959102631919093,0.041039195513322316
255.3232887892734,5.087232703815486,2.7755575615628914e-17,1.9973548476253278,0.45718338092439514,3.317996793919664,0.0003931167776790121,0.08451825711728077,0.21952782980225793,2.985563404519156,0.0008272745136283207,0.04140503335597306
255.24150601484052,5.000237181151367,-1.1102230246251565e-16,1.9970349349678096,0.5142310727055014,3.3242219088284735,1.8366935434157346e-05,0.08963738156416184,0.24426291245400034,2.966443436658819,0.0012241826321070571,0.043666982726427585
255.27479078590966,5.065246011312389,1.1796119636642288e-16,1.997165142403061,0.49511388470062323,3.2675726849068907,-0.00026625029166113187,0.08795500872167217,0.23009532938978242,2.95985549557343,0.0010573919190664193,0.042385158760905546
255.29500720458293,5.050885704306834,5.551115123125783e-17,1.9972442233166199,0.4808632930895023,3.351103170492382,7.039689539474741e-05,0.08668035532230237,0.2241295023275906,2.956548683149066,0.0009133867320321658,0.04183512234489161
255.27975629158396,5.036363521972271,4.163336342344337e-17,1.9971845663473367,0.48902707971857406,3.3388439270437154,-0.000549324970588063,0.08741136289224306,0.23121662869747842,2.958012633643188,0.0011259857573805493,0.04248661045286181
255.1852444351625,4.646144133852861,-8.326672684688674e-17,1.9968148247394935,0.4899472838318743,3.4672316394483147,-0.001368428247553136,0.08748459129472078,0.32480828100565684,2.6847622257269177,0.0016770451073168536,0.05034632275613303
255.1492176287974,4.603422209662355,1.1102230246251565e-16,1.996673865569928,0.5122683677219,3.492152761842555,-0.001150874513562221,0.08945875437042884,0.33851400348077426,2.687313430129531,0.0018066475273545298,0.051394325337584236
255.17116914636293,4.624658069712368,6.938893903907228e-17,1.9967597546805476,0.5000734794798181,3.4633295073148744,-0.0015391374117743532,0.08838144133753327,0.3287573741572616,2.682941467346371,0.0016937105869847843,0.0506512421372975
255.17674712154422,4.656130302576922,5.551115123125783e-17,1.9967815788849137,0.5014395817058035,3.418408066823421,-0.001036316821112855,0.0885094317663347,0.3218132967499534,2.6887900838575858,0.0015207906686684736,0.05011839559085168
255.16858088286338,4.632806040443196,-2.7755575615628914e-17,1.9967496278438968,0.5060404552572415,3.4801665556675223,-0.0016010576138918986,0.0889062355963371,0.3253786618793975,2.693722300190439,0.0016976316521384498,0.05038986845295838
255.2059086199472,4.936948842785769,1.734723475976807e-16,1.9968956713325499,0.533770240066332,3.3465012524346283,-0.0004042807972091328,0.09132358160997328,0.26032113998652134,2.928632257782593,0.0012172727191023355,0.04508078474552131
255.17942140555652,4.894400251106458,-1.3877787807814457e-17,1.9967920421170104,0.5459054304115983,3.450805079854164,-0.00043730886554693964,0.09235573133886894,0.2746731640318887,2.910009159126157,0.001425354318688353,0.046301754384313845
255.22474615713435,4.953671450048404,4.85722573273506e-17,1.9969693684944754,0.5175222329913262,3.419992804675774,-0.00048816305828181666,0.08992244762748622,0.257731609874326,2.9256565663924543,0.0011317036012429998,0.04485808120174229
255.44331220211546,4.975083424412382,-1.1449174941446927e-16,1.9978242548227445,0.36771020206932936,3.415014652433939,-0.0003136756126966545,0.07579824216262057,0.18897759581526763,2.9300563325839075,0.0008861769502064862,0.03841356736518624
255.40168701102442,4.923998107799374,2.671474153004283e-16,1.9976614727093418,0.39717631880934684,3.4811996517925574,-0.00031191591669895444,0.07877679029928139,0.20113667016627468,2.9378037532434513,0.0010720609485691717,0.03962613936527975
255.43496748443104,4.961416683694884,-8.673617379884035e-17,1.9977916225032668,0.37370201780784723,3.4156566636571353,-0.0005469102636718975,0.07641200767818565,0.19133049776110692,2.9261690959743056,0.0009417622402168143,0.03865077745196789
255.44289539675327,4.984723937214499,-2.7755575615628914e-17,1.9978226249029891,0.3704422153900596,3.454468402124017,-0.00017518378703854868,0.07607975372009586,0.18666238785667616,2.9332167915876153,0.0007426872818375885,0.03818047041003658
255.40310302679026,4.960866899615581,-5.551115123125783e-17,1.9976670104883842,0.40423935232754576,3.444762666021523,-0.0011435534308699676,0.07946654746287049,0.1926576208822778,2.92594448431849,0.0010990720472272427,0.038780532536026355
255.39109550387514,4.941042576894652,-1.3877787807814457e-17,1.9976200507724309,0.4090503313466253,3.424435556780878,-0.001000544991521011,0.07994004213791085,0.19985416477832624,2.924080921880279,0.0011378134184601729,0.03949767136117578
255.4319035862884,4.971378757908562,-7.632783294297951e-17,1.9977796408852895,0.3793969020471644,3.3787701445566136,-0.0002868544807678483,0.07699346926196926,0.18869951166446444,2.9281867189656214,0.0009168267474469726,0.038384558921443844
255.39442217629346,4.928438712998118,5.898059818321144e-17,1.9976330610261197,0.4036435968519905,3.4513991142291167,-0.0004683223852240512,0.07941480891468448,0.20193422685459322,2.9311711155883944,0.0011476134357591068,0.03970257083242312
255.41737340052356,4.9495109834594,-3.469446951953614e-18,1.99772281845685,0.3855034771165724,3.4194313955479956,-0.0007897899283142505,0.07760713924514663,0.19712312235988605,2.912834578107981,0.001040616513847974,0.03922934502012131
255.42998766730096,4.969449813484119,-1.5265566588595902e-16,1.997772148494812,0.3791494861095716,3.4362326229041598,-0.00038611093633676317,0.07696792603940227,0.19086284658947067,2.928442982210772,0.0008558786409157147,0.038605484852961815
255.39221590366577,4.942414728289892,1.8041124150158794e-16,1.9976244325435095,0.4070985983449479,3.49468198289623,-0.001004818001943289,0.07974901842607708,0.20068549798929575,2.9316649153090815,0.0010460539111170777,0.039582334749941286
255.1939986760533,4.41556822069685,4.85722573273506e-17,1.9968490752466328,0.4551185517152393,3.4381333521150568,-0.0017898966048992692,0.08430909583606258,0.3508827722315225,2.555353193229273,0.0020206580752393437,0.05231814789345795
255.2054718597447,4.422263922259653,2.7755575615628914e-17,1.996893962585022,0.44446536136379666,3.4332455433961675,-0.0016279509825532661,0.0833193917819119,0.3500627788915163,2.55436759313567,0.0019284642640540898,0.052260372039167856
255.2458206297152,4.492211741543554,4.163336342344337e-17,1.9970518138844822,0.42415865523657614,3.4143106052588625,-0.0016145232686036993,0.08139331853835817,0.33002071504821284,2.5722588017806136,0.00169206498008106,0.05074863301033188
255.2704679085579,4.532917870689942,4.163336342344337e-17,1.9971482321227978,0.40766631562780914,3.390287831560848,-0.001071979736710789,0.07980374077152398,0.32186577581434117,2.567101629614129,0.0014842205040990065,0.050123581905573665
255.20118333363155,4.466631982919358,4.163336342344337e-17,1.9968771844026845,0.45561855163142123,3.4741982797814472,-0.002232345411134476,0.0843448664899432,0.34319811473704553,2.5494522983566914,0.0019094437983091176,0.05174542777641584
255.35224550074415,4.431802122951272,8.326672684688674e-17,1.9974681063659383,0.34387614964366636,3.448410381162579,-0.0015418254065450007,0.07328497535373822,0.3038783496121771,2.5427514291332987,0.001571947782794175,0.04869885611093244
255.35164217426038,4.44187760931766,-1.3877787807814457e-17,1.9974657466331727,0.3507456426745158,3.4635870593498996,-0.0015531369102074377,0.07401343413548288,0.29761218306514003,2.568917755418904,0.0015430635797188546,0.0481945446600064
255.36916859476963,4.4653837155446485,1.5959455978986625e-16,1.9975342948979065,0.3372088978622756,3.5210524482638155,-0.0013573430317823014,0.07257442145130837,0.2936225073681567,2.564160069046677,0.001449252382894374,0.0478730143853967
255.3570137236266,4.466401897065509,1.3877787807814457e-17,1.9974867557587623,0.3506463207278788,3.466100308376357,-0.001445888072630108,0.07400512258657864,0.2923399556455035,2.587389701286988,0.0014988868932270544,0.047766716880708986
255.19854092782515,4.751601581439333,0.0,1.996866846336347,0.5052552864644321,3.4364346437750846,-0.0006969609576499328,0.08884890599456058,0.2962037857103892,2.7917242056851093,0.0013159767753217174,0.04808700740313572
255.19529157570125,4.743639532500301,-1.5265566588595902e-16,1.9968541335987293,0.5074338853990237,3.4495284655758547,-0.0007326722827173649,0.08903997782280657,0.29727453889980726,2.799897801573946,0.0012929091987141958,0.04817453394645997
255.2219093741612,4.7621639835638385,2.0816681711721685e-17,1.9969582704631734,0.4864920835403205,3.4557747594417414,-0.0004151326364870574,0.0871852422730569,0.2915985422984997,2.7910069386217176,0.0011637629380190158,0.04771539864164526
255.193503640839,4.746969909486648,-4.163336342344337e-17,1.9968471384630595,0.5090032482754414,3.4438998575831916,-0.0006683199208386823,0.08917807523594116,0.2974931108856702,2.802618738438036,0.00128111446070805,0.048192568665022036
255.09881006424672,5.148298162193591,1.1102230246251565e-16,1.996476623267564,0.6662166126047895,3.2864336497726594,0.0007931401574836328,0.10202453381731486,0.23497332314861963,3.128604847246365,0.0006275071867635996,0.04284081373911041
255.08312816070458,5.135533127345006,-9.020562075079397e-17,1.996415256781767,0.6770554523267773,3.294380654817222,0.0007799610714343771,0.10285126690193439,0.23981638696863314,3.133305098457909,0.0006074412800199135,0.043280440597153975
255.12295336286198,5.1585336650343265,5.551115123125783e-17,1.9965710972301283,0.6456486427764827,3.3179367524969114,0.0011738821257458228,0.10043347073629089,0.23139799436154984,3.121571397434666,0.0004445016184618354,0.042515870557484674
255.0890259847945,5.140774539412453,-6.938893903907228e-18,1.996438336391188,0.6710928058696536,3.311034010504751,0.0007841460720433638,0.10239731542697317,0.2398812093358339,3.132350387173026,0.0006042925493377855,0.04328633477728297
255.43183886534985,5.044690541568445,-3.122502256758253e-17,1.997779387788124,0.40248087453269854,3.3731802400463193,8.095464583486025e-05,0.07930168416193148,0.1656802601174939,3.0819142069267054,0.0006201555603216892,0.035972106405504294
255.41593275614892,5.040548653020846,-6.938893903907228e-18,1.9977171845170745,0.41877475985662116,3.3702815626301508,6.0034394520240304e-05,0.08089098848840444,0.16529248399445662,3.102851842593722,0.0006052475272259413,0.03593022692159735
255.41303694682358,5.04619628758606,9.71445146547012e-17,1.9977058598037196,0.4222347646947478,3.3803604666818083,0.0002225506789115309,0.08122418771247115,0.16472828848169202,3.103830116717322,0.00050256734049097,0.035870422074900245
255.42044866892547,5.04021205163501,4.163336342344337e-17,1.997734844881062,0.4117094445674109,3.3733953700822457,0.00011019133989872195,0.08020566020696049,0.16784188650715398,3.0865720088327335,0.0005971468921610262,0.03620646563704227
255.5484083569067,5.014966851738492,-1.3183898417423734e-16,1.9982351915069125,0.30852992755796055,3.3429889213563486,-0.0001769835343008678,0.0694316123600894,0.14306171553535152,3.0158583184208574,0.0005953843512917489,0.033426264674566476
255.5289703169234,5.0086504221014785,2.255140518769849e-16,1.9981591931580247,0.3261405951380891,3.350231995500935,-0.0002238908978721252,0.07138554946134751,0.1448890879385608,3.0289034623720825,0.000600236166874157,0.03363905046317423
255.54570419060755,5.0141452371518795,7.979727989493313e-17,1.9982246190001371,0.3087087994682568,3.41676197472393,-6.518515746384767e-05,0.06945193116527977,0.14558700992422102,3.004151730980915,0.0005131706576876483,0.03372143488805103
255.54030176864563,5.010083442744469,-1.491862189340054e-16,1.99820349692795,0.31551115940652064,3.3652152725472577,-0.0001655599640699632,0.07021277985968924,0.1441870719478351,3.024350072723984,0.0005770006723564853,0.03355783917084891
255.43028307629783,4.9577649514547275,5.898059818321144e-17,1.9977733037227106,0.3809599912319052,3.3191693843520302,-0.00033930378697076546,0.07715169950129852,0.18875693247032388,2.930937116738903,0.0008417665294961819,0.0383921211192378
255.4149827850839,4.949098452261045,2.42861286636753e-17,1.9977134694487435,0.3932121734416637,3.3108664961184373,-0.0004403127773617765,0.07838205365186655,0.19180504147448896,2.9314585312620194,0.0008582973667830333,0.03870064873034584
255.4570753179869,4.9607740381493155,-1.734723475976807e-17,1.9978780748192682,0.3560005649954721,3.303119079995785,-0.00018569713208763496,0.0745819974566878,0.1869241170176083,2.9100702679143025,0.0007450631236813748,0.03820719232215048
255.43741276825278,4.957048781816219,6.938893903907228e-18,1.9978011849290584,0.373617521740524,3.347519732585964,-0.0003033461496165027,0.0764047234031326,0.18896971000669227,2.936654958529857,0.0008089055872079621,0.03841447033577669
255.235272870625,4.301547705827454,9.020562075079397e-17,1.997010550448724,0.40712748144679045,3.7113354852908547,-0.002435760469030887,0.079720975712441,0.35759964792822396,2.6499518028475157,0.0015694270588826652,0.05283260497217695
255.24652815219545,4.309965424863451,9.71445146547012e-17,1.9970545817223058,0.3961343905838043,3.7184354497173464,-0.002018383658702171,0.07864811491878382,0.3573374572207967,2.6484231976540578,0.001389086578338586,0.05281826694445165
255.2497995513852,4.324711158287627,1.5265566588595902e-16,1.9970673794317493,0.3910107958800905,3.7108698724511613,-0.0018923206966319078,0.07814066040165973,0.35918965273467385,2.652956997434674,0.0013265877771723722,0.05295667405397639
255.26168863082214,4.346994343463183,3.469446951953614e-17,1.997113888804691,0.3854336329751384,3.7245429102752317,-0.0016308051542722477,0.0775869898229422,0.3528777362027513,2.657686436966342,0.0011720249856955025,0.052492701126127056
255.24573230330273,4.3422406398031965,6.938893903907228e-17,1.9970514683500535,0.39989837141776385,3.7173452376765734,-0.0020480157915898126,0.0790203624689229,0.35436932527954546,2.664454772606743,0.001364609492985577,0.052598937201031946
255.2001986997418,4.968270882964327,1.249000902703301e-16,1.9968733321579177,0.5377376390819943,3.6459418200304112,0.000187001614077263,0.09166305494064932,0.2620636611762346,3.160937644109181,0.00034322822071557353,0.04524659708008811
255.14016657088484,4.962546346135273,1.249000902703301e-16,1.9966384506640342,0.5949437239617127,3.6646727337721767,-0.0007763071854118221,0.09641261864536012,0.2648897051534904,3.157547239118638,0.0005228167028984282,0.04548821258531505
255.1895525675609,4.974136429524275,-1.5265566588595902e-16,1.9968316801543735,0.5463936644612839,3.658840145056624,0.00027214363416422057,0.0923976565993421,0.26405376797788443,3.1688120022527277,0.0001415424655779934,0.04541915926189806
255.21811545839512,4.979971980257414,-1.3877787807814457e-17,1.9969434278510305,0.5251950721489649,3.69190189906728,0.0005941230682011069,0.09058598136636489,0.25668946945590776,3.168330049293603,-5.3674301063818056e-05,0.04478150956805369
255.17494874373227,4.974882020961348,-5.551115123125783e-17,1.9967745426364032,0.5600982719695692,3.658029471254882,2.1351873600751817e-05,0.09354963946281146,0.2649529842981623,3.169904839526098,0.0002234650832640692,0.045496101516349224
255.24343681619055,4.651909602287434,-1.7694179454963432e-16,1.997042488344446,0.4562398482222195,3.798476940223484,-0.0007207243452903556,0.08442883503217538,0.30032333558736635,2.9679091188771936,0.0007814211717497173,0.04843207036900901
255.23213747149504,4.653694965019341,3.8163916471489756e-17,1.9969982844239276,0.46777171839927095,3.791537199155847,-0.000891474411909465,0.08548765041432312,0.30009081010566246,2.9698755808291497,0.000785562469728113,0.048413245559006286
255.22805558559202,4.657262309530005,9.020562075079397e-17,1.996982315526323,0.4733226675227302,3.7862108367569443,-0.0009450153856984493,0.08599286962279752,0.2986217468851875,2.9765190103086274,0.0007751944240775739,0.04829473543923195
255.2289531706386,4.6559919138727714,1.3877787807814457e-17,1.9969858270131082,0.47039258623176117,3.787572651322776,-0.0008430339435766283,0.08572732034562404,0.3006542431297217,2.9774070825156027,0.0007219158245720849,0.04845967511233627
255.1773865365338,4.631705320362778,-8.326672684688674e-17,1.9967840806239767,0.5107849742527113,3.763554858259213,-0.0016395242076784936,0.08932148220372886,0.3118284892135939,2.9533714145562247,0.0010815808337474868,0.04934562042249821
255.42945567156607,4.893724840118217,3.469446951953614e-17,1.9977700680679495,0.35214837033953805,3.75767253531157,-0.000777940813559707,0.07417353365349315,0.2183959580944522,3.001174045321104,0.0007032838593075386,0.0413004093735903
255.4387638411886,4.897113689516415,1.0408340855860843e-16,1.9978064683593784,0.3476556864588913,3.8195226743493973,-0.00042653991409770907,0.07370168359421553,0.21358047235246497,3.046865414264274,0.0004428189918404586,0.040846068985816705
255.4397363387281,4.903876356153242,1.734723475976807e-17,1.9978102713452612,0.3511265853587554,3.7913208999358567,-0.0008121290912166974,0.07406546659928466,0.20913707591322422,3.0314790199845474,0.0005590111526164655,0.040417458011400405
255.41862695850403,4.899040104242603,9.71445146547012e-17,1.9977277207434014,0.36711920849058904,3.7939669067829858,-0.0010543968590101464,0.07573061388850062,0.21425383300533313,3.0238698189390263,0.0006558778204278948,0.040907553026780216
255.48745030791434,4.910293300913139,9.71445146547012e-17,1.9979968496124216,0.30637878740786373,3.80736646213987,0.0001350252086666239,0.06918923558936675,0.2061709046778487,2.991466850731423,0.00028301848979171923,0.04013265619579807
255.43991631513455,4.904438376641275,1.2836953722228372e-16,1.9978109751485444,0.35000063707230034,3.799530081121236,-0.0006687310881142655,0.0739480409002597,0.2100830477930766,3.0406717157675196,0.00047885340075596455,0.04050980758167083
255.16033578252961,4.6503003253850554,4.163336342344337e-17,1.9967173677318544,0.49331571181669986,3.477684257988723,-0.00026317847086093724,0.08779515211119808,0.3463485056537568,2.7029738344941947,0.0013663329822887211,0.05199981571699543
255.15025622849416,4.64495920683461,-2.7755575615628914e-17,1.9966779293542114,0.5025161306451441,3.450044122012568,-0.0005116529928854492,0.08860898798962354,0.3472276408607121,2.7025766989806574,0.001411063764610403,0.05206462180095536
255.14508722159326,4.642379501966842,-4.85722573273506e-17,1.9966577042240852,0.510882519851533,3.45257343803541,-0.0006824211817627176,0.08934245169017294,0.34403025855522207,2.7195010576709717,0.0014201512379828259,0.05182392850241989
255.10970070247942,4.604489271994929,4.163336342344337e-17,1.9965192394455509,0.5355130109999439,3.496074223319135,-0.001014326699509161,0.09146781913996192,0.35478628652061334,2.693447894885396,0.001659504740119132,0.05262142061423099
255.07527004873293,4.561923584223593,-1.3877787807814457e-17,1.9963845056780651,0.5558581633420987,3.5091324067249094,-0.001132307644008991,0.09318799108050141,0.3688717879250218,2.703883725866021,0.0018230169464237562,0.053651537278788984
255.24573747844306,4.454998879007677,-6.938893903907228e-18,1.9970514885952924,0.43715338074535337,3.576018264538204,-0.0015728687481220416,0.08263200141620272,0.31710914081159375,2.660242823278236,0.0017831075341598007,0.04974168965879827
255.27178664881015,4.508133882563154,-6.938893903907228e-17,1.9971533908009316,0.4196531724187759,3.5820386010375986,-0.0007957501709408283,0.08097189389355311,0.30856017877113245,2.6684084824150753,0.0014693427324096089,0.04907613909614516
255.27000826297962,4.527703938791369,-1.249000902703301e-16,1.9971464340676315,0.42759856019433984,3.5400138923150175,-0.001630740786134534,0.08172250722735444,0.30239317682604683,2.666648549852974,0.001556392721113212,0.04858008167604453
255.26108813535123,4.534492873684382,2.7755575615628914e-17,1.9971115397280301,0.4356649678267915,3.5374091832873003,-0.0016727620810769424,0.08248919316682476,0.30324689682195116,2.675236024605184,0.0015375678545574332,0.048649278170535326
255.27302883184328,4.532267035636234,-1.3877787807814457e-17,1.997158249988606,0.42153750862349193,3.5262311737182754,-0.0013067230005987251,0.08114687946706126,0.30543365953330115,2.6599754600542327,0.0014915204147957035,0.048825974971895475
255.26514283497266,4.540931805606652,-2.7755575615628914e-17,1.9971274012432076,0.435595705055311,3.5744754134447625,-0.0018220932301974261,0.08247946937116958,0.299261459972144,2.684063900524622,0.001564583032977499,0.04832734459873927
255.2004337058224,5.0259211628675855,-1.3877787807814457e-17,1.9968742515875844,0.5686853951675784,3.3752022865641083,0.0002473391668243543,0.09426371583398337,0.23088089901007552,3.0679819372518415,0.0009838036995095,0.04245926464032374
255.12769640570053,4.986913725505154,4.85722573273506e-17,1.9965896564740264,0.6278836567774094,3.4379616096503347,-0.0002981134048021883,0.0990484389859068,0.2444199375221402,3.0716754631962764,0.0011853359650034437,0.043682098627948154
255.13115904740218,4.982656522062369,4.85722573273506e-17,1.9966032054756546,0.6194340583354032,3.4289768793467186,-0.0004090973850196769,0.09837931591965988,0.24940689426249563,3.05309697415123,0.0011858683114045537,0.04412578699325094
255.17392502575458,4.99646675756925,2.2898349882893854e-16,1.99677053727448,0.5853334404774043,3.479842856123716,0.0002158582486423903,0.0956336154951591,0.24074153376801308,3.0707133379518257,0.0009714664230945972,0.043357231064165086
255.13644732899868,4.983777042295567,1.8735013540549517e-16,1.9966238978624904,0.6163225066582714,3.4587051934712587,-0.0004500334108069777,0.09813173103774664,0.24723016434316242,3.0594796637221675,0.00119253873265357,0.043932488095964665
255.12469040138265,5.091525198173368,4.163336342344337e-17,1.9965778941783374,0.6408475888317413,3.434068591692432,0.0007572619476073953,0.10006333059537177,0.23446200978556514,3.1613483015414054,0.0009100464412457134,0.0427890905129392
255.18867345797815,5.126730483469022,-1.0408340855860843e-16,1.9968282406809326,0.5929767334733762,3.4137374126892523,0.0009404182301386843,0.09625163413716116,0.218349808548496,3.1543790991110976,0.0007686848244831698,0.041294878652512516
255.11426705166812,5.085795577252659,-6.245004513516506e-17,1.9965371077649205,0.652136687625869,3.4329345635950377,0.00034029094495740273,0.10094315205216738,0.23359626070602457,3.1505014999691325,0.0009850491082395354,0.0427083184522661
255.09197294414253,5.081340364363095,-1.1796119636642288e-16,1.9964498684545593,0.6716752430254771,3.4277858238822922,0.00024924931276217033,0.1024444412696617,0.23635181283203338,3.154854754864619,0.000971102694324769,0.04295992897232648
255.10976002186936,5.084149820061473,-3.469446951953614e-17,1.996519471565882,0.6573268347829038,3.4731675574180274,0.0005057962068050485,0.10134335678119238,0.2329131433477698,3.166071306662455,0.0008265909658156685,0.04264915801958679
255.11114434182704,5.082166615302171,2.7755575615628914e-17,1.996524888485252,0.6546738634622788,3.4467890117996975,0.00020565010057216858,0.10113968966055928,0.23418179471074815,3.151028619901397,0.0009878920241251808,0.04276177429113985
255.26165945288795,5.169851026579972,-1.1102230246251565e-16,1.9971137746636705,0.5528796384751806,3.383762605884571,0.0007114222652946987,0.09294212300961895,0.1854609086368428,3.2073177704630247,0.0007198968648432959,0.03805778628913305
255.30586669969014,5.204534535174528,-5.551115123125783e-17,1.9972867012982034,0.5212458681934766,3.3411205338574597,0.00041741993963202197,0.0902457337003643,0.1728874321164254,3.2015673255155357,0.0005028680867278783,0.03674819978035555
255.26805765108358,5.199148656577252,1.0408340855860843e-16,1.9971388035883186,0.5568831385364972,3.3269688519303138,0.0003113688861709975,0.09328023418200392,0.1750592103799792,3.218990683380383,0.000501716250611011,0.03697834990771574
255.27945033851162,5.197235843214028,-1.3877787807814457e-17,1.9971833695330141,0.5453308332612884,3.332263361878188,0.0005483235487967267,0.092306519872615,0.17521882822712603,3.203214408260605,0.0004495500339168813,0.036995878152727056
255.2789394007981,5.1990911864935825,1.1102230246251565e-16,1.99718137086682,0.5462717274478963,3.369160065515634,0.0001641790267776144,0.09238760082727847,0.17478887175404945,3.21516690084724,0.0005515814110453922,0.03694907060435351
255.2724524474082,5.117938906858567,5.551115123125783e-17,1.9971559952819793,0.5017202753405996,3.3138971580374568,0.0006143630998785526,0.08853813788519824,0.2258272772511624,3.0329871205390706,0.0007714713608894762,0.041996195487972884
255.25841884623117,5.107038802281295,-1.3183898417423734e-16,1.9971010977094679,0.5119078814701221,3.291006720152118,0.00052260996552451,0.08943314557139648,0.22967327229873613,3.0259517839193264,0.0007887483065126215,0.04235209930974909
255.2321125396579,5.108874002651996,9.71445146547012e-17,1.9969981868875482,0.5395849666285917,3.255060959103254,0.00047498732053210656,0.09181933070229317,0.22830249371348685,3.040694457562581,0.0007966953716382704,0.04222533017776683
255.24115658357664,5.098055718528514,8.326672684688674e-17,1.9970335679748563,0.5277490248430691,3.29187270704624,0.0003672582559761813,0.09080717832058416,0.23109439158031553,3.0355113466602166,0.0007742475418221883,0.042483237576309986
255.26097983742238,5.117140946747745,-2.0816681711721685e-17,1.9971111160773516,0.5142025078624057,3.3602430301742383,0.0007764133013511,0.08963153110226095,0.22481765471524473,3.0285181693376777,0.0006310339498696006,0.04190453106308388
255.2532579974951,5.107553001611526,1.5265566588595902e-16,1.9970809087793266,0.5171570215340271,3.3099577146176875,0.00032329382999501943,0.08989145644925697,0.22958498097095437,3.03523859895701,0.0007910943162601356,0.042343911411422096
255.15992367696703,4.980831864138512,1.1102230246251565e-16,1.9967157552973358,0.5761774417437828,3.388624065327509,-0.00013735765382708346,0.09488284175825228,0.2638988812892447,2.9881312254624435,0.0010766890948645936,0.0453932897096611
255.1371928967239,4.970248856744602,2.498001805406602e-16,1.9966268151588344,0.5983898182834892,3.3868324102646366,-0.0001576624801420414,0.09669444685824453,0.2644172849926757,3.000681402160007,0.001043781295896436,0.04543864610231709
255.14382116497856,4.962738098175695,0.0,1.9966527504057359,0.590044967615245,3.4107213783484918,-0.00028079804323197883,0.0960175701184274,0.2661338674061968,2.9864821112372333,0.001093099574311081,0.045584821733023737
255.115853504151,4.957833835012535,4.85722573273506e-17,1.9965433155838015,0.6162357928252389,3.407675999025736,-0.000333535652916011,0.09812529244217613,0.26791070302384173,3.0044352753615406,0.0010731034302195364,0.04573730224228157
255.15654919433348,4.974277514997695,1.0408340855860843e-16,1.9967025519995363,0.5804151450232564,3.3844464958286107,8.170751892835155e-05,0.09523119218443991,0.263035660643216,2.9838293496566255,0.00091906953010021,0.04532241619743994
255.12116609462709,4.95920450691335,2.1510571102112408e-16,1.9965641037113104,0.6090235745669295,3.3879470269766268,-0.00024995400604909887,0.09754963288297466,0.26981033080603634,2.998791159539378,0.0010379196790036203,0.04590006462045664
255.15309068812837,5.001198477242982,-1.6653345369377348e-16,1.9966890198531182,0.5985198152968958,3.332675235204598,2.974280062665929e-05,0.09670507344177869,0.24838949657463827,3.0355573068650235,0.0009665712541445925,0.04404098865829448
255.17652519614688,4.981343865784795,-8.326672684688674e-17,1.9967807105913746,0.5714867969551614,3.3687076301828274,-0.00010379985602131754,0.09449587519047743,0.25198800689798406,3.0158264436708784,0.0009853978971376507,0.04435859888313446
255.18695332491973,4.9866059823651145,5.551115123125783e-17,1.996821510726953,0.5636676956095251,3.372434640691295,2.7477132148218293e-06,0.0938472574791022,0.2493789794708185,3.017956446057279,0.0009457926827748551,0.044129114576625925
254.95284365787717,4.589275422063672,1.3877787807814457e-17,1.995905354007131,0.6017031783273452,3.421211768792214,-0.0013930074583547876,0.09695190401217366,0.44545316379555155,2.574642140361334,0.0018367668336116134,0.058963795075891196
255.1975585340553,5.002563066500687,1.5265566588595902e-16,1.9968630028358516,0.5580154144573277,3.3919567857011836,0.00036383458984884896,0.09337482784609016,0.2444260514874251,3.022321759724661,0.0007721048228965466,0.04369190292706382
255.15121530351394,4.979456851124892,1.5265566588595902e-16,1.9966816819707154,0.5948689399550974,3.3920007405561066,-0.0003087457860912039,0.09640918972192417,0.25391575653097015,3.0313518847500474,0.001007233919309355,0.04452754571868965
255.34086312358707,5.160154684400533,1.3877787807814457e-16,1.9974235871006552,0.4831245576153116,3.296922920063821,0.0004391214201901932,0.0868828428696804,0.1760123187976834,3.1463407963894907,0.0006125742541908118,0.03707723012025041
255.3540728504056,5.149249243698431,-6.245004513516506e-17,1.9974752534856564,0.4685792713905367,3.360849558334356,0.00040826398278014835,0.08556508888558173,0.17734787820394793,3.138132033631817,0.0005853209776905759,0.03721810980989521
255.33310924255704,5.150476183315359,-8.673617379884035e-17,1.9973932592043444,0.48996217902676553,3.3169633493330637,0.0003413046913074056,0.08749595738318944,0.17692857841623627,3.1467957809055256,0.0006007163955285297,0.037173830293487226
255.3429501197938,5.142355707864829,5.551115123125783e-17,1.997431749928337,0.4794477807035336,3.3621674038621086,0.0002411822102633453,0.08655237376660542,0.17760209950268002,3.1467884860476794,0.0005943943317734291,0.03724463851003314
255.34327111099202,5.152322001968566,9.71445146547012e-17,1.9974330054120089,0.48079352691329924,3.367236125007234,0.0005754789795090532,0.08667218516897128,0.1759353620946313,3.1494118087927427,0.0004443635516934465,0.03707151949135931
255.31930143172573,5.141485617932949,0.0,1.9973392513217965,0.5010439098172355,3.334438025183161,0.00018552546571954731,0.08848037449737582,0.17965465845706685,3.150774054603077,0.0006261951647592809,0.037458775991901644
255.49418572749505,5.126013465826495,1.734723475976807e-17,1.998023186049679,0.36725290480361394,3.289976712056257,0.0003100459516062531,0.07575110896260437,0.13856136770137392,3.142869874884033,0.0004836957154555466,0.032897974460775456
255.48218654893935,5.117316024028921,2.0816681711721685e-17,1.997976267333318,0.3768306107790406,3.3042333242606783,0.00018915269912257986,0.07673292979340046,0.140982840281649,3.1386950559029234,0.0005057119025087,0.03318392223912122
255.48658473259613,5.124098300562586,7.632783294297951e-17,1.9979934650660933,0.374954604108352,3.2759006763919913,0.00017573007242543525,0.07654171939625243,0.13846066329556364,3.1446449696705323,0.0004899741450774082,0.03288592187142922
255.4668121165172,5.116854123103041,-1.1449174941446927e-16,1.9979161492216286,0.39146186103710867,3.284443696408992,0.00011061402288145691,0.07820856310687958,0.14172602244572527,3.150443207386899,0.0004955290084253675,0.03327144423314139
255.48195229983278,5.1290985911327045,1.0061396160665481e-16,1.9979753513707037,0.38011652377942035,3.3005300106839095,0.00037279241917824576,0.07706608663910246,0.13793117638788588,3.1507573608906627,0.0003702940510900445,0.03282453652142076
255.47662582181073,5.118750039506544,1.2836953722228372e-16,1.9979545236230463,0.3824076424221854,3.30572299281046,3.7908698641816833e-05,0.07729888728679873,0.14096653576710283,3.1474313758324253,0.0005162641994535977,0.03318184039436109
255.384671685043,4.901357097596556,9.367506770274758e-17,1.9975949276764788,0.3953921241785406,3.3559912117366553,-0.0006361982421169985,0.07859769202773338,0.21993619077847726,2.8458487856695207,0.0010784706888702107,0.041437765280358696
255.39186904839917,4.896248194971019,1.0408340855860843e-16,1.9976230760284177,0.389614419308887,3.3749730107164204,-0.0006881498900437174,0.07802084177596517,0.21851653229195517,2.8469494147017738,0.001077232333762277,0.0413037526022757
255.3937412954126,4.900492584507644,2.7755575615628914e-17,1.9976303981820118,0.3898565578937707,3.374695877538865,-0.0007289003501773457,0.07804471424362881,0.2164021466935992,2.8498296607219338,0.0010839969219778292,0.041103123016589464
255.3869324395458,4.8921190360135824,1.457167719820518e-16,1.997603769361658,0.3927358536980746,3.381605485254436,-0.0008019724988193228,0.07833169571855032,0.22033170675614333,2.8461456570291093,0.0010724844052605645,0.0414751882000895
255.4121951352509,4.906850740360056,9.71445146547012e-17,1.9977025676982787,0.37287430864113236,3.328490865854227,-0.00047096711808497244,0.07632784067751017,0.2149305561080139,2.8353214539629445,0.0009534960318032843,0.04096627655659218
255.3917409657035,4.892910731945204,-6.938893903907228e-18,1.9976225751100023,0.38918359229109406,3.406314010824129,-0.0008506524673368683,0.0779760862055038,0.2190754420054511,2.849859209437123,0.0010849122487309624,0.04135637624454227
255.36617687061624,4.669829880576558,1.457167719820518e-16,1.997522594015742,0.38116155929147866,3.4670781738599743,-0.0008602187203090562,0.07716805937486432,0.25266157009235435,2.780281255129103,0.0012599160591629805,0.04441093477816451
255.36143127077554,4.662600057713201,9.71445146547012e-17,1.9975040334391987,0.38071590136861555,3.471075020037791,-0.0008543625221852902,0.07712299283330039,0.2578528278558423,2.7656949491016354,0.001243797369842693,0.044865668230023505
255.3574628439474,4.664820163291536,6.938893903907228e-18,1.9974885123416048,0.3839082108889915,3.4581360765431306,-0.0009137350721124919,0.07744501845411675,0.258628945163709,2.765699666563261,0.0012625037989079158,0.04493266871942084
255.36262755843222,4.674775503771177,-1.3877787807814457e-17,1.9975087122714894,0.3824630799446789,3.460989414418516,-0.0009235096973902288,0.07729898287800709,0.25490936162315503,2.7759188635822367,0.0012139888654909435,0.04460947902313322
255.32217606741546,4.6044820380392935,1.1102230246251565e-16,1.9973504952945458,0.4061942052216519,3.5674895904514656,-0.0009082187882333559,0.07966153146419551,0.2716297273628862,2.7665933404556746,0.0014056177962534283,0.046044885531765674
255.35268796603623,4.677832800200735,6.938893903907228e-17,1.9974698369360464,0.3894363542941186,3.4514296785894327,-0.000871795199451313,0.07800117312563842,0.25787567966963354,2.7722617188994834,0.0011968271695769485,0.04486893526868199
255.1720884267508,4.8752831883500924,-1.6653345369377348e-16,1.996763351443526,0.5484981384468727,3.4214359721306318,-0.00016734442088946287,0.09257567395961631,0.27941343480236325,2.9338597063564626,0.0011393971965852356,0.04670780698579068
255.14813589366054,4.867124405340704,7.632783294297951e-17,1.9966696329985203,0.5668012191417762,3.391616847722505,-0.00013748885665688937,0.09410765189879379,0.2850628871977039,2.9315911455835715,0.001114750073365586,0.04717850292777414
255.17104749773375,4.863852167702072,-1.1102230246251565e-16,1.996759278719418,0.5486969963930746,3.451513960761938,-0.00025052155385483273,0.09259226645672328,0.2802555058732363,2.9334505862611477,0.0011218056490369076,0.04677860292612902
255.14202368409627,4.868742931233125,1.8041124150158794e-16,1.9966457172127468,0.5730462014576944,3.421873551725576,-0.0002426761226767605,0.094624457758425,0.2849301144460628,2.9373843685754455,0.001100087944847896,0.04716785267132124
255.1034379929766,4.809066781577148,-1.3877787807814457e-16,1.996494732935767,0.5927174248250181,3.4386738009898505,-7.836373504998672e-05,0.09623514753984605,0.30384458219838695,2.9118539845593063,0.0012763228627450459,0.04870479235532097
255.15695773102,4.869827891743569,-4.85722573273506e-17,1.9967041504807834,0.5606651156637776,3.4193351817595854,-0.00018325008828334616,0.09359678868236702,0.2823771533162856,2.933044224558694,0.0010688026558769504,0.04695667334007247
255.1621900295991,3.8900014346694545,8.326672684688674e-17,1.9967246227791366,0.42546306128996186,3.4597526568795227,-0.002322447870232576,0.08150132863055488,0.41234690911097466,2.4513847095971935,0.00208383942652913,0.05671964245897476
255.11443056146916,3.8340955279194864,-5.551115123125783e-17,1.9965377475827888,0.45671910503787533,3.4655167758152947,-0.002151626313708048,0.0844488396629756,0.42885033349304813,2.45597938881072,0.00216400047513357,0.05784211555914998
255.48659978469178,4.883372364016395,9.020562075079397e-17,1.9979935239223898,0.33229036483059005,3.4482676737879006,-0.0005697258425550441,0.07205353817087884,0.1811098504776723,2.8738932323594995,0.0009149952297597765,0.037604301490472225
255.49792229817737,4.889915345110481,4.85722573273506e-17,1.9980377964165297,0.3224559881422072,3.4583435181212403,-0.000517229255936915,0.07097962586981416,0.17962171368037982,2.8780718020841407,0.0008609170117529425,0.0374506803680099
255.49515414061813,4.880171358891964,3.122502256758253e-17,1.998026972652561,0.32558628179485566,3.466305930864899,-0.0006222875282872,0.07132249582899325,0.179259577587027,2.8789634211820876,0.0009004360486868564,0.03741195884768497
255.50517102098064,4.877674056866602,2.0816681711721685e-17,1.9980661393464487,0.31463124847749646,3.4851495325789803,-0.0006244928710853557,0.07011221909278614,0.18019773054191987,2.871557721130213,0.0008639632350745222,0.03751064298818655
255.48833548882848,4.851202923740519,-2.0816681711721685e-17,1.998000310814026,0.3254543396720469,3.5720969243868055,-0.0005711469265708841,0.07130846968322908,0.18621017149952865,2.870610623713545,0.0009730039543587324,0.038128994586074126
255.50252589190225,4.882170366810984,3.122502256758253e-17,1.9980557967837067,0.31763998157127704,3.4653582125522826,-0.0005880924920434127,0.07044699325927266,0.17983412652653402,2.8665898121387317,0.0008635590874615942,0.03747276850182022
255.53134176401127,4.717522028416333,-3.469446951953614e-18,1.9981684651356793,0.28091773630213335,3.5361295316437786,-0.0011094183910516483,0.06624280202825383,0.18774049968663942,2.7590145598356406,0.0010683403094240596,0.038282911367673304
255.53275505676282,4.706560100167741,-6.938893903907228e-18,1.9981739908631377,0.2751781472794805,3.5390668551297852,-0.0011007898376277758,0.0655625412333541,0.19206679595777643,2.746987130137411,0.0010517814494267399,0.03872228814523711
255.5247995008555,4.7089695469394925,-4.163336342344337e-17,1.9981428858319585,0.28225317343445855,3.5341926171788964,-0.0011703124297028195,0.06639906779263018,0.19294732571006046,2.7435829240792358,0.0010765680739778238,0.03881033346020025
255.53017379079915,4.706378621802857,1.4224732503009818e-16,1.9981638985531787,0.2784545339056076,3.575172483904517,-0.0011505374137552715,0.0659509541700093,0.1913716752952352,2.751928235146961,0.0010418466146403624,0.038652370805367
255.51068499263934,4.68503320079739,-4.85722573273506e-17,1.9980876990287462,0.2922129717236778,3.629579187477228,-0.001088677002021277,0.06756213781081631,0.1971020356370234,2.761474098536831,0.001141941337163611,0.0392244263616018
255.5271149981233,4.7249109386757375,3.469446951953614e-17,1.9981519391291735,0.2812159716708502,3.5380140845507357,-0.0010680484568253738,0.06627864535316717,0.19166903020590778,2.7545058978140293,0.0010135595722630902,0.03868316165306462
255.31282923360027,4.482414524012691,-4.163336342344337e-17,1.9973139354580702,0.3833268117631598,3.4570517471382907,-0.001516798708410017,0.07737687481074391,0.3038439546366227,2.588499626300132,0.0015963327045022363,0.04869530385463419
255.3185486458956,4.503302171759479,1.1796119636642288e-16,1.9973363068327072,0.3795232689633876,3.437554774560917,-0.0014491847348977465,0.07699318762823808,0.30192808514101316,2.5950803389756962,0.0015396568366798707,0.04854320366425593
255.3097304956333,4.492203634741095,4.163336342344337e-17,1.997301814697586,0.3885852767103599,3.4408030027768914,-0.0015562880147786144,0.07790521751599458,0.30168422765639336,2.5971152902721295,0.0015715295797286957,0.0485225547899697
255.28348605661387,4.441273478116642,8.326672684688674e-17,1.997199156227188,0.39870131358578803,3.4282417971018577,-0.001497624560918209,0.07891428986851794,0.31781262980037295,2.5791170373704166,0.0017005128631067939,0.04979979343649753
255.21529243032003,4.853403598680396,1.3183898417423734e-16,1.9969323834881716,0.49190988494480703,3.3786807740998546,-0.00020056975322697151,0.0876701301700682,0.29279768473515144,2.7937310773636215,0.0012469046514517316,0.04781137041315128
255.1901974369605,4.844159589659791,1.6653345369377348e-16,1.996834203170736,0.5154764917730102,3.3388300145191763,-0.0004069406032877927,0.08974494182570225,0.2943260712665692,2.792003231598793,0.0012804087516258464,0.0479351956833268
255.202633379176,4.833847421608555,4.85722573273506e-17,1.9968828574930542,0.49990403557239405,3.37186083176951,-0.0004651311909098345,0.08837864113457447,0.2974625852516846,2.7829658619856494,0.0012700054726696368,0.04819038839206606
255.2074178522529,4.854684543199509,4.163336342344337e-17,1.9969015759274296,0.5019272883107985,3.4295702671116057,1.57879165991622e-05,0.08855853222924326,0.2906548594363951,2.790398026014124,0.001103048075785409,0.04763952533652431
255.20903193470787,4.848731831216366,-3.469446951953614e-17,1.9969078907099873,0.4982450377122272,3.3799933584326913,-0.00035165389593846486,0.08823239231592342,0.29272302757998664,2.799042789811076,0.0012260592120002588,0.04780580960278065
255.4531836399732,5.088389924181121,-1.4224732503009818e-16,1.9978628567483256,0.38020169162751877,3.4371157353607154,0.0002470620968349035,0.07707522553973027,0.16661466839928518,3.0347855628611784,0.0006112929745428627,0.036073583378542946
255.45252966123167,5.096281214093533,-7.979727989493313e-17,1.997860299409532,0.38341095915843715,3.3591075533036054,0.00018266260501879515,0.07740001854795196,0.1640593796098827,3.0390014520631374,0.0005772272199698027,0.03579637847518565
255.44903901639384,5.092061550880783,2.3592239273284576e-16,1.997846649428117,0.3858117205492382,3.368488549672102,0.00019292312608414856,0.07764194043330748,0.16514926305694666,3.041513377896345,0.0005601270102814326,0.03591538493967103
255.45321784584416,5.0979187171489935,4.85722573273506e-17,1.9978629905079366,0.38404623873997634,3.4177366140326737,0.00026787141027863337,0.07746386722349773,0.162735915415847,3.041615873919726,0.0004818702105889973,0.03565308037584483
255.4438032785394,5.090005827185103,3.469446951953614e-18,1.9978261751782056,0.39003429816616997,3.36377967618632,9.614038670373087e-05,0.07806584826844866,0.16616242329447573,3.0398169683506553,0.000583620499264517,0.03602503739208233
255.498291935723,5.043770530743561,-1.214306433183765e-16,1.99803924173067,0.3443258597171867,3.3161350497845317,-3.611885711820228e-05,0.07334909851872212,0.15738220455984173,2.9839246099958068,0.0006314362960895991,0.0350592321839447
255.52525555071756,5.043637010213635,-5.204170427930421e-17,1.998144668931647,0.3208698447889988,3.379441853617708,-8.112208473850862e-05,0.07080667160681593,0.15387460449354884,2.9804441468980665,0.0006114624907852504,0.034666575562466696
255.50498082417013,5.041675460567799,-3.469446951953614e-17,1.998065395670937,0.3374959155630619,3.369068945113947,-3.755892705173316e-05,0.07261798861163701,0.1575232602668743,2.9840150795833615,0.0005766665665042338,0.035075888107160336
255.51165779060705,5.049596419694433,9.367506770274758e-17,1.998091502654029,0.3335146898582389,3.4066611378599703,9.657445277086799e-05,0.07218834879958161,0.1548275195347362,2.983372008091625,0.0004951483829913251,0.03477563550021692
255.49283986185907,5.036241619311911,2.7755575615628914e-17,1.998017923553627,0.34910838241282405,3.345263921736804,-0.000355949122730799,0.07385588517797619,0.1580517557280885,2.9858557659062486,0.0006869368810515011,0.035132712097803415
255.02948177772362,4.67717811817096,2.0816681711721685e-16,1.9962053132824118,0.6460376372517824,3.671350118423055,-0.0012838750671678853,0.10046237975914668,0.32448058502459204,2.886828755130265,0.0014906075350686844,0.050326758883133156
255.0204924558654,4.62984171329426,-1.1102230246251565e-16,1.9961701316828926,0.6381935962837784,3.557883780327116,-0.0008079459810023284,0.09985550643417627,0.34131394785089153,2.8688180603285844,0.0015857551944447553,0.05161395739573144
255.05959123858145,4.646954996197202,-8.326672684688674e-17,1.9963231484664088,0.6045668475415954,3.599412046010017,-0.00042352681038340233,0.09719144827544404,0.33584191387693463,2.8592892248799244,0.0014523071198067933,0.051202106950723324
255.02660156265662,4.6379832038229125,-2.3592239273284576e-16,1.996194041023194,0.6342433134808281,3.582286630208149,-0.0006847220050629674,0.0995468880925653,0.33915512386256336,2.880776919297504,0.001542282073799938,0.05145163526245898
255.27559691905373,4.910230799600059,5.898059818321144e-17,1.997168295827924,0.500271053577244,3.5423400790747723,6.848110272050052e-05,0.08841227585851982,0.22413202736901616,3.035620183089577,0.001026702382632516,0.041832730559191754
255.2635226941963,4.8997027876411385,-3.8163916471489756e-17,1.9971210634552972,0.5117105916187303,3.546336152356222,-0.000620668588234449,0.08941528261178981,0.22476671418499578,3.0131219365704482,0.001164102166438362,0.041888361399276215
255.2705628146402,4.903828384691418,-1.6653345369377348e-16,1.9971486033790158,0.506216511430477,3.57889760689309,-0.0004312432671636692,0.08893507193647358,0.2232206739293619,3.0177982528722307,0.0010607411973019834,0.041746692601755724
255.38872795558262,5.062332010714598,-3.469446951953614e-18,1.9976107914971772,0.44178781534692246,3.424476148056028,0.0001492842822931194,0.08308376694035198,0.1694842290705085,3.1250893934141932,0.0008122494090905974,0.03637905703163263
255.37186969973072,5.056720753832091,-7.632783294297951e-17,1.9975448590853455,0.45662140066074364,3.4265052217903875,-0.00017047632946639224,0.0844670369028369,0.17150889960859772,3.1152807351881417,0.0008858717158608598,0.03659410484620723
255.1921881168057,4.111762874428598,-1.6653345369377348e-16,1.9968419915769724,0.4191243700230935,3.4837679414570375,-0.0023057399773819447,0.08089191458216043,0.3886875131711414,2.4613572735878777,0.002035675718094132,0.05506793278324786
255.17648579842677,4.128723829003889,6.938893903907228e-17,1.9967805564459051,0.43011125204426787,3.4856354730609524,-0.0024088146032891678,0.08194318718111145,0.3934029495290148,2.4602750936743867,0.0020634547905564586,0.055400385355363346
255.17215112070915,4.137788302379108,-6.938893903907228e-17,1.9967635967387527,0.4336808406983183,3.5040029432460242,-0.002347815964924403,0.08228457264947099,0.39416803859259164,2.4698590180452142,0.0020085342780518057,0.05545632147518002
255.17226234937044,4.152083321974146,4.163336342344337e-17,1.9967640319298905,0.43324860560167794,3.475044825683389,-0.0020181687587373692,0.08225227326577347,0.39448904502792603,2.4647454452558293,0.0019624962720451813,0.055480575633845765
255.16994618406534,4.17051282415096,5.551115123125783e-17,1.9967549697261358,0.4332953926967129,3.4826372020545073,-0.002299485337116099,0.08224933360259234,0.3967584232379686,2.4661407411276466,0.002030319206466265,0.0556376939265682
255.20150207287614,4.710534111063169,1.6653345369377348e-16,1.9968784314245798,0.49334702504308375,3.519618808051711,-0.0010294121156176335,0.08779229793663225,0.30515090208084283,2.784017107684482,0.0014315407629529107,0.04880514433490171
255.2141009788934,4.784007900886085,2.7755575615628914e-17,1.9969277222261224,0.49671193043740425,3.543673798888227,-0.0009243844211553063,0.08809239142245126,0.2891870906692758,2.8462546668399087,0.0013310891918965175,0.047513180775621965
255.20841935733762,4.789581889905382,-9.020562075079397e-17,1.9969054941229443,0.5023149617593888,3.5343948650427315,-0.00094426168782042,0.08858769467231534,0.28926568090300686,2.8533527364425497,0.0012988270511663362,0.047520534301982546
255.21960865247183,4.793494732650514,-5.551115123125783e-17,1.9969492695596631,0.4928214994916388,3.52120257304556,-0.0005115100584653638,0.08775006716246402,0.2875698480365867,2.839252195747453,0.0012269996572353689,0.04738284404325027
255.18681525814762,4.785158726118999,-1.3183898417423734e-16,1.9968209705450704,0.5221191637513196,3.510905103326531,-0.0009238388509383738,0.09031754234583593,0.29106557810108336,2.855496710366921,0.0013213264578240155,0.047667640232201214
255.28918371778354,3.6961492106790588,1.457167719820518e-16,1.9972214438039584,0.3368076346237322,3.474204003010276,-0.003229068254599185,0.07247201121262577,0.3740086475927098,2.3656615886119208,0.002192070563347833,0.05401053032477416
255.28564465211466,3.712689986159386,-1.3183898417423734e-16,1.9972076000479497,0.33660571794182964,3.4759487402272518,-0.003163072105430472,0.07245315257252051,0.3777496299436067,2.367387761463776,0.0021598654155294225,0.05428170930729086
255.28337967014178,3.749054924489088,4.163336342344337e-17,1.9971987400721956,0.3420707393340541,3.4963401556419726,-0.0029302248218959896,0.07304977128361005,0.37454959052426484,2.376414835486611,0.002098856398165456,0.05405333919186397
255.28208668749448,3.7697394222730063,1.3183898417423734e-16,1.9971936822682224,0.34516415478514484,3.490977595455895,-0.003041158187272746,0.07337534514670355,0.3727491577204036,2.383665247733247,0.002127872516892175,0.053921933878918964
255.0157085507305,4.60422881891136,1.5265566588595902e-16,1.9961514086123737,0.6075811403559965,3.494139089481122,-2.0393469946127646e-05,0.09743436201961211,0.3767103089135838,2.8195731269505337,0.001374710615770655,0.05423245761635979
255.00224915362406,4.609587376688774,0.0,1.9960987307809641,0.625134347932909,3.472993759367899,-0.00014691444123445148,0.09883168825128234,0.3726164984430499,2.835320192169048,0.0013604094593886826,0.05393714564369469
254.99801805878963,4.595501585585042,-4.163336342344337e-17,1.9960821706955323,0.622506206593657,3.49694692549137,-0.0002911664010982109,0.09862339834011381,0.3794757346166384,2.8290127827422977,0.0013644970532914664,0.054431537958099685
255.00575878146861,4.612738327707234,1.1102230246251565e-16,1.9961124670119283,0.6204607052267322,3.5430349857526675,0.00011876638120563235,0.09846158851914988,0.3737805133045975,2.8206651174237485,0.0012416601888775702,0.054024240301623165
255.0156359356076,4.609026180262379,-1.3877787807814457e-17,1.9961511244126455,0.6084678923415068,3.502177997637934,-0.0002474516832755391,0.0975051259447445,0.3758961720508776,2.828578963600374,0.0013503570637137113,0.054174397827275934
255.01284579672506,3.2875425797824223,5.551115123125783e-17,1.9961402043879155,0.48754774510132753,3.4348548962315384,-0.002732394601080989,0.08723799365501379,0.4996064581736777,2.4019500033822334,0.002412333578900932,0.062428808263380806
255.0283511854404,3.3060495748761154,2.7755575615628914e-17,1.996200888506091,0.48247533968159284,3.4664309376327433,-0.0027792280624636114,0.08678106402840255,0.48917347487801766,2.41780302417122,0.0023779798409450464,0.061773885941881386
255.02365312006896,3.3042135017500422,-2.7755575615628914e-17,1.9961825016769077,0.49276461807078137,3.490162111228025,-0.0028235280345078437,0.0877010538522446,0.4835822618603488,2.4370676230875494,0.002348656562329663,0.061420438236276055
255.03934356800386,3.333718903786812,-2.7755575615628914e-17,1.9962439087571588,0.47309870164911483,3.458816457071147,-0.0025052617166740365,0.08594120593172047,0.4875577303471023,2.4170384320468505,0.002266242044397435,0.06167583737034255
255.01251205043695,3.3019808757580336,-8.326672684688674e-17,1.9961388981701842,0.4861735754085963,3.4695828496818617,-0.002889025972774731,0.08710979075102838,0.5013143741544668,2.4076732138097725,0.002401786576032855,0.06253598939270857
255.0827897413011,4.927873802409889,-5.551115123125783e-17,1.9964139324568515,0.6168628463797754,3.443804500417719,0.00040801711299430585,0.09817492295244999,0.3003474123191757,2.98233291448072,0.0009509102928436582,0.04843098107986793
255.06662152901657,4.919063212820273,9.71445146547012e-17,1.9963506609288069,0.6334836588551762,3.4590487422220804,0.00018921457865215315,0.09948942842058825,0.2998948121282473,2.989322177875536,0.0009608635169806889,0.04839426578690566
255.03865838197282,4.906549186071378,1.0408340855860843e-16,1.996241227211362,0.6565544745746617,3.441955720177477,-7.475247352475584e-06,0.10128506113613085,0.30478714345248603,2.9923969113908253,0.0010015905362065103,0.048786743841133
255.1074515169629,4.928031255443386,3.469446951953614e-17,1.9965104382277958,0.5937512741749138,3.5051643425630004,0.0006229625764421808,0.09631705755789771,0.29879720886226535,2.9653710585158795,0.0008077457479525724,0.048308392035371156
255.06448690449815,4.920534980308819,6.245004513516506e-17,1.9963423072917088,0.6349761561165181,3.474659891542663,6.839264657961149e-05,0.09960671544512693,0.30053693938539383,2.9973575242836232,0.0009550488130966646,0.0484461837579906
254.98275046407377,4.3327480470702255,-6.245004513516506e-17,1.9960224137020988,0.6077353155427823,3.577247411400628,-0.000849662004444003,0.0974430211961543,0.4095142203834507,2.7267119014593284,0.0016659225959180977,0.05653808051791393
254.96886646949378,4.325770040637969,1.457167719820518e-16,1.9959680705326526,0.6245202655287584,3.5780218781449027,-0.0010051384269622143,0.09877812938919979,0.406613264977456,2.7400008220177767,0.0016775565053309574,0.05633695001335976
254.9575952575815,4.3011881661760505,-9.71445146547012e-17,1.9959239529350086,0.6271971538807156,3.6102374157075108,-0.0011691846208392869,0.09898782014323063,0.4152075885378988,2.732159371715076,0.0016877162606458544,0.05692943789706593
254.97715376460312,4.326648989515791,-9.71445146547012e-17,1.996000507908734,0.6134629722069538,3.6223489370588173,-0.000738177300019733,0.09790206348697349,0.4093832631899621,2.7312915906072464,0.0015111336078184323,0.05653338145636523
254.9607487593436,4.332596136275451,0.0,1.9959362964194884,0.6323817810692332,3.5984310961910437,-0.0011190927431951473,0.0993967452215559,0.4068694595871565,2.748466211019693,0.0016672204953392532,0.05635501777876199
255.13042122429223,4.811618960134241,1.3877787807814457e-17,1.996600318448729,0.5674382588739237,3.513642700544616,2.8646471872510477e-05,0.0941606179582776,0.30214051683381954,2.9214900571520377,0.0010925931245106323,0.048572410152559725
255.12330795677377,4.806259144788992,-6.938893903907228e-17,1.9965724847409347,0.5741993906413704,3.5176896708897125,-0.00015160128048373727,0.09471981047184991,0.30249265258485514,2.9238123045207507,0.001114576703754074,0.04860022188314195
255.11564778169392,4.796225052846931,4.163336342344337e-17,1.9965425105889851,0.5787205215509774,3.5393643554614744,-0.0002748451586539946,0.09509170631223728,0.3056316967550894,2.9292769748637326,0.0011169069525399408,0.04885181828508027
255.14379450752648,4.813034261205674,6.938893903907228e-17,1.9966526461004932,0.5572458733319962,3.5600805471283996,0.00014951285397017504,0.0933110090863824,0.2989596191415945,2.922580520667304,0.0009397226296144766,0.048319136436023945
255.14077795413553,4.797917619822567,-9.020562075079397e-17,1.996640842899235,0.5533771049934001,3.56020891387194,-0.0002402320663016256,0.09298634068548023,0.30584494087116854,2.9117356109300876,0.0011026055258597286,0.04886919133370582
