b0_energy,b0_entropy,b0_mean,b0_std,b1_energy,b1_entropy,b1_mean,b1_std,b2_energy,b2_entropy,b2_mean,b2_std
263.6324056683385,4.728093308837451,-0.012590239151354089,1.9835961057580969,4.194926637304477,2.4421955674253297,0.003781653616601094,0.2501930143485759,0.5715362138549642,1.4319244690499768,-0.0010130333287014291,0.06629785952611061
263.53305771555193,4.69469870191871,-0.01246371580960393,1.983223102785796,4.3290297852853215,2.461744368541867,0.003825654789839212,0.25416087271732796,0.5861886135059753,1.4332018281346202,-0.0010112191576081959,0.06714253954558526
263.2659685787994,4.699224013443571,-0.011801976961178958,1.9822218664793188,4.286612248499808,2.4439669895537315,0.0037253981998439474,0.25291383651214994,0.5800124686629929,1.436936099516856,-0.0009270153025350435,0.06678903365792606
263.4987399926314,4.71534158824162,-0.01157604160422445,1.983099344479789,4.185177497111054,2.43848873677591,0.0037489755836907393,0.24990254292393632,0.5710810577827203,1.4265811446925318,-0.0009668347725697615,0.06627213927613763
263.2515883983856,4.700196332605915,-0.011738730517505853,1.9821681026735267,4.302606883014546,2.445586192104918,0.003733702076615537,0.2533852257889648,0.5822326580174321,1.4392491056945274,-0.0009444050915896155,0.06691652152498084
266.69400911464123,3.840086434064586,-0.017152837698348904,1.9950472121944594,4.521176810124903,2.036357672213113,0.003506771788063473,0.2597459401973649,0.8306067636119749,1.0582817500736026,-0.0018137946672986366,0.07991240795971594
266.5887655879955,3.8013128825277342,-0.01593400746581166,1.9946636075355935,4.563629991098691,2.0458988219530427,0.0035028976697395013,0.2609628520921606,0.8327177803435071,1.0631981931907604,-0.0017942701742543882,0.08001438609274915
267.0027435397702,3.723370051738685,-0.019069289235481467,1.9961843445504983,4.807074364015796,2.027944470034218,0.0032959831965530565,0.2678367321003002,0.8789796389658082,1.060246837299692,-0.0018821977115540656,0.08220607745156769
267.2764381182286,3.736219693960267,-0.019731207802733366,1.9972008532862764,4.775478329296188,2.027486240073707,0.0032821563777768394,0.2669550962412151,0.878616120585576,1.0511262636802625,-0.001909064865654194,0.0821884481804146
267.09026260533096,3.7070463339030515,-0.019013864148451524,1.9965120342488438,4.9006145336350615,2.022210245923284,0.0033104564916510795,0.2704302893165496,0.9036215804985585,1.0544153730598835,-0.0019177705040383651,0.08335020930326531
262.94307420924997,4.7486253983258955,-0.011621708631850606,1.9810069236499213,5.20210941472071,2.4904225869252796,0.0037698099717729545,0.2786201942305795,0.6147071180210716,1.6074517250369462,-0.0008302576579890968,0.06875919549188408
262.4057867432217,4.829259048455575,-0.006739013009332826,1.9790045137526182,4.796848090747256,2.4925818644176125,0.003960218018726775,0.267542640146085,0.5631023920964763,1.619759695294884,-0.0006068101048347176,0.06581176675775584
262.2210533380778,4.817106091520603,-0.006155298489828204,1.9783096767311055,4.864317857040614,2.50244173296882,0.003919011425411027,0.26941863411752937,0.5754404527159731,1.616633107100327,-0.0005801318343606135,0.06652915502204175
262.5176457706932,4.85128921001,-0.006303325299122565,1.9794277166805578,4.66638321442274,2.4893605437582487,0.0038649249787444215,0.2638798457971632,0.5525379436194213,1.604941519203216,-0.000608001867716278,0.06519142740977837
262.1931469475588,4.820516257390224,-0.006174402281181873,1.9782043444024104,4.867366342352894,2.5058380429968574,0.003947694815093035,0.2695026429308901,0.5723355827800874,1.6289526926643783,-0.0005749271786728832,0.06634946016916712
265.16603232651556,4.303973552951637,-0.01623793228359846,1.989331119893763,4.417167010119493,2.2589960432896383,0.0036496810981863637,0.25673828240167174,0.7278605710938444,1.2011656300538383,-0.001482600591130574,0.0748112916974425
265.347762181402,4.204750434561057,-0.018357059684706467,1.989994316392934,4.786945782206938,2.244005493489049,0.003441157217515964,0.26727347494699544,0.7899232926265156,1.2025913095146938,-0.0015535231839785468,0.07793535517286623
265.53371035333527,4.241040484917678,-0.019001553172793284,1.990685471827034,4.658328619025931,2.2547744564037355,0.003451228502708852,0.2636576982435837,0.764617703571759,1.2118936307753392,-0.0015102941847153948,0.07667720426786111
265.26227256342924,4.225741397569271,-0.018494659395292785,1.9896724212902346,4.7467288753408505,2.256411242597416,0.003456065319679262,0.26614799500364283,0.7753667171788359,1.2130121126167894,-0.0015247043648549817,0.07721421267819749
263.73734584265,4.6373896996229345,-0.021410324532572116,1.9839152940996159,4.023558090896595,2.396005145716804,0.0037019259707893656,0.2450293892135886,0.5774467371532721,1.374237101170637,-0.0011437710442957015,0.06663775030641658
263.17304266979943,4.703445249230653,-0.017545626540868407,1.9818294608095222,3.802720017046361,2.4114524102299533,0.0038582993967909473,0.2382060635365128,0.5430008540322752,1.3795030349845934,-0.0009631924498451738,0.06462199243838491
262.95914273354384,4.707547954443221,-0.016871109190029477,1.9810297044860152,3.7823228961616104,2.408857227700874,0.0038183812365172884,0.23756683376359197,0.5379453751030463,1.3876042038221028,-0.0009075293147973288,0.06432120752511797
263.1518407619022,4.720097051941964,-0.01647662870553195,1.9817587984069227,3.685161095680507,2.3913673755904576,0.0037633732217357196,0.23449571730659774,0.5318140713893723,1.3721690879522266,-0.0009155156597675554,0.06395341510273445
262.997174700301,4.703176203851117,-0.016908483152279972,1.9811726499408435,3.800566001679713,2.4033604663180275,0.003838173654631568,0.2381388966962538,0.5437165500714739,1.3820984094221171,-0.0009237930107537781,0.06466514986469205
265.7911349125279,4.342419333678118,-0.014664151455077485,1.9916869299737323,4.411395851742339,2.2625838514050196,0.0037657027695248394,0.2565687989860308,0.7112695530230619,1.2324257350628998,-0.0014105309645283325,0.07395481496442041
265.50630068844373,4.346853812342484,-0.013842157860870929,1.990625279141195,4.396771796089481,2.2630374927429986,0.0036910092271887607,0.2561441705251388,0.7049782283521469,1.2388970391212977,-0.0013268943508846708,0.07362845102434425
265.9030149218984,4.358279057935018,-0.014959630409840413,1.992103894055281,4.384088596349624,2.2657935524593333,0.0037125268676741086,0.2557740708100194,0.7086602694659034,1.2299047657458746,-0.0013734203485009093,0.07381968950484506
265.5863824734617,4.327254858893122,-0.014201755805923897,1.9909229437486753,4.512776298733493,2.267061826187276,0.003720964757488262,0.25950149238804804,0.727799931021615,1.2346669189716497,-0.001384356710585821,0.07481005657233813
267.01167161545584,3.9656006695092163,-0.021538752142241074,1.9961926039933084,4.460064227891413,1.9585544582882097,0.00350761204470487,0.2579841457572409,0.8541584954393829,1.0263430171081651,-0.0018901518427403828,0.0810362714525398
266.5957153096511,3.999477333836582,-0.020630342530216273,1.9946465641754192,4.375447860844223,1.981000482390917,0.003474935836299842,0.2555251783559351,0.8250263765660784,1.042225475669619,-0.0017842593039650962,0.07964404033920053
266.735978060957,4.03354848872892,-0.021543053796095755,1.995161621960222,4.245725808563001,1.9949007973044242,0.0034826694051554212,0.25170799139611194,0.7958997164590113,1.0427715468172505,-0.0017749450629189548,0.07822502848351531
266.729424969376,3.973317539604172,-0.020938398136306696,1.9951435479825157,4.407683449260059,1.9704012269559532,0.0035143064391554967,0.25646436358383506,0.8336418170080611,1.0389330309652998,-0.0018244019060062412,0.08005810964097161
267.8655419891084,3.6989745450769687,-0.019190887275095547,1.9994061302952284,4.688828937802385,1.9372920248120589,0.0035356285134358636,0.26451846965902415,0.8986380120025004,1.014667906749006,-0.0019642260411999717,0.08311884207799095
267.44747265549523,3.7413029013799086,-0.018320057018123653,1.9978532725721374,4.581248234014865,1.9520847642971306,0.003510046943737298,0.26146609509477026,0.8648138258686496,1.0299427349690884,-0.0018544084653191336,0.08154124854567293
267.8396097907872,3.742661266534069,-0.01945061494293932,1.999306827342604,4.642314911042174,1.9426543122067068,0.0034710013817640067,0.2632037887336894,0.8892469456091288,1.0146276222082542,-0.001920674116667408,0.08268417098216434
267.5398749907128,3.724456659573581,-0.01851309924938631,1.998196618880168,4.690044447241847,1.9510714532188704,0.003517160618133078,0.2645530059796252,0.8894930656397787,1.028722223087655,-0.001883654823800685,0.08269647027279937
265.7804547972433,4.276520978026853,-0.016602168372376786,1.99163169980438,4.482347372670422,2.225971054467138,0.0038202783114403564,0.2586234957006141,0.7457029451040866,1.2045387648106147,-0.0014529606902040886,0.07572361194524065
265.4053081118808,4.296589797851505,-0.015445830497585446,1.9902348307979754,4.431739783440302,2.232736096823718,0.003775054498892632,0.2571597147020203,0.7301467414006954,1.2181782336768363,-0.001369119559860904,0.07493089420940317
265.7127920186895,4.2971704885757775,-0.01604020321814362,1.9913827556057242,4.37511282660025,2.221640978167222,0.0037383402235602018,0.2555116753774036,0.7276127977633123,1.2075722186895854,-0.0013739462935964352,0.07480062695484953
265.4314463307782,4.279599677313053,-0.015825441432971522,1.9903298554447624,4.510864289661342,2.2398171845231514,0.003800433308490323,0.25944534952120507,0.7425995498078201,1.2190397907651798,-0.0013890460410293773,0.07556702177793446
265.3809641857946,4.4283888490197745,-0.016049980164928212,1.990138766859618,4.430314848776689,2.287487217397943,0.003846089734162408,0.2571173074966062,0.7104595244245518,1.2525163789900398,-0.0013431140812615256,0.07391393176775919
265.0434422728033,4.440273747520907,-0.014768709938001525,1.988882640563584,4.406644521209047,2.2843059710465683,0.003817973307483519,0.2564297892781026,0.7062460995298253,1.259615126317526,-0.0012729128692779827,0.07369560364704807
265.25495086558567,4.458391702501129,-0.015360809851800132,1.9896716218807309,4.331446854919293,2.2950306691707856,0.0037943648274120305,0.2542323018751551,0.6900271898929884,1.2624672518482025,-0.0012607812823856796,0.07284443624102858
265.07249491330225,4.430599289737812,-0.015278627861428095,1.988987797287621,4.4393290993663745,2.2934122145624527,0.0038119978635140165,0.2573793153041121,0.7049012216331552,1.2661387481346076,-0.0012718541103680947,0.07362539967027512
266.7380041610042,4.629527532259124,-0.031351311737240026,1.9950391816857562,5.002277658710255,2.2684601405049167,0.00409756486087426,0.27321067061880266,0.6405806693537319,1.5333754512028424,-0.0003718353849590042,0.0701954795471889
266.59215607318754,4.646386478241695,-0.03173742720535637,1.994487437862623,5.003142205738057,2.269309301740719,0.004077493561245996,0.2732345847637248,0.6383228098222615,1.5346464190410078,-0.00031615952625879386,0.07007193092333905
266.6746624990083,4.631611488305972,-0.03161086619071752,1.9947981342500432,5.04873390047651,2.2605927758803137,0.004092129150339275,0.274476760035457,0.6444673669324609,1.524818601568317,-0.0003489427715421765,0.07040823476723473
266.2837395670738,4.62029486068168,-0.030821718716423762,1.9933474845842252,5.148203523193284,2.2677731455449206,0.004010977403671181,0.27716920935665074,0.6554137058431644,1.535006552386969,-0.00027239087760318003,0.07100401181842518
269.3686044290942,3.504614447378308,-0.03273048861359544,2.0048330720767353,4.209066470409157,1.7733208976598889,0.0035078836708359817,0.25061839990351664,0.8079232588185996,0.990579194163037,-0.0017287008324369045,0.07881501057562922
269.17891714070856,3.518403809272591,-0.03255505360306862,2.004129723023046,4.160580951917048,1.7835031241922623,0.003504240661182642,0.24917051081604644,0.7915820391303037,0.999127015421362,-0.0016838126558957418,0.07801446906590141
269.3868852953719,3.5022635156156254,-0.03291584671592863,2.0048980840838047,4.281650872235712,1.7765993542918574,0.0035174506003794966,0.2527703788823255,0.8233182188635072,0.9892671966584464,-0.0017375920871150615,0.07956254044410359
269.14929971221426,3.5089749046520438,-0.03249848846778067,2.004020353014231,4.293813959380074,1.7872044200117,0.0034710927693129656,0.25312986198416465,0.8185532577046585,1.0008349402491752,-0.001678103364164673,0.07933314244314445
265.6521871537348,4.8394468145368235,-0.03329582725488735,1.990941838705324,4.642633041915535,2.27794419479423,0.004274694173660414,0.2632009830264183,0.5224896418616688,1.6983959469716268,3.6417014737561723e-05,0.06339676462600156
265.6266925185361,4.831498089599461,-0.033601341625624226,1.9908411413564915,4.774915102951941,2.2760238342625665,0.004295173477800586,0.2669249727565655,0.5384904605569671,1.689525575953751,4.905248257999014e-05,0.06436017328931476
266.8339686791332,4.529819849810079,-0.03369150220763071,1.9953599750743576,4.686811424654032,2.2449517990661727,0.004005174405536372,0.2644548504020596,0.659509430888269,1.4235089999326445,-0.0006028016855803445,0.07122349400653664
266.49296321117197,4.53164939272002,-0.03273510599117949,1.9941001294908254,4.669380100138477,2.246099206829603,0.0039382086402112385,0.2639635028053698,0.6523537945894246,1.4290784909849572,-0.0005640853949757392,0.07083634603714055
266.74505493714037,4.516708437347572,-0.03343024989843829,1.9950318030210608,4.741203900143851,2.2408051103265185,0.003977956840063535,0.26598573866837,0.6673344467843395,1.4161436025106746,-0.0005954000651116475,0.07164486999851098
266.4525666383235,4.4961003699406925,-0.032468750368104815,1.9939532993342657,4.849652173419312,2.244519158112529,0.003882276515328873,0.2690126320250562,0.6827090532033139,1.4233674807428314,-0.0005516005072661911,0.07246588051244764
266.02147930748345,4.673214180293117,-0.035236569120938484,1.9922922036204396,4.1539277934659085,2.252850431571233,0.004057875334939904,0.24896276014356453,0.5666112491797315,1.4617289070409063,-0.0004741921648844157,0.06601759774790417
265.77618349189754,4.686130238001063,-0.03488383742989635,1.991379377898761,4.149684703255431,2.2569819496401413,0.004023295573044052,0.24883610204034678,0.559956002722032,1.4754036267444584,-0.0004237549127941329,0.06562906596064304
265.9498346095637,4.689056432811484,-0.03565989794603488,1.992016287142033,4.158682437649972,2.2533753104468075,0.004075613325889626,0.2491049507840458,0.555794326690515,1.4786057194575715,-0.0004221612871329571,0.06538472875519229
265.67405091929743,4.6719868698425655,-0.0349417799567681,1.9909955836446542,4.257503866580105,2.2573273856502407,0.003995883684056928,0.2520493339470217,0.5715799482861722,1.4807326452361427,-0.00036775266817077836,0.06630711568863186
264.05015980057493,5.088620286045509,-0.03748543796548745,1.9848531439739177,3.5196844871165434,2.329423234158515,0.0040842765510352005,0.22916352888358174,0.3857154778164593,1.749627521331166,-1.7144080871069695e-05,0.054470559416350574
263.7440476504976,4.744211169579577,-0.023895128303402912,1.9839121316190191,3.1609848163035728,2.2963378740971137,0.003764568956865716,0.2171743674466354,0.5065823496523111,1.2782078747002144,-0.0012769890149057234,0.06241118973448262
264.0587765066228,4.6823592383956205,-0.026032349425095188,1.985068786097594,3.3787509871220394,2.3112857180014097,0.0035995679012297195,0.2245354366724797,0.5417382719325287,1.2953770050271243,-0.0012694373698089766,0.06454150606523061
264.2743971059875,4.667070751203938,-0.02697568157291814,1.9858666368264022,3.4279837714013723,2.280802819030146,0.0036964771714009465,0.2261642609766383,0.5553718220025697,1.2677875226406508,-0.0014141932673080115,0.06534593327732038
264.0430765699694,4.672050036490446,-0.026604422081966117,1.9850021778498155,3.4372438125073863,2.294914211950652,0.003599212109953765,0.22647117283999235,0.5503768781489464,1.278019895541256,-0.001366580313132632,0.06505229244001469
264.28794940402196,4.680700786502538,-0.026909002356486775,1.9859184689593128,3.369905713755625,2.2862881514391358,0.00362914857797836,0.22424078461757754,0.5442963589417393,1.2696791885503775,-0.0013751892628433198,0.06469160628144868
262.3722942789655,4.978831506674532,-0.022601053520703004,1.978760618317213,2.9745521579983794,2.4835423464078534,0.0040088156361226725,0.2106661583236449,0.39379386667906435,1.5390025743293958,-0.0008305516364040495,0.05503175241456722
262.4691218004464,4.992615817177814,-0.022558451821990143,1.979126245433205,3.0142957712400436,2.4942399381015776,0.003919819380158952,0.21207103559659593,0.4028465092866644,1.5695638415632867,-0.0008253987991509968,0.05566092003396522
262.08594798462565,5.0068695263312994,-0.021591896108538438,1.977691673885783,2.9577061573854446,2.4918574328809555,0.0038240447447690507,0.21007199885388889,0.38393836140773924,1.5566738836810206,-0.0007508164068677252,0.05433974867030526
262.02706239149734,5.024813863482693,-0.02125118443076524,1.977473151434761,2.925058600474386,2.4970138124797856,0.003865108581258711,0.20890823819924287,0.3798189619747036,1.5621669483938512,-0.0007298484390459966,0.05404767935941706
265.9063139824003,3.8279984096417143,-0.027955656104476624,1.9919762639783054,2.924893757106217,1.7230894198263458,0.003702717569586656,0.20890529094706464,0.5643715305870779,0.9780063291979348,-0.0017433608183946758,0.06586562198227033
265.9256390618411,3.8139136173658073,-0.028289323220681957,1.9920439511151398,2.9558077757088363,1.7225760158973207,0.0037102035912062363,0.21000659121826473,0.5708731001781372,0.982626677881811,-0.0017336034792963223,0.06624444247488537
266.05777903046413,3.795937199483415,-0.02799947001487608,1.992543012584483,2.9994667842865845,1.714090314695399,0.0036569846356409603,0.2115532732502051,0.5835369381467042,0.9793200723633778,-0.0017975556666954913,0.06697398354343798
266.05148452153475,3.7974941856143913,-0.027901386294979423,1.99252081345935,3.0215353451944247,1.7153925397161702,0.003634767912287776,0.21233071122146277,0.583466212290151,0.975878833936214,-0.001757565087172281,0.0669709832536862
265.9721477295781,3.8139426989206244,-0.02725458549721731,1.9922326008205051,3.050771633640016,1.7231984550587829,0.003749233614387815,0.21335380996599634,0.5942899842149966,0.9737394685019893,-0.0017371252616855185,0.06759026418696445
265.83779879005505,3.794859209370228,-0.027482670693442533,1.9917261465777945,3.047086589599348,1.7155198799744755,0.003719220566126035,0.21322540120904646,0.5913357811498037,0.9783884799055264,-0.0017164541086306703,0.06742247817581595
261.54780885246765,5.005482588741673,-0.029034398177931044,1.9755646391124526,1.9722507251186634,2.4768926881801323,0.003803027097340044,0.1715287584393434,0.25445592507310466,1.5631015100839432,-0.0006691882037468237,0.04423692413517331
261.3641453933697,5.008490716676015,-0.028277454156672256,1.974881712791252,1.979263809742008,2.470259781194522,0.0037749917198400236,0.17183422339332435,0.25593935937758844,1.5650286653081482,-0.0006349620745080517,0.044366216044062885
261.76167719669394,4.983160714661461,-0.031171984625811836,1.9763398017048477,2.061941251330134,2.4748331401211905,0.0037486299849909584,0.1753886835870599,0.26547159016017424,1.5694987328809489,-0.0007220598234908551,0.04518371149750277
261.67430750828566,4.98711110707271,-0.03125142054698697,1.9760086102904357,2.0642389423486107,2.4760087088850544,0.003672230113309782,0.17548803713917155,0.26319783652803047,1.5824164848600843,-0.0006639327132978562,0.04499064275908407
261.78478529233064,4.999337533344384,-0.031044409111907825,1.9764290642572937,2.0278737607110235,2.4818371047783234,0.003671162397802838,0.1739347438396788,0.25938410577944987,1.5867051122187978,-0.0006581995832661985,0.044663509999307065
261.63486982321695,4.991054339969558,-0.031068790983077563,1.9758625426101355,2.070165028066786,2.4798709275781996,0.003676883700141905,0.17573976789500365,0.26341088436472865,1.587352986827856,-0.0006814984108844016,0.04500858953524689
261.8115680567565,5.055344696883208,-0.029417171643347294,1.9765550774373073,2.294426849361169,2.5234803888085264,0.0038172019409066773,0.18501515025932116,0.27086145323572897,1.6823369310538918,-0.0006778491654030953,0.0456408825592122
261.76775087462227,5.063412712344828,-0.02957106075767545,1.9763873377208503,2.2775611149055437,2.522477563665971,0.0037690949856883844,0.18433459631656507,0.2662552104277159,1.6942076969174857,-0.000627059740563776,0.045251782278401875
261.701406828895,5.0614733791293345,-0.028972975337315136,1.9761456710981684,2.2771896603979416,2.5185482688094782,0.0038523273034563963,0.18431783677501426,0.2665213584316931,1.691007012103456,-0.000635969110772911,0.04527427347753414
261.63517870040107,5.061958406932172,-0.029061752839216817,1.9758942486105064,2.306653486562555,2.5215324469888705,0.0037565496636105178,0.18550890090011965,0.27075002371273577,1.6905342414451976,-0.0005956388069962132,0.045632638588071664
261.7594802629105,5.074399849693081,-0.028883761205207935,1.9763662724076319,2.232110014863487,2.515148698523612,0.0037777219124528107,0.1824850779265552,0.26181091053279354,1.697817775502393,-0.0005766685549652126,0.044873127085140865
261.5441819108992,5.063521231487654,-0.028883437601520075,1.9755531511870654,2.2885237668200133,2.5294273798231175,0.0037841878057711283,0.18477757187823962,0.264567863483392,1.708457114442535,-0.000582941184247913,0.045108730762308265
263.9132477066404,4.602877918153033,-0.03145082463253118,1.9844431316477602,2.771236662694473,2.1388410236768056,0.003617620280130657,0.20334368457799387,0.4752213544063005,1.185634536729457,-0.0014026135598599263,0.06044486376235918
263.80585120764636,4.6267660647754,-0.03187902127531946,1.9840323818667265,2.729422332896784,2.161271174591092,0.00362625069797824,0.20180311460809744,0.46129019226502027,1.2044759987148541,-0.001340096876402915,0.05955325545012771
263.69599827496614,4.630490819124767,-0.03107667426051423,1.9836318732567249,2.74060418191147,2.168886491341177,0.003653994990156352,0.20221569758340058,0.46287189058957295,1.2048733496794568,-0.0013433011282170857,0.05965524743569593
263.56544887863765,4.6388399983744435,-0.03117386606300718,1.9831391428503184,2.72865065875641,2.1722959345935937,0.0036306606741672316,0.2017744967488195,0.45733752447738135,1.2145512276068078,-0.0012987428857058891,0.05929834925556652
263.6017092371801,4.655188965360906,-0.030570528998678757,1.9832849800188534,2.6540280404228107,2.1694829270568357,0.003634246710232524,0.198995354375749,0.4477672383532597,1.2012849609362548,-0.0012927706287619357,0.0586744588049141
263.0443754830897,4.693490229873392,-0.028288007411381315,1.9812206448571503,2.6296230308140625,2.2201986933215005,0.0037275646437550766,0.19807627369109596,0.43148318462745516,1.2386260189966118,-0.0011789683572055163,0.05759957859067982
263.2602893873961,4.794884503419562,-0.022935521203874543,1.982102926799024,2.9244705544649126,2.3128067030789605,0.003944385489865357,0.20888574884096883,0.46100606047284204,1.3061588946524347,-0.0011379824674037182,0.059539108668837076
263.77053288876357,4.760938038318741,-0.02695645350655397,1.9839725237058539,3.0680074289140453,2.338969523110026,0.0038109441958217543,0.21395474371878237,0.4714500503840003,1.3312830786358896,-0.0012158857237518064,0.060208475076308575
262.98197381624203,4.821478038541705,-0.022627081763197308,1.9810583287678492,2.9433086708348815,2.3482917728810375,0.003879127319408381,0.20955889991349563,0.45165765431683674,1.3361789063436826,-0.0010485119101690272,0.05893377869579792
263.28389899187374,4.827117856575183,-0.023436445792526676,1.982185956393382,2.908716909345394,2.348714923819677,0.0039039414942827343,0.20832293309887795,0.4472783185963725,1.3317624965573418,-0.0010699157222388122,0.058646890208165624
263.0225312825316,4.831144422159278,-0.022507294601962508,1.9812124681156833,2.9263223260284414,2.3547007571530956,0.003914628525484397,0.2089524546656431,0.44550998094457267,1.345577836081947,-0.001046714770898009,0.05853122450118546
264.3570622437176,4.51214220475481,-0.0237520336003452,1.9862184259497246,3.1836267014058177,2.1462390222017693,0.003774097562212113,0.21795084910704915,0.5515629423465475,1.1637273632213434,-0.0014327138269886208,0.06512095818777675
264.8418960843305,4.486829488175537,-0.027445755899744035,1.9879916627452794,3.376832022481126,2.1557594352601046,0.003676088287600467,0.22447040856732378,0.583965872173292,1.1714352371124381,-0.001516342809224759,0.06700556600050996
264.04068238175734,4.571212669673473,-0.023733946920942155,1.9850295733197434,3.156529818890064,2.179983107604011,0.0037384209096953274,0.21702167994389424,0.5344498620964792,1.1968981009488884,-0.0013083708975366243,0.06410492142536335
264.28124435084914,4.595959999127411,-0.024488805090762095,1.9859245914098196,3.144050824091405,2.1881103683464342,0.0037631245001617736,0.21659171405400773,0.5348988097188472,1.1888263500966316,-0.0013483795389898185,0.06413102292358475
263.9069155266906,4.594445762142697,-0.023377935785138713,1.984530841051345,3.155929860880262,2.208251850744873,0.003787412449061532,0.2170001987702951,0.5272535060190611,1.212563806274827,-0.0012790346887429306,0.06367228808839538
261.5759309881872,5.188715387781616,-0.014360067301555196,1.975832017511892,3.063816188724785,2.534956410006937,0.004226251646151743,0.21380069838224713,0.3220083943728937,1.8328985817838783,-0.00038917921184155685,0.049767822823219114
262.17141719902526,5.126297099882404,-0.019985161375004126,1.9780310463124533,3.363549385153465,2.528765652058997,0.004052535425121581,0.22402188863096464,0.3520689061885978,1.8324109557323929,-0.000500697666425513,0.05203817499820438
261.42397339133515,5.180341063698142,-0.014482786838425165,1.975257096686352,3.1185873294641824,2.5414442120539102,0.004113336755007545,0.2157061890743551,0.3251544373093471,1.8422872565523412,-0.0002933912610075469,0.05001101779478832
261.8955486764262,5.191226743047909,-0.015967500000399325,1.9770265109904455,3.040452723544468,2.531135970337773,0.004102622890296611,0.21298605560366177,0.3160881404594075,1.8288180649948866,-0.0003269020449721133,0.04930862368142238
261.40271127386717,5.182075317621324,-0.014220622592651238,1.9751786698880298,3.1321901003097805,2.5546189444556293,0.004150719854178189,0.2161755710052942,0.32343591895081836,1.8623981445309854,-0.000292515305612077,0.04987868324354573
261.16121566408475,5.185458806844212,-0.023101304982044307,1.9741820892991082,2.1722823059307825,2.5457522023909105,0.00405826749333706,0.1800157060760774,0.23451055528712045,1.798414205609451,-0.0003800263175650612,0.042470965710240484
261.7205626049501,5.144101558762683,-0.027805965315824865,1.9762347740332071,2.3526432731628866,2.5549849123468302,0.003930117639965626,0.18734629134108768,0.25182217098115306,1.8082840063660124,-0.0004841837581563312,0.044009762428582636
261.0468143686933,5.179639844698946,-0.02307132457275732,1.9737499395726286,2.210619077602006,2.563694756198371,0.004026001788255592,0.18159874972222598,0.23456580536454832,1.82252202802444,-0.0003205209557769118,0.042476459542609854
261.3659353844272,5.186255068622754,-0.02402730611567001,1.9749447584112712,2.1644686562843396,2.5554467793745217,0.0039960178604943886,0.17969288848994747,0.22990868529977984,1.8238407900521292,-0.00029486669208127333,0.04205284059482481
261.0099157188159,5.182727479418467,-0.023000132886038416,1.9736112529447507,2.2173675355475226,2.562751108765298,0.003999142359471033,0.1818764545079477,0.23614278338312117,1.819171781984968,-0.0003012923064552571,0.04261915264346539
261.34145804912305,5.143496590926923,-0.02497873374101148,1.9748404593063407,2.0352577921273345,2.5435728953920393,0.004058655258480183,0.17424267356059067,0.23250555275800522,1.7252560220343796,-0.0004687408196887612,0.04228811338932742
261.9046492197119,5.109428861170052,-0.029426279389632964,1.9769063481361135,2.1746150944815086,2.53439563692759,0.003919427400043558,0.18011546240546653,0.2485084628400975,1.7266167148661782,-0.0005468939558924429,0.04371846826353195
261.24212398552766,5.142597839905019,-0.024984277374295476,1.9744649819058724,2.06901734042376,2.548825420841405,0.00400971511567661,0.17568374430183176,0.23487030084766897,1.734951736607525,-0.0004002287924757913,0.042503346207314295
261.5205857202092,5.151729104540173,-0.025701936863164063,1.9755079687573291,2.0278295243831694,2.5415022508013148,0.003993093155485415,0.17392575286965994,0.22900794629054064,1.7407087817400029,-0.0003934569682409828,0.041969569672138114
261.2194215058157,5.146621046230465,-0.024737735325970248,1.9743822781717424,2.0605194638603788,2.5472459191166723,0.004029592650145431,0.17532194452417035,0.23298914165872478,1.7440135281808533,-0.00039576147277855833,0.042332818704431195
262.97841122643047,4.78357917839115,-0.02597483052767456,1.9810038419968752,2.609729931489747,2.274689231171355,0.003911958061188994,0.19732179198313893,0.4187280617541012,1.280223463143994,-0.0011181961171362043,0.05674270638469568
263.4973509028649,4.754609563411299,-0.029943070270206176,1.9829018368731988,2.7097765429677296,2.2834604955235545,0.003774201220411375,0.20107257749278387,0.4288600442390952,1.2931717244122694,-0.0011757892455057366,0.05742421907935677
262.82090106524225,4.800132620837664,-0.026105676761092222,1.980408672355275,2.6181497411826915,2.2881461496155433,0.00382817370424015,0.19764161225507915,0.4133897913719333,1.296708278466746,-0.0010342149549272192,0.056381307820223533
263.0225517960076,4.813719740764951,-0.026782475900184646,1.9811593644336836,2.5768183360821886,2.29262950744285,0.00383770254939811,0.19607459602036195,0.40646983988830665,1.2881283930568979,-0.00104590539772214,0.055907040325552146
262.7301665194162,4.813683280381745,-0.02597586857402841,1.980068439018797,2.6043400938342294,2.3091517416471072,0.003843055632945869,0.19711919894462257,0.40622394369116765,1.3123688013788346,-0.001013528911640723,0.055890717708760945
261.85096110422813,5.168043638416155,-0.013098017513699331,1.9768792937355373,3.50432507481737,2.528115453576711,0.004058455357004796,0.22866326391825076,0.37600705773776677,1.7575751783855595,-0.0005350299682177235,0.053778022700089245
261.7536407644171,5.175183736458707,-0.013348091471232308,1.9765102039028142,3.4932780493850366,2.5222738330445895,0.003866865865000999,0.22830577236989102,0.37736830366872826,1.7502383091802558,-0.00046262603187348844,0.05387596015198891
262.09464246734905,5.1885424272777945,-0.013903663226442988,1.9777934734148697,3.4266670063012197,2.540573721927997,0.003852450681049044,0.22611820426468918,0.3679718408944508,1.7526408190488585,-0.0004901495228698337,0.053200680218491905
261.66361331587393,5.17501994167353,-0.01274851348886929,1.9761742179827804,3.505019369184201,2.532080665947016,0.003919068556948301,0.22868835306978,0.37686017160833535,1.7594512500099226,-0.00046372344560781034,0.053839663423476083
262.57479477670154,4.964957633627746,-0.019354795291544925,1.9795585820104409,3.388531450713078,2.463882406249199,0.003861824237933497,0.22485591518315673,0.4642014899555188,1.4733870654879098,-0.0008938037941707476,0.059749324738804
262.4653803960186,4.9719298331753645,-0.019492137718799644,1.9791447127032324,3.4028118889538916,2.4659867724728493,0.0037332812772877273,0.2253315329896599,0.4646562140073799,1.4774485608470098,-0.000843594727051009,0.05977931847406785
262.8051075027504,4.989317874202429,-0.019900162077899766,1.9804212366653464,3.3013676658848405,2.4584869978204797,0.003718162021142205,0.22194665921820597,0.4538670858915163,1.4584602223634968,-0.0008827546776567468,0.0590805045701851
262.422322268338,4.970993841662309,-0.019190426847636236,1.9789852971028656,3.426108947531215,2.4684436702229857,0.003750527851364851,0.226101499290917,0.46927666083223823,1.4782190770965824,-0.0008542853347189759,0.060075707773668205
262.357859584128,5.026372787486497,-0.013176240501287498,1.978791382562368,3.7454344112045335,2.5146435272280714,0.00396527722672577,0.23640279760167035,0.44506460136039644,1.6414562803884425,-0.000658578722293437,0.058507607459927606
262.3391009934957,4.9969051142921055,-0.01352954004480553,1.9787182522022557,3.8512981194601754,2.509717231061916,0.004084315131774608,0.23971937730267986,0.4557715173011063,1.6484082261152069,-0.0006458981444555011,0.059207411394664414
262.2215448228313,5.00688600885086,-0.01376992529782743,1.9782731837382972,3.8584190414265676,2.5162369181310886,0.003960555776014075,0.23994303052982005,0.4544125843847423,1.654902972312157,-0.0005980106012714983,0.059119572069365814
262.61724944121255,5.026954776378668,-0.014340564037435484,1.979761295622321,3.7129092449822063,2.500735578826354,0.003872950690340846,0.23537535161568426,0.4416039115791717,1.6309861894872077,-0.0006245623012040044,0.05828004021897671
262.18715197675436,5.000504526669917,-0.013162779208897732,1.9781475717254804,3.873033941655431,2.515020920586335,0.003992976007475391,0.24039661579092486,0.4603582359612957,1.651289892084745,-0.000607141213377972,0.05950502986512394
261.88318663621754,5.020566235009972,-0.022749624633823243,1.976913435821488,2.6156240175528955,2.4941668464761046,0.003971458396489063,0.19754339259841863,0.32879795131174056,1.5755251424672538,-0.0006873262715929866,0.05028660450544151
261.825833881672,4.997356445098942,-0.022946739443606073,1.9766946436006587,2.688807169856128,2.4924411860177798,0.0040256854558961275,0.20028790316184925,0.3375691141076009,1.5761587363746565,-0.0006676613477173332,0.05095330922972674
261.75566751262556,5.002476440350675,-0.023025350616076898,1.9764288099701781,2.6772507139789554,2.4836542495356637,0.0038925780026492288,0.1998594849307288,0.33604271762176857,1.5774131410147072,-0.0006217228096681839,0.05083854288287431
261.98740386948805,5.015310893167552,-0.023202514988983108,1.9773015456789276,2.625780128741671,2.4846179768193926,0.003876864213093177,0.19792856821097712,0.3326512228041419,1.5721943166852796,-0.0006171343544194741,0.050581367174291125
261.69420700835997,4.998877620450477,-0.022724622975710713,1.976200212074311,2.7069612311379623,2.4911106055093133,0.00391676416553684,0.2009653338100045,0.34109829698644895,1.5721321807935953,-0.0006267293296996485,0.05121953010414298
262.10287710689795,4.986307988394394,-0.02448017509439851,1.977721912056599,2.531293372481423,2.445796250258254,0.0038551026640266444,0.19433382690665946,0.3466003557431565,1.4671244841908004,-0.0008109228783710303,0.05162847069907262
262.1114254113587,4.966633237852969,-0.024872508427341615,1.9777492726227293,2.59228379886211,2.4539830428559406,0.003924733294711685,0.1966606199437411,0.35073907340283184,1.475184483053663,-0.0007869513301164133,0.051936245339199334
262.0521222709365,4.969976424882976,-0.025028802319500717,1.9775235180879178,2.6033675598395276,2.4446710830186196,0.003789625326339778,0.19708341121539585,0.35514897165937265,1.470114041885463,-0.0007609833002333991,0.052262185861551215
262.1971807653047,4.984455170214378,-0.025022617522632126,1.9780709356095985,2.534846517741349,2.4497763969701976,0.0038148983547247953,0.1944710175478229,0.344955119826438,1.4752291609777846,-0.0007434013079750401,0.051506778934788104
262.02421390457374,4.965742914043469,-0.024725848779552015,1.9774220073512287,2.6267069888049757,2.4457599745715815,0.0038218081502911067,0.19796458194567204,0.3601372343387695,1.4642876436762262,-0.0007689161280257417,0.05262789361145472
261.98554445819065,4.9841379467510185,-0.023743807320689297,1.977288102035863,2.6100974305069466,2.458189061194734,0.0038459042893303668,0.1973369886449704,0.3532403489491382,1.4903707374968331,-0.00077794540564703,0.05212128408242397
261.972557585227,4.966403196967041,-0.024201130629016694,1.977233541640975,2.711218673588344,2.4703252260688724,0.003903929103388689,0.20112361793091468,0.366326777499423,1.4877300395186561,-0.0007725515003238197,0.05307825781463109
261.8944321962554,4.971901715449919,-0.02423349968987502,1.9769382539232105,2.6876228167174787,2.4725296729439514,0.0038505214579084082,0.20024721438348436,0.3587762573562338,1.501773678484659,-0.0007339477384197706,0.052528836699435776
262.0853860793749,4.984121249249645,-0.024352078627938825,1.977657492225506,2.6062894693215988,2.4517028676328225,0.0038340551830699644,0.19719316125704936,0.3519678531367065,1.4756847981251249,-0.0007442577457723474,0.052027791655387116
261.85030592999783,4.96843093482756,-0.023904737176311704,1.9767756789488744,2.702074889326008,2.469375937971845,0.0038449193028471922,0.20078519008045456,0.3635492160579221,1.4944515362188269,-0.0007366617128827511,0.05287711944438311
268.8844480165996,3.5443248475008327,-0.022788124311568205,2.003167845702408,3.4407028504500805,1.8003411235861815,0.003061788124927567,0.22659302579910237,0.6533058549801112,1.023555892449875,-0.0020282827765786987,0.07086124274010015
267.82524212800587,3.6702723019362478,-0.023855028282249554,1.9992054949849403,4.258288476466948,1.7800578591203866,0.0033535973288525566,0.25208192678142505,0.8506594599228461,0.9424559668693788,-0.002083140975719017,0.08086528816973386
269.344188122154,3.427273416470311,-0.02373930572249598,2.00486881232905,5.377277929078831,1.66110258821579,0.0030886579791348334,0.28328137907454837,1.1603045956582712,0.8897986570803631,-0.002503203013625729,0.09444127244629151
267.7248923892717,3.695259420163235,-0.023530507844381703,1.9988347183942878,4.4131457732365,1.8061849520228945,0.0032657751136553575,0.2566265420307218,0.8797682966541396,0.9518468281329696,-0.002070928846893928,0.08223843194949776
268.0923127493987,3.7228607606309034,-0.026588254753810527,2.000167709703108,4.372282308769219,1.8216606043982786,0.0030802196807184147,0.25543777550261,0.8676726032037898,0.9567715790427161,-0.0021112029640629987,0.08166974630837104
267.536046133795,3.725625836193915,-0.023165405161241846,1.9981337991819996,4.343910923821447,1.8224479802752747,0.0033157880140424643,0.2546045894130073,0.8607418537911828,0.9589204040809661,-0.0020389527283379612,0.08134453795296095
267.46946574702315,3.654311525480071,-0.02072447197294048,1.9979119286332974,3.980920602572562,1.805086888211256,0.0032403166174688144,0.2437339241052614,0.782230773067901,0.9548889398337435,-0.001981232458405153,0.07754504826728635
267.05261917355364,3.7446801422860223,-0.021131809136402207,1.9963500280030058,4.104736233476852,1.9020275509124265,0.0036136554564422307,0.24749072992110566,0.7837979803128724,1.0035809822858637,-0.0018690026898160635,0.07762552455295488
268.21282333205636,3.496749226666628,-0.02484034526911666,2.000639753901122,4.249219688796714,1.7530363283206674,0.0033281490389130346,0.25181364698721226,0.8503564236587813,0.9364284547555687,-0.002111450791171199,0.08085013935962115
262.9052016952079,4.700098082236935,-0.022899763549300782,1.9807659718114654,2.8887647595835158,2.314169429066331,0.003817413208177969,0.20760857229527005,0.4538513325231699,1.2858450833696635,-0.0010780970413933962,0.05907623721177082
262.97807345496864,4.6580238046663816,-0.02438147138384378,1.9810228207457319,3.0112515363396706,2.307742793752358,0.003962404089508549,0.21196309144523381,0.47046297244223895,1.2931140873893805,-0.0010328351847123573,0.06014880874418543
263.0946663239511,4.648397461277569,-0.025002718786463294,1.9814542458986704,3.0637649921674823,2.315332688873919,0.004012609867438317,0.21380302772889823,0.4783333086433624,1.2923778757919584,-0.0010642529148326258,0.060649438210898514
262.88777589645895,4.654683443401246,-0.024435524957527762,1.9806819666035214,3.036040195029969,2.3192872689342576,0.003937912625828886,0.2128345028556053,0.4693270887126834,1.304149441879566,-0.0010055942010527912,0.06007659406970204
263.5773123434366,4.62243346860146,-0.02794353503492209,1.983231931801965,3.168827694183451,2.323518333931507,0.003837289550213368,0.21744243133066088,0.4949639316414578,1.2979864533014598,-0.0011114213763835138,0.06169424285380737
262.81510493134635,4.662488101260441,-0.024043132407422417,1.9804129453783232,3.022211262951599,2.326580450158771,0.0039233022879749625,0.2123493312668527,0.4660646214689435,1.3063613856654925,-0.0009901659789288556,0.0598676209997708
262.10158767424616,4.865837018780494,-0.024636148510879155,1.9777151097477494,2.4197533041763752,2.406027252247783,0.0038256694307747807,0.19000285579765053,0.3475565618693503,1.3984657869262709,-0.0008045811182861961,0.051699754966573246
262.2050022838594,4.825077949920141,-0.025990222724043166,1.978087966976387,2.562126209675825,2.4025392164964403,0.003999470695238048,0.19551136522159532,0.36744848751429676,1.3991402221224676,-0.0007875571820084364,0.05315925677356785
262.3366025942506,4.812703131085887,-0.02662393752575896,1.9785759642889196,2.5894019795609564,2.3896014834394417,0.003990949137778623,0.19654989968121436,0.37310884391901467,1.3902958951013011,-0.000812701551941682,0.053566851189273186
262.1700397025516,4.818588959614301,-0.02612655725903483,1.977954263932322,2.632066831089059,2.3988489530795425,0.003952519310121674,0.19816396534081704,0.3802240534462084,1.3924189584484836,-0.00077994184323104,0.054075799595067094
262.8190550292411,4.795595169763527,-0.02957359428564197,1.9803529649140912,2.696933588651684,2.3865338786797254,0.003824802538332999,0.20059439427529469,0.39314956961460884,1.3867287166381395,-0.0008789668673077182,0.05498595162239251
262.11003865448794,4.826978525615754,-0.02557558178999309,1.977735072952787,2.5952481765662156,2.4030380982188424,0.003989584197092144,0.1967717729486889,0.3726963186537208,1.3994399073273147,-0.0007798395697465219,0.0535377120273199
266.2367699893197,3.9286884018349477,-0.024652008473806043,1.993257487794078,3.5171467112945676,1.8113983334965535,0.0034497319846997112,0.22909130577889902,0.6877771625997461,0.973103607694965,-0.0018351872157308415,0.07271331134216624
266.3435655407798,3.9099903479265636,-0.025917743405912505,1.9936412335724611,3.6721611470414883,1.8270530078030127,0.0035895346459603643,0.2340843663511147,0.716697010239848,0.9796463177114084,-0.0018273786545066988,0.07422745187715232
266.4238687869647,3.902271279187296,-0.02599882715135095,1.9939407500032542,3.6782989948398566,1.8355131417663715,0.003597604888327959,0.23427983745230246,0.7157776410503177,0.9808679117758358,-0.001841153756044379,0.07417945812069414
266.1704624295144,3.9285774547788437,-0.02570011029710996,1.9929959792804264,3.614848869447219,1.8540613807677488,0.003549343165009464,0.2322506627844187,0.6942300106051177,0.9929891198912464,-0.0017682090175156386,0.07305548773144269
266.72417741380184,3.897063226537514,-0.028286291271937103,1.995033272297449,3.719798561202871,1.848114161413203,0.0034512338784020787,0.23560023449735182,0.7199343595935273,0.9832304273863387,-0.0018762928456042154,0.07439379098698651
266.0328737584037,3.957432365162392,-0.025355437219276016,1.9924851338580334,3.6237317202711057,1.859389419118488,0.0035531638793201087,0.23253585334351032,0.6968804086205299,0.9963289832882063,-0.0017537409461222556,0.07319523837343604
267.9149984834655,4.399541452194061,-0.034259831712914086,1.9993893029072007,5.057791186673695,2.2105765414343326,0.0038857193402705844,0.2747259031868508,0.7778910344221345,1.310124146080158,-0.0008737687153873256,0.07734994321972435
267.7101853431313,4.399117676334911,-0.03419807080165738,1.9986257528761813,5.082412154217695,2.214669911836004,0.003872117962844736,0.27539408949109007,0.7729008773834851,1.3194818810418982,-0.0008184838584157235,0.07710201974437413
267.6683706296889,4.3954101795439815,-0.03337562587493397,1.9984835189471195,5.097310440044891,2.206914127963343,0.003898393897379354,0.27579714071070127,0.7845597359238844,1.3066109407389968,-0.0008507700063548935,0.0776810857424024
267.60368837233466,4.377912772637839,-0.033755147305055654,1.998235594495813,5.1967656163388405,2.205861693019112,0.003824466860392069,0.2784762815191607,0.8031047770045106,1.3035454742533163,-0.0008136950966742192,0.07859431884157086
269.3641563373636,3.5639175366624687,-0.03309998803086313,2.0048104481823383,4.557737417681733,1.8105205554734594,0.0035119745228679297,0.2607941671934799,0.8787779477688172,0.9957427913086647,-0.0017188361941140168,0.08220021879283683
269.27322510526295,3.566636053575145,-0.03295656366409483,2.004474301329777,4.618021058435407,1.8152056772188205,0.0034794986029505035,0.26251396254067416,0.8884639702493701,0.9993552199534211,-0.001703244478080934,0.08265250867901922
269.3162409112611,3.579404335500109,-0.03267889347262201,2.004638989109173,4.6315436807485915,1.8203495728919898,0.0035013864793765146,0.26289780888367126,0.8925320820856281,0.9986190564938007,-0.0017056400938530532,0.08284154870914062
269.28129709870626,3.5759407912294816,-0.03288645922355639,2.004505504630471,4.7386268798687325,1.824033941706923,0.0034527478612369164,0.2659207642486869,0.9110440567903569,1.0033730044163687,-0.0016773597805710655,0.0836971783887975
265.3642770729761,4.8829485576338705,-0.03285478097588413,1.9898696980462038,5.070934424806457,2.2701885152544237,0.004276767294282634,0.27507689414317893,0.5410226323784023,1.7464127953579223,0.0001806535461498298,0.06451108370701274
265.12688588191924,4.8692271686026345,-0.03251050750357173,1.9889848583214498,5.167907703662974,2.2716696613267087,0.004229485115551325,0.2776959889098099,0.5520033838020832,1.7425314813332675,0.00021488703715249224,0.06516236412962549
265.0765389708331,4.873153067729184,-0.031843188614586224,1.9888067439132626,5.112952314485297,2.2683365187785554,0.0042939499557216034,0.27621419787096135,0.5429856986257544,1.7496126065406608,0.00021754019696137696,0.06462790219877684
264.67073925375496,4.868457753364966,-0.03127376272702487,1.9872925030970436,5.201974557295533,2.2759618624644076,0.004166521153301186,0.2786109319542173,0.5517170825961438,1.754709972178492,0.00028599786217591884,0.0651451898735026
266.87727918700176,4.5177918528041,-0.035290539528664046,1.9954943123848035,4.593396761090466,2.2327645241796144,0.0039677730748504695,0.26180606828360004,0.6717849974111062,1.366918203009005,-0.0007046178082778192,0.07188240686639961
266.7116764129754,4.505787518004644,-0.03504242668247568,1.9948792740609904,4.647431359536422,2.231977828267681,0.003933564488553468,0.26334231378127293,0.6776763543422101,1.3690987511810988,-0.0006665984275787552,0.072197303827345
266.9112538015289,4.4987721807717165,-0.03507590214616208,1.9956251496280233,4.638797270484171,2.228229759756945,0.004005339274779057,0.26309644127918963,0.6814907109469732,1.3603673538600642,-0.0006817873765097108,0.07240007875704882
266.4886798174531,4.488379087956359,-0.03411360351219763,1.9940609931507762,4.715245308595382,2.228326036300804,0.0038781008199446133,0.26525790466017724,0.691963240216519,1.3634292315278995,-0.0006406881456233768,0.07295466862519316
266.65647293048147,4.487576026962846,-0.037361245656766774,1.9946306661871867,4.1324771440805685,2.179601205048131,0.003914276299514432,0.24832124714880355,0.6490853958028424,1.2816938709840069,-0.0008623761599959581,0.07065565009578115
266.37712587805,4.4937818298904615,-0.03691597133301605,1.9935935416328951,4.134155977953381,2.1863236695104646,0.003879710811738808,0.24837223760011037,0.6413540990400289,1.2940207000175559,-0.0008138773970427502,0.07023411331483631
266.450362632424,4.49518542969136,-0.036711819923146705,1.993871441779525,4.12657658691996,2.183807400562817,0.00392330242742289,0.24814371445842945,0.6441488495361041,1.2893593559835541,-0.0008262717523527981,0.07038684838284058
266.154464613488,4.4995809667185025,-0.03644420044473918,1.9927685555471928,4.148691179632104,2.1891989596127828,0.0038360647230431194,0.2488092612475401,0.6409580253953233,1.300049174323051,-0.000764766868687975,0.07021297231161312
267.1033513395675,3.926955220291921,-0.01344343825371279,1.996606235125136,4.629674170085524,2.075037145150036,0.0035353877179672586,0.26284427996928533,0.8451064541409916,1.0733354369264243,-0.0018537690136442683,0.08060634229669325
266.9402780840636,3.908625101546251,-0.013493156578416807,1.9959962900044617,4.693664280282644,2.0811486742507697,0.0035260997489090715,0.2646549779827464,0.850145682795647,1.0799082644189235,-0.001790907059367379,0.08084784986167436
267.2835019447649,3.9137206293300904,-0.014238003703364557,1.997273961785448,4.684701391688878,2.0667474842685603,0.0034658630217891703,0.26440291996757154,0.8592459019770169,1.0661349407649725,-0.0018372515531836873,0.08127858492919271
263.0980032643901,4.842811103287109,-0.010046354799456685,1.9815990866905964,4.300406667250664,2.4754228801827765,0.004097921024370998,0.2533147867404263,0.5575813739706951,1.5170155491254378,-0.0007859089486476347,0.06548640957639001
262.73542778025177,4.849698753398658,-0.009170691961576207,1.980237408402484,4.330206755885568,2.4888337079984004,0.00404756479731395,0.2541919920052423,0.5551837955694081,1.5329246458718504,-0.0007172893243891134,0.06534623231165097
262.69298071757675,4.872119429363937,-0.008428801986841592,1.9800807337772428,4.251063655019331,2.4851372055732033,0.004037870192804721,0.2518579100867219,0.5417183994973452,1.5449716362488373,-0.0006906357527483855,0.06454911024774133
264.45769216388965,4.565844737867065,-0.011355997062902981,1.9867060112457773,4.287848536716754,2.369318075540072,0.0038737159356929036,0.25294808494794135,0.6413885174796202,1.3271712651143122,-0.0012031659836776556,0.07023040807500715
264.6417468769839,4.431664255214765,-0.014815921709929201,1.9873744759162395,4.752679310746867,2.3629979429653267,0.0036646953868288822,0.2663120014351987,0.7033588894498293,1.3368083565368936,-0.0012881542305246043,0.0735445011842918
265.03187716823095,4.436559839970924,-0.01558966896921617,1.9888329797770241,4.700967534892098,2.365173851155928,0.0036930378046523696,0.26485855852209444,0.7021433533601035,1.330927386514062,-0.0012920918561706634,0.07348083571101965
264.55535347523085,4.444111749349576,-0.014414647529286081,1.9870529895396745,4.73387451846697,2.366801948435346,0.0036499734485498096,0.26578472727572844,0.7006763990315873,1.3370411370597526,-0.0012543740138301201,0.0734046660636949
264.7803218010108,4.506623721395252,-0.022507985910824785,1.9878225504500804,4.010880268055959,2.268677744395944,0.0035751323312187256,0.2446448508075827,0.6536248969964453,1.2288722995416463,-0.0014639836983306516,0.07089245781308898
264.4074894273338,4.498624651734806,-0.021262954095588826,1.98643608656233,4.0440732903998455,2.2695286427351826,0.003602705411826989,0.24565488669168448,0.6570607831203978,1.2340858648376387,-0.0013391725346566109,0.07108108280853054
264.80344149796076,4.493057173818932,-0.022339321732419058,1.987911247092256,4.070568847790253,2.2594894795473905,0.0036140957929441287,0.24645830729322557,0.6710223799917223,1.2201654814990166,-0.001404544760450061,0.07183131538080612
264.5129672013957,4.489752971645417,-0.021864921818515442,1.9868257748335811,4.113012800712765,2.2625241263300255,0.0035715379662426758,0.24774078161147112,0.6729459921743368,1.2264161277347891,-0.0013985253343719308,0.07193435729190471
267.4705212409424,3.941136113513949,-0.013554682070878314,1.9979773778870276,5.214347400837393,2.139412451390639,0.0034506388157641114,0.278951920053038,0.931116516830775,1.1067106765581858,-0.0018132223705310021,0.08461174250355041
267.77169326283996,3.8203643183468325,-0.016035030001434362,1.9990836187042451,5.611086558900192,2.1455219786857667,0.003235583235713605,0.28937361936037753,0.9967646342613901,1.1125768171203887,-0.0019223421332546639,0.08754270308981707
267.76962305889555,3.8743367820861603,-0.015933719583366552,1.9990767005727188,5.495486058305809,2.1605940952855174,0.003293887523829296,0.2863762041086758,0.9689759022196072,1.1218600100506215,-0.0018804376158180803,0.08631410510847973
268.04577536246546,3.8693648345111047,-0.018260731709346462,2.000087438099293,5.581086714978361,2.153262806205073,0.0032015347837954134,0.2885992929497976,0.9875317717996566,1.121650821564202,-0.0019022082227514127,0.08713655862202753
262.7296421384755,4.9789939355338,-0.004138027006002235,1.9802325164227061,5.11587967515966,2.475999485128336,0.004201816556327085,0.2762946937596006,0.5291660229546149,1.770567176048292,-0.00035623385776255225,0.06379953735192942
262.5655324004554,4.9542250531756595,-0.0033998900649503724,1.9796153626495037,5.204961551729975,2.484255998599239,0.004173087413972445,0.2786908298649921,0.5420191398831812,1.7610453802591937,-0.00032445223167099335,0.06456990575996496
262.27994996694866,4.950177818869053,-0.0028736572632480357,1.9785393251092118,5.251686781846871,2.4791368647570193,0.004145676700574691,0.2799396330789532,0.5433021384763724,1.7744505021725072,-0.00024264440917636968,0.06464664216136608
262.5656413028076,4.962009136318067,-0.002985463700904704,1.9796164415626352,5.146824150497945,2.463634152842257,0.004061319937205011,0.2771313345389187,0.5354267846380122,1.748069874720941,-0.0003213765484201793,0.0641760414115165
262.2806350807534,4.951428203819743,-0.0025198259022789957,1.9785423915009452,5.2395741538429315,2.4879416982352853,0.0041431940181897095,0.2796165825812485,0.5442074123881744,1.7763406630260707,-0.0002619922525577527,0.06470040358903505
265.64896413846486,4.32408965892261,-0.012067829093800204,1.9911715847749947,4.904065696243627,2.320238755184435,0.0037750555797042827,0.2705194250826844,0.7583757776635215,1.281885594235491,-0.0013316200724378588,0.07636679000824646
265.4934902479397,4.312798036439094,-0.011304354330265875,1.9905932829834532,4.91855756890633,2.327436936075033,0.0037879205752713316,0.2709187307225497,0.7551105119251997,1.2885294407146013,-0.0013000019156502922,0.0762027059522424
265.31756225769703,4.2916650854127925,-0.010913171491812184,1.989935807626596,5.020440192064069,2.3240184250030853,0.0037485718976826695,0.27371132854498964,0.7739118099993892,1.2881498836158374,-0.0012617622382710418,0.07714645633650416
265.4892875427,4.295271773519783,-0.010718122351154612,1.990580769924963,4.949789802051767,2.318213502872248,0.003722530156690884,0.2717785909547484,0.7649157647829369,1.2851113313845723,-0.0012679708136298803,0.0766965427605638
264.8990352446482,4.284852148926139,-0.007995361118923813,1.9883794955064669,5.0221513281014145,2.327031467062924,0.0036728553426484253,0.2737590046785828,0.7721735758520785,1.2920343962746328,-0.0012823289158373137,0.07705940805557288
264.45621394873285,4.667488605591636,-0.016619111161807528,1.9866634027989745,4.922325459256069,2.4385902436338984,0.0037737130881651984,0.2710226987865209,0.6526223444011622,1.4720249650837438,-0.0010685735860424372,0.0708451129613056
263.7176522120145,4.773386796224514,-0.011605202747336311,1.9839228010793526,4.465474944369535,2.4425089133941134,0.003950726594363013,0.25813421223481026,0.5850157196805436,1.4828302732689136,-0.0008448785883591402,0.06707761996963292
263.4628962839344,4.757595993514806,-0.011087508146024322,1.9829672466411756,4.5628815048794875,2.4532020344408774,0.0038940711221405735,0.26093590254724963,0.5986979141410907,1.4864546110978136,-0.000800541727451518,0.06785814397151378
263.62345463528334,4.762749053385041,-0.010936542940356342,1.9835722370059539,4.4914577787118,2.4395666366506488,0.0038546890590067835,0.2588857366418892,0.5912180130326887,1.4792920388576525,-0.0008045694179165948,0.06743280757564507
263.54840356391736,4.750783628054839,-0.011044388043226371,1.9832892586914221,4.556396191586468,2.4401204183214746,0.0038834709966775174,0.26075051670184407,0.6063113785981957,1.4714444927954837,-0.0008338937680999589,0.06828790744127473
263.09470360548084,4.822213269732385,-0.023907056836020738,1.9814679088016451,3.0098408506836223,2.3861520417613056,0.0037622574415922647,0.211917066774577,0.4547213526866413,1.3228703478915562,-0.0011053676687256611,0.05913234919606142
262.832209527164,4.836353515264021,-0.022570136306187406,1.980494733105851,2.9595996384213277,2.3829752367997137,0.0038217894752410513,0.21013929393825545,0.4442732077186059,1.3310308005101932,-0.001052219035969362,0.05844979938648539
262.7949032685071,4.822631518969314,-0.02327336821381982,1.9803460150726637,3.0798609437723874,2.388352859860295,0.003729366574486494,0.21436922729860428,0.4624217936540997,1.3315083545042123,-0.0010337950060664305,0.05963239042920872
263.00030345179545,4.841920689012567,-0.023407496941002266,1.981118308568822,2.9581346974929454,2.3783847515265624,0.0037243829863071558,0.2100890123568033,0.4445737119180961,1.3293851998287527,-0.0010395227076571026,0.0584697971308745
262.63461922948034,4.843280937423953,-0.022990777349557026,1.9797452144528866,3.007921506984924,2.4073434772559974,0.003743138075006057,0.21184980473881185,0.4412556025038997,1.3576134267093003,-0.0009947916997509222,0.05825190344434008
262.71457599715217,4.875688394239458,-0.017982903186963516,1.9800984040641334,3.593808469086091,2.4940096585364993,0.0038959647690371586,0.23156803283902916,0.48136486963554287,1.476657778653326,-0.000896373768030165,0.0608440893067861
262.488051770186,4.884185617241284,-0.016446285952105275,1.9792578497131967,3.560532115016304,2.492258520242165,0.003984400791291302,0.23049163742685336,0.4770503380189798,1.4829119855693436,-0.0008559107201301723,0.06057132491204522
262.3934641370883,4.86761790351526,-0.017322589287431397,1.9788937030966136,3.6410518144072417,2.4867287270788028,0.003840692410692966,0.23308647754268763,0.4857157905592702,1.4892022704123773,-0.0008148790680687196,0.06111964728382199
262.69497662877836,4.888367314723838,-0.017811248800791497,1.9800260872307571,3.541576995075713,2.4844328535959175,0.0037934321953135533,0.22988033410372005,0.47343795680047895,1.4712146899569023,-0.0008257624347008599,0.060341930308270696
262.3439741548534,4.864436035830454,-0.016930818968203618,1.978710451575179,3.665520344934306,2.48262172422695,0.0038487806533293164,0.23386843687658895,0.4922703224337303,1.4845875392773356,-0.0008062010582062885,0.06153084452374694
263.14253763611134,4.813195412797705,-0.021788742858010815,1.9816724785941977,3.4434037591074467,2.4030320060737242,0.0037737311628116216,0.22667122647115664,0.5185281256067925,1.3408530490927213,-0.0010952382988886368,0.0631464832144409
262.8347817160987,4.827746432721552,-0.02040069909043665,1.9805279602341237,3.3844421311537816,2.419971365495821,0.003871649814141884,0.22471998573052715,0.5010360235088653,1.3615955408327256,-0.0010246293109831108,0.0620731293921579
262.8706022480441,4.798951628765813,-0.02117879871970375,1.9806547612046028,3.5132499794662424,2.4018662643452346,0.0037108039601660755,0.22896025155400734,0.5260901140363631,1.3480389191841056,-0.001025280317110879,0.06360657066153065
263.07896201766044,4.830734885371167,-0.021463613032303354,1.9814365963161624,3.3889853685163316,2.4127816881366586,0.003707758409564355,0.22487357270133335,0.5042551082714372,1.347810989803014,-0.0010386496484155777,0.06227203750600803
262.76510691254975,4.812261475586695,-0.02090069236372776,1.980260192098555,3.470167914166307,2.407074158045952,0.0037324870541993018,0.22755135573776816,0.5144811857006099,1.36262167022809,-0.000998272174864267,0.06290112109475694
263.6677175050345,4.673507741602309,-0.025544458921705468,1.9836044333126803,3.147513628015961,2.2663070209231546,0.0037155902326967026,0.2167118126285332,0.5185741275343692,1.2179519456072416,-0.0012928256923806201,0.06314554894838985
263.39867392156884,4.686419725915648,-0.024429665122712028,1.9826060331867983,3.096294756165294,2.2715753440491717,0.003757546238418941,0.21494007401110055,0.5060997706258602,1.2268186665177334,-0.0012225142933715899,0.06238253455465692
263.34235938846865,4.677890096131383,-0.025018527828216865,1.982386705265298,3.148769415680868,2.2711011071020035,0.003672615633652473,0.21675578501485374,0.5122955734148721,1.2333955071044025,-0.0012042337417611524,0.06276372360854322
263.46797331601465,4.691894864132484,-0.024803041805982695,1.9828622291535938,3.0930261440711577,2.2732515619757807,0.00365635715842705,0.21482830438940045,0.5059194585017942,1.229382572051546,-0.00118913221917202,0.06237206190985528
263.31747110336266,4.678061038292078,-0.024735810837824907,1.982296559212977,3.161409429684353,2.2625004304985885,0.003695156671210384,0.21719014983557242,0.5176451244938627,1.2293450840862994,-0.001212100538317201,0.06309054117151575
261.82199430072666,4.99938202786299,-0.028254559526215084,1.9766114032804516,2.18784166511367,2.4578693814314754,0.0037549546449620924,0.18066613829455164,0.29772955398545464,1.4594647844864734,-0.000725613865170515,0.04785081841377766
261.62964059169076,4.997047158377281,-0.02690569724755432,1.975903867167335,2.1930945762955147,2.455885295283985,0.003833068484411779,0.18088134911061482,0.2996916970769575,1.4586587296862674,-0.0007051417276760202,0.048008577586611714
261.5236089211634,4.995447579919996,-0.02760736862955511,1.9754936800156766,2.2415605250352795,2.47584931210215,0.003709515637919032,0.18287254231585603,0.30075203018982044,1.4788222545952474,-0.0006514788449058902,0.048094206830146924
261.66944054018546,5.003527936343094,-0.02735215537290626,1.9760480504050684,2.1786201119353894,2.466289322990219,0.0037098388836565724,0.1802857597927391,0.2936842221404973,1.4740162609013476,-0.00066135346651148,0.04752548803192958
261.5252118998583,4.9909736723147615,-0.02731377069456535,1.975503816642762,2.2465516194569455,2.4679709408154955,0.0037323545981673423,0.18307564205835275,0.3033946934353649,1.472330537838858,-0.0006816797222319574,0.0483046648562485
265.6290890506962,4.737914076773474,-0.03500122558540955,1.9908260053608138,4.692566435774409,2.287944694059445,0.0039962336690415635,0.26461733716448127,0.5893696747433763,1.5332212729932424,-0.0003613573820986563,0.06733113918153888
265.4170955719158,4.727298049436984,-0.03475059925091212,1.9900355734238113,4.79979150272745,2.286192925169734,0.003940625210269772,0.26762501867003763,0.6052447220958124,1.5224204691262353,-0.00035215554169333737,0.06823199116236242
265.39600895074744,4.747964484593934,-0.03406688396863173,1.989968318684527,4.67101204150691,2.285071940727744,0.004038604161512869,0.2640081197820592,0.5831738285463517,1.5382891757371835,-0.00029751755375804405,0.06697659300520471
265.18364009958015,4.74173072651933,-0.03411167802878107,1.9891709758157379,4.729868257768818,2.290696673361284,0.003919874464308073,0.26566837073238364,0.5893998342687403,1.545364693233679,-0.00023026086988870453,0.06733343789620509
264.93837026190556,4.758292109653844,-0.0332100270708373,1.9882658594518337,4.634774552448246,2.295231794484297,0.0039841334749589705,0.2629826349195579,0.567436441995116,1.568059670303971,-0.000187403909611565,0.06606709156175564
264.48745804197625,4.843363940051731,-0.03855151728743287,1.9864762221434586,3.857872607048219,2.3104726953978787,0.004069583494340263,0.23992421023123406,0.4695791682315134,1.5857383256201838,-0.00020774923457747498,0.060100784422420395
264.0518635215346,4.841788757100213,-0.037429484219530164,1.9848606055803288,3.8996425703456294,2.3061003763255656,0.003986618451465831,0.24122132436051805,0.47057430442505016,1.5897221218788957,-0.00017676162628655687,0.06016453354808484
264.0768602678924,4.8483674784945805,-0.036892332506683084,1.9849646423658032,3.8333089513693386,2.3112916827186356,0.004053244489184013,0.23915923073855885,0.4623050457960081,1.5986106304402232,-0.00015861430898885895,0.059633610501715194
263.93808636180074,4.840722996585481,-0.036924638618871915,1.9844422376006121,3.891844298907462,2.3139959050949557,0.0039385938733642704,0.2409807374463841,0.4697686566592968,1.6054133527109362,-9.7455631210958e-05,0.060113189514658966
263.7522220965845,4.841216412177035,-0.0359186058464258,1.9837616246801975,3.867516452961651,2.3147273369916603,0.003960914103227414,0.240225804865076,0.4681075275500922,1.6061012766999276,-0.00010077179643703602,0.06000680778083226
263.7987329931736,4.944250656722186,-0.03728395985477342,1.9839113963641928,3.9055231198045672,2.2984820049264,0.004232238598008168,0.24139900166379913,0.4151951483462433,1.7451324330023354,9.54984075545944e-05,0.05651371261461059
263.56581013482275,4.9392769883450365,-0.036819225397092405,1.9830437227542235,3.9481964418380096,2.2957806076068077,0.004186419762461492,0.24271542800496287,0.41486681222444227,1.7518083293777313,0.00013675538515100664,0.05649127781279054
263.6000728996583,4.9471044253348895,-0.036301101933901514,1.9831822095465514,3.913260018422371,2.298512790859592,0.004238451095751541,0.24163795537727817,0.4128831663618789,1.755962005714049,0.00014917698448486702,0.056356029871320226
263.4359185686924,4.942952804319678,-0.03631372328467946,1.982564171754215,3.965287892627475,2.3015954293147254,0.004135948152360829,0.24324122865045023,0.4150289717087144,1.772349018453924,0.00022831896660156577,0.05650202139795518
263.15464151335004,4.948689222108093,-0.034939940693908524,1.981529817378853,3.9352596008370564,2.3053218745129307,0.004155840353712179,0.2423178633817482,0.4097962853146926,1.7888603421104843,0.00024872435300888886,0.056144610195472434
265.2978664482952,4.618934380443279,-0.03733978486471055,1.9895415021929739,3.888289751234016,2.251170579818346,0.003961631975932464,0.24087025732464304,0.5446990364022525,1.4080769820067538,-0.0005800391610742816,0.06472755319244854
265.17317619450705,4.611549682099025,-0.037123143313536056,1.9890777943933058,3.9313811501413527,2.250461924879931,0.003938149456466323,0.2422020263705141,0.5510002572237275,1.4076771332281839,-0.000562332347677129,0.06510105451862015
265.13519565209424,4.626189083855152,-0.03676168049961363,1.9889420064440053,3.833580112858287,2.25430904477991,0.003995661277338692,0.23916866081430344,0.5293896496536739,1.423698293078306,-0.0005170798057412579,0.06381191662012298
264.9312056061768,4.624979980050108,-0.03659097523358052,1.9881796194335937,3.8868013202865463,2.258273538090946,0.003887899240017278,0.24082533970447606,0.5353019047280169,1.4351558056277838,-0.0004620083933453237,0.06416769832003297
264.802719271837,4.626894344096958,-0.03583853150123247,1.9877109930210695,3.8787866093623853,2.2573886554883122,0.003908543120639839,0.2405765174405932,0.5380443301628511,1.4279917458307934,-0.0004690115483012697,0.06433181614008576
263.42725007672726,5.025885946691094,-0.040179985168049326,1.9824569528585176,3.098390364750353,2.3047158755581565,0.004120134518359909,0.21500617851879836,0.3192772035738428,1.7799743004094972,0.00010284121561204903,0.049557723038028405
263.2081337724365,5.023524561039651,-0.03961117474883708,1.9816433996506146,3.1279604838926365,2.3055337888879643,0.004059678812709398,0.21603123936012014,0.3216525454838588,1.781599287071454,0.00013744843474839535,0.04974164711590904
263.2154417029436,5.022631186646221,-0.039199690706383454,1.9816791027767366,3.091477576502125,2.3009208863646466,0.00412863309854881,0.214765944121597,0.31843415319387547,1.7804070222098716,0.00013680294750229924,0.0494921687851754
263.045428533719,5.023576946012367,-0.039116317377947706,1.9810404049034052,3.1262809748517646,2.3087154108229004,0.0040231660966404985,0.21597389705002137,0.3192353611226486,1.801383072585228,0.00022094172164229735,0.04955408972805384
262.85477496590374,5.020709013439514,-0.03804443345177514,1.9803429545382685,3.1071859292169335,2.3119665000536957,0.004018620055062759,0.2153131674657882,0.3197304416051096,1.796226493509529,0.00019993090642313993,0.04959258979985394
264.53715254379495,4.74966749408917,-0.0396379722615055,1.9866415229637873,3.279974797007762,2.2592399000362113,0.003914438962243082,0.22122279467574005,0.4629722736185064,1.411953065700185,-0.0005306402715603713,0.059674480329392196
264.4862879315426,4.798891649948723,-0.040530846874116004,1.9864324269260576,3.233768586572215,2.274774779005652,0.003895593806492328,0.21965888812783047,0.45261652788036366,1.4207752541976084,-0.0005096147263977291,0.059003439661687175
267.7426317957374,3.790311303361718,-0.019449760139750607,1.9989448192356325,4.770481750094268,2.021142809429892,0.003276979097339242,0.2668154447528409,0.8874658550055304,1.0442168193574028,-0.0020608905617114422,0.08259790041648826
267.11194450844556,3.880473782532101,-0.017173401256595472,1.9966097552385749,4.584029130713999,2.042462326952802,0.003167857859993005,0.26154982299958873,0.843698248318404,1.0558910547290996,-0.0019625271339270066,0.0805365445793075
267.02605336499187,3.8769946494027603,-0.015698328877483115,1.9963008404371407,4.59063133742298,2.039517405769725,0.003387457889342157,0.2617353830918296,0.8458133788086004,1.0521249462804583,-0.0019064758259627521,0.08063883747916495
267.3286004554549,3.829765328217715,-0.018601636629832084,1.997406591155175,4.79812112371962,2.044428962834486,0.0032378456656054285,0.26758786308549937,0.8796972170636308,1.0605784145640527,-0.0019551460240987916,0.0822379418136464
267.41428171931443,3.8643530387740803,-0.018906636561125213,1.9977238235559778,4.7032289975906165,2.074573593022087,0.003333614427427945,0.26492703663477296,0.8527599656405299,1.0712855575376148,-0.0019370627504699445,0.08096875836573902
267.2871282848986,3.84589082555779,-0.018484431162091072,1.99725272548564,4.81458991334922,2.058730709521435,0.0032409829256229935,0.2680467253580736,0.8780642289421225,1.0667617732409598,-0.0019487678932757165,0.08216168526953334
263.6910874558165,4.6448247938288,-0.023791003276057047,1.9837141579970614,3.7478815782970103,2.334792791216691,0.0035930117810382472,0.23648598538962023,0.5799610625286166,1.2932062452416055,-0.0012592439898969838,0.06678063527027674
263.28670250521435,4.665469121521785,-0.020542970496362008,1.9822286100650484,3.653512796460053,2.329721478530447,0.0037989961769546786,0.23348577979452462,0.5687881455537698,1.2884681590659324,-0.0011663325538447886,0.0661357172465116
263.44045356321,4.642819092513601,-0.023140905017674105,1.9827787487822672,3.7705693179016935,2.3421788567596407,0.0035443013659009043,0.23720158499968,0.578254879913151,1.3035126662916563,-0.0011810007587923798,0.06668372888552442
263.7157093445091,4.646885234202471,-0.023650105343886094,1.983808467536144,3.7531515508346107,2.3330599914359396,0.0035360902585301443,0.2366530865878855,0.5834001751331886,1.2846558625604716,-0.0012139903778500582,0.06697924963922162
263.4385871077118,4.6440932503022125,-0.02306351083393552,1.9827726256509783,3.762479284665178,2.332996453045019,0.003584096003960923,0.23694632617882685,0.579316971504248,1.3004757734702819,-0.001187047798598887,0.06674485233866627
264.19284039694463,4.530904257238629,-0.019306485302002692,1.98564951136089,4.300224320289231,2.3577397504079296,0.003668959019078026,0.2533159909704609,0.6435825921120394,1.3284127477695569,-0.0012717664399199127,0.07034925681242879
263.715598374154,4.589592786217252,-0.015954997590363246,1.9838848618629101,4.136493633968085,2.369654274944354,0.003844025293818011,0.24844302047811292,0.6187738422399657,1.3319505466448562,-0.0011433931172852069,0.06898181962401848
263.55172611332296,4.589839585325132,-0.01570695452406945,1.9832703154177533,4.17238908011276,2.3690217675470695,0.0037341990226408984,0.24952057959202345,0.6255440866999824,1.3342790128909092,-0.0010867677313657841,0.06935918487048365
263.81802267733144,4.585739425841424,-0.016507994933410697,1.9842655855815146,4.1727620325155375,2.365400207204083,0.00379283064753385,0.24953084933877798,0.6261398785953113,1.3267185131404298,-0.0011082334059221448,0.06939187577301334
263.9038024612841,4.532536517225333,-0.01855392615437444,1.9845700983152512,4.40876650647878,2.357039971403764,0.0036153385029133226,0.25649447264772474,0.6623802132232517,1.3325843662855885,-0.001203959929475976,0.07137074253430355
268.2986229098031,3.3342264813681095,-0.024678566930974574,2.0009617754193867,3.805394854457247,1.6352074458938106,0.0032941350980244537,0.23829831472375865,0.7646703535276186,0.9055713163647796,-0.002157305866496318,0.07666437030275879
268.0099395293707,3.3824122424026597,-0.02307233914697164,1.9999040022838406,3.850820659637155,1.6274972249405415,0.0033579695671271275,0.2397157885055785,0.7819345910525959,0.8998026001069312,-0.002119473743638103,0.07752670056622674
261.12593344044984,5.1607620433131505,-0.017272236452043108,1.9741083206086871,2.9607491665975805,2.5219778502300274,0.003981198029990765,0.210177154160167,0.30931653543855925,1.77188003901911,-0.0003550063977992201,0.04877737114041219
261.09093440852143,5.146932482502137,-0.017583069233773164,1.9739732657039595,3.0179200922812064,2.5293523688683512,0.004057272625632881,0.21219595190701673,0.31068522307848057,1.7850169032749335,-0.0003406205437661697,0.048885277016890175
260.9568646669895,5.151453923980731,-0.017310269282969627,1.9734687561997521,3.0436321658291874,2.5544071335736436,0.0039331702452279835,0.21310062395607068,0.3127760816615793,1.7946957788780413,-0.0002732354013156351,0.0490499255998487
261.0931513111124,5.157525585571039,-0.01661702365605361,1.9739900153396979,2.935992203960872,2.520225385482849,0.003943941727896022,0.20929697677520828,0.3072446535721975,1.7757709368412515,-0.0002655370154433341,0.04861429730220582
260.9440908008022,5.152355604924528,-0.016933846162704352,1.973423717110487,2.9649347250798717,2.5171304418601492,0.003924235265805822,0.21032678732943877,0.30883607627955384,1.781537264428269,-0.00026222980536979814,0.048740059096768776
262.3387218771038,5.019102659171033,-0.008919324795162569,1.9787429740225897,4.069615299006537,2.49782362230174,0.0037955080063930714,0.2464267050662676,0.4532234565198941,1.6783370498269161,-0.0005906304907836126,0.05904223434581062
262.31709603704184,5.0133939299759955,-0.009966780147626099,1.9786564131146633,4.141397542691656,2.483514912998158,0.003836437619151069,0.24859039677481082,0.45660513221203175,1.6838428139283266,-0.0005414446825202454,0.05926258523315999
262.1727433757821,5.009030391493118,-0.0089167832713757,1.9781169104757568,4.163695110206015,2.491579835185975,0.0038994615694167415,0.24925789322882405,0.45592364506365285,1.6871033857562616,-0.000557068139436496,0.05921819515247087
262.01062248728863,5.006670244072235,-0.008584705050273157,1.9775066646207866,4.1603847896966855,2.485643136287647,0.0038716878972144555,0.24915919690317237,0.45423551307805315,1.6938154942616148,-0.000496728038044661,0.05910898910170821
262.33448374722747,5.019764794992862,-0.008807192615262485,1.978727492427142,4.075351184543484,2.488170615971662,0.00394580297461144,0.24659798807294464,0.44718015683248813,1.684582435161745,-0.0005026819572015786,0.05864805769247446
262.0332692730099,5.009975853830825,-0.0091845862975339,1.977589431829103,4.224449141539503,2.4895351921582254,0.003921650350770603,0.25106991134541884,0.45800973322657257,1.7042521931569772,-0.00045944236911178867,0.05935436552402884
263.3011059873701,4.666551003747016,-0.011605550928657678,1.982355307388279,4.1219607744708995,2.4431647339275115,0.003898049903659089,0.24800525762772016,0.5357306702281471,1.4890477192385583,-0.0008684251224403111,0.0641891812800868
263.2512997272986,4.6547285550750725,-0.01213873677006205,1.9821646065845473,4.234378529283248,2.441766667709955,0.0038989008003319702,0.2513652285303005,0.5511004376129145,1.4866940752313453,-0.0008385135465787546,0.06510400164748832
263.3341341797161,4.637713232275071,-0.011676662121021092,1.982479222387782,4.280237252705901,2.44134336014918,0.0039885300956583585,0.2527216447551814,0.5620967533310413,1.478629103004001,-0.0008757675453162782,0.06574993696328627
263.080129846732,4.649484996819675,-0.011369416315725623,1.9815246247681781,4.314199529202477,2.4534182939589493,0.0039595328498498485,0.25372299826563155,0.558681806986985,1.4983294842634818,-0.0008229002747302536,0.06555055451005885
263.1956725867124,4.686633464405643,-0.010825370958802209,1.9819627726172873,4.168260351184637,2.435791946714978,0.003915672402567737,0.24939428335888741,0.5411959983482062,1.4861340867995896,-0.0007847842655387174,0.06451689898620833
262.96428951421314,4.66710404303101,-0.011336026388630427,1.981088497899298,4.312985838504117,2.4500078553523825,0.0039453816536905275,0.25368751827071573,0.5492984004631126,1.519028253040584,-0.0007421880853214455,0.06499862666318973
260.58633571153376,5.238782616049664,-0.008112782452693406,1.9721263846323012,3.8860751729485896,2.430278361583171,0.004111571223184754,0.24079912160633807,0.3055579845821747,2.075121447687836,9.300775956717782e-05,0.048481309644069624
260.4974057484861,5.223599865663303,-0.008626398238491118,1.9717876575772855,3.979405505321536,2.430071725521872,0.004140740518858678,0.24367389332400774,0.31220881041018744,2.077284513221742,0.000155630116334359,0.04900593855025541
260.50079162621216,5.216597086527888,-0.008324244392089787,1.9718017709101585,3.978615086232046,2.4157590032401375,0.004234955226710648,0.2436480656071561,0.3122048406189663,2.0715292785097477,0.00012805371268124072,0.049005706803551354
260.32839023648376,5.208891079588652,-0.008351888780286563,1.9711490577052677,4.034583627229918,2.4336608512096407,0.004177902670690664,0.24535731333574048,0.31542959648298585,2.0810122300651854,0.00018553860339520607,0.049257964704545326
260.5291776196387,5.237992242315745,-0.007703211069666155,1.9719117244166968,3.871713599330286,2.425306890582229,0.004046559043444485,0.24035472847265957,0.30286698426414804,2.0671495957182047,0.00019487001214737432,0.04826704940722505
260.2551836316643,5.206351270460069,-0.008004194119874158,1.970873323864887,4.070550930439974,2.437009591328119,0.0042141030274479374,0.2464482356089776,0.3178281018138588,2.0968833780723415,0.0002154755114938966,0.04944476840595216
260.2775692478437,5.352267926749634,-0.011019234225405362,1.9709435344517459,3.3221901780517413,2.382806764118797,0.0039316283128628575,0.22264202282909779,0.23565795139065823,2.1687203150858165,0.00020403061241339385,0.04257595382073114
260.15434530191715,5.338110263863766,-0.01119865203656708,1.9704758984419428,3.4252867834481227,2.4022023769822103,0.00392872262117573,0.22607133492243653,0.24232303823257786,2.172944635442708,0.00023445195146326163,0.043173700366105815
260.2153021598916,5.332826372502223,-0.011477981439861886,1.9707051367316342,3.439681853665708,2.3856980463923723,0.004045229975402415,0.22654397198730544,0.24303943168682218,2.161198565045414,0.00023042130404778236,0.04323749525494363
260.0645683657398,5.322055042333893,-0.011372830611970162,1.970134863556448,3.5067314833798684,2.4127482863839997,0.004031016921479095,0.22874227150642726,0.24522803525003753,2.184945231914082,0.000298700308914766,0.04343132832471072
260.2493789763397,5.335023427310716,-0.010097734895112266,1.9708417300608103,3.338144332940735,2.3781250008218455,0.004066635070053908,0.2231737265553253,0.23765294372225848,2.1700937311557884,0.00028899383031893777,0.042755304345312925
259.93796387917104,5.322253916074194,-0.010655417094678796,1.9696592509265995,3.5089609035627105,2.408908622846915,0.004035191367362964,0.22881492090786434,0.24845396804168257,2.177863368910809,0.0002904463732214958,0.04371612986593949
263.7719223044517,4.562520532041245,-0.017424010931966504,1.9840843647879627,3.8371785210349847,2.476514959106387,0.0035431954864735098,0.23928804185588134,0.5527369342215073,1.3645053164493681,-0.001016271149117213,0.06519808098315581
264.20794191030024,4.463608194613404,-0.01685785548995872,1.9857285642233338,3.9701955529656545,2.43336519476891,0.0038091433710081032,0.24339708394112405,0.5794009592871308,1.4187621563650779,-0.0010929205354344373,0.06675129946868508
262.5510259582271,4.711758267231876,-0.01701416162659404,1.9794904767468358,3.692827446580455,2.4549371761626513,0.00401992840906204,0.23473531420834048,0.4765705912014964,1.5117998009163198,-0.0007206861146281927,0.06054261504222524
263.7175020281425,4.5617369974324,-0.01695300961067708,1.98388374540651,3.7842481262343926,2.3675848467313134,0.0038642243524007413,0.23762656225069945,0.542944799400473,1.3566182790205412,-0.000991692000352142,0.06461822501356064
261.82057812761116,5.246812764879858,-0.006555743213669797,1.9767971178224344,4.160433979787673,2.4539504076615994,0.004185785070078813,0.24915559145324598,0.36481540906407095,1.944282984483295,-0.00016221887358099714,0.05297401308616315
261.8018054136833,5.224509814429653,-0.007667936770538835,1.97672224548259,4.275416728977597,2.4472025817640053,0.00418509277060252,0.2525760776147292,0.3730402954003656,1.9405026388828923,-0.0001385835869503155,0.053567915102590964
261.7048219306376,5.207989302632628,-0.006777021277013077,1.9763593272353932,4.328425015142237,2.4503412648074354,0.004300204136784119,0.2541355281721561,0.3801398943096132,1.932177958918031,-0.0001472143819988125,0.05407523796597296
261.7983709547748,5.188794031285274,-0.009558925962242906,1.9767010394578575,4.51495457230477,2.4449310445050725,0.004068011759260991,0.25955892000953673,0.3955931949420566,1.9330303971993117,-0.00014925683397128473,0.05516341449615743
261.7671556195498,5.222695418128334,-0.006368079888135863,1.9765960435789904,4.205483762785792,2.4482050696988984,0.004189486610073123,0.2505012226953817,0.36878833738548,1.9336309366213498,-0.00010011595705308591,0.053261837569678686
261.48858595609556,5.233652909165131,-0.005537031771528761,1.9755465211029026,4.194312830359134,2.467853585325746,0.004158613313191586,0.25016872300613896,0.36690039803044994,1.948702980852894,-7.161340399787646e-05,0.053125376474908406
266.5053073321963,3.9364609614775756,-0.017326174538508057,1.994339729807273,4.347782473625147,2.11542402175014,0.0036924595581534487,0.2547128608220634,0.7606746382118449,1.1146238745915942,-0.0016762191714392403,0.07647570633965825
266.42151483296277,3.949783456278453,-0.017787925886474692,1.994022093555542,4.4516247732713605,2.1312527341099248,0.0036902848379241513,0.2577373519552607,0.7729842091597334,1.1244079658652282,-0.001655066916672916,0.07709275667436682
266.7823629421336,3.894880924657337,-0.017408112184787095,1.9953754709826719,4.699002652799923,2.098890407217838,0.003700167800387,0.26480309044738626,0.8431886938339366,1.0953677747935755,-0.0017661104365745309,0.08051675434076741
266.4457004006161,3.949206718977517,-0.018884765902787527,1.9941025209686325,4.590615820277194,2.13562135457224,0.003566189796482806,0.2617325664190902,0.7941509530322787,1.1331355091164015,-0.001659265555201709,0.07814154031423366
266.1017201905319,4.044906284270892,-0.016821897932544645,1.992833281857836,4.390281574141806,2.170137650141915,0.0036394180591305847,0.2559557487047786,0.7485623107526659,1.146035386996534,-0.0015297727900827436,0.07586719591750493
265.78106718909487,4.072456392121126,-0.01593927258168977,1.9916394099903736,4.427523727013471,2.1814968809527366,0.003697651148990147,0.25703846222452503,0.7504668304095788,1.1625563311702996,-0.001522382685602319,0.07596383431172991
261.9267244101079,5.066712895934013,-0.007908280164413022,1.9771928471391182,4.51125171837886,2.452233743988412,0.004345941348061694,0.25944792925264154,0.42073901583664786,1.8820923318768747,-0.00015648901252124904,0.056889625408884294
261.8054034862282,5.05064867303475,-0.007107334706524924,1.976737924310837,4.568557932786996,2.4641326093285256,0.004449257920322048,0.26108932558915576,0.42305529162399885,1.8919837655396747,-0.0001674449087930194,0.05704597651222459
261.88472455940484,5.031874960671106,-0.009450819874413598,1.9770275451378068,4.7488225195658265,2.4540537371984383,0.004265825632280688,0.2661949488343012,0.44002787516395964,1.8891429008026663,-0.00016150161010615747,0.058179066047707124
261.94723828920144,5.078880053296122,-0.006828286245126438,1.9772742974812854,4.4495728826265015,2.4683529728546287,0.004351543188892892,0.25766761463844223,0.40713032609883426,1.8907444872986634,-0.00011895656671938251,0.05596210850706965
261.60144780956745,5.087382148816387,-0.00591540476226975,1.9759717176682512,4.452704321588144,2.479796510231326,0.004290420108248734,0.2577593174879119,0.40813097960986744,1.9199847638624914,-6.887289775939477e-05,0.05603092298406312
263.2473101455902,4.791090830906755,-0.013987894165873932,1.982137399210257,3.8409003654900724,2.4657958222380567,0.004140528944707753,0.23939450107881663,0.48001427825265824,1.5329298121045785,-0.000807591813116837,0.06075989895057294
263.2269536808199,4.770956135120169,-0.014577904866844547,1.9820565045902445,3.9311215393107837,2.4549897096265454,0.0041244303119664,0.2421909265129692,0.49388505642753966,1.5265810340905774,-0.0007893419539176552,0.0616319134698345
263.1556043281469,4.770268340599213,-0.014139558857020956,1.9817910232571436,3.938862218920432,2.454676074499262,0.004195943035377731,0.2424280973900094,0.4901659525720545,1.535374814107442,-0.0007762235605545208,0.06139955052328464
263.2235249885098,4.74654528573099,-0.015948359865124752,1.9820330416025678,4.096325038847917,2.460160893796247,0.004027208021744491,0.2472305832211033,0.5099343290676447,1.5369632833517048,-0.0007914376490040718,0.06262543723205885
263.1529088037105,4.79081697094301,-0.013434965227090758,1.9817857747467582,3.8778778849275066,2.46926010853987,0.00411419494283619,0.24054489768414422,0.4792992232861766,1.5509834439143466,-0.0007037159373802295,0.060715911308987486
262.8347617554365,4.814336782420919,-0.01289397089494239,1.9805909818503027,3.861158697533819,2.4796210997928085,0.004097736780346667,0.24002592119358382,0.4699440496401055,1.5675767388473527,-0.0006915650473102538,0.06012051202198922
261.1920988895722,5.188603260428659,-0.013913446096257102,1.9743849552918962,3.2609265990265532,2.477512102493879,0.004292762417131165,0.22057225220992263,0.28877035205737916,1.949248001087728,-0.0001488854312031944,0.047130544592331555
261.1110109715011,5.179861108285029,-0.014668171358606628,1.9740729755964832,3.3330792605252184,2.464713003025318,0.00423146214116662,0.22300122505891753,0.29444052478805677,1.946294880848091,-9.350701026124691e-05,0.04759115852963988
261.0528324391343,5.1690444387225325,-0.014129007593740379,1.973856961147842,3.3876190848653462,2.4699632143489056,0.004352631873270037,0.22481666636253428,0.29794814296043204,1.9502318358082522,-0.00010653701232345649,0.047873765695507275
261.1061705969503,5.158537085131008,-0.01589395830485966,1.9740451884200836,3.4890793032108074,2.4662565116793136,0.004190716313600656,0.22816276732294122,0.30764535145202576,1.948862443731849,-0.00010915665854955569,0.04864659071611305
261.11731400967113,5.179550053412167,-0.013637222775260313,1.9741041942063,3.3489607645407604,2.4851943321938004,0.004240864629506593,0.22353188607040075,0.29570397848784147,1.955208313853739,-4.562040909485912e-05,0.04769322705737456
260.90436837701577,5.1893248476284715,-0.013027121243910509,1.9733031557556777,3.304116820823863,2.476646384119582,0.004204764811904426,0.22203039517841583,0.28955305976342083,1.9658139646064976,-3.116890592388186e-05,0.04719459987592537
267.7211003484216,3.662766210192312,-0.019307697089626152,1.9988658112705446,4.410766102553976,1.9039103551441416,0.0034584900052042483,0.2565548064951214,0.8476961501456106,0.9953603389293711,-0.0020158178801040656,0.08072593198457945
267.5812788751832,3.678202349181847,-0.019797555163107074,1.9983389321590186,4.408164633418939,1.9213193123203978,0.0034656561535067695,0.25647902685941615,0.8383908734661224,1.0056487812376593,-0.001968445744394621,0.08028253724487906
267.6335019088605,3.668273562284748,-0.019453918696844322,1.998537321213707,4.434836594655523,1.933856304325126,0.003513270689951403,0.257253275769361,0.8417679367829597,1.0068597148599143,-0.0019784558024754308,0.08044391641318309
267.7395920290252,3.6437804085277006,-0.02056838922115767,1.998922273434086,4.513608973955235,1.923304041373013,0.003382358869745409,0.2595300710268679,0.8558531420035684,1.0065307037906293,-0.001985391047217749,0.08111438793524478
267.2725977097632,3.7207307209435725,-0.01875526032076842,1.9971959066675837,4.3782660602729875,1.9468587189285596,0.0034574156682383376,0.25560770901488306,0.8242404721956027,1.0184242945270603,-0.001904489557378802,0.07960329292251292
265.7638866185255,4.766341101272501,-0.029379163736875432,1.991422114507356,5.849296794927545,2.2598311786768397,0.0043862378288187995,0.295438146073647,0.6243127039191482,1.7144250719306844,7.656532154025256e-05,0.06929934741766487
264.7476186959997,4.77378271569082,-0.026037759075729066,1.9876566681811514,5.66496343304753,2.257585835299889,0.0039355346062539135,0.2907511042075733,0.6025872471843254,1.7112744242375926,0.00017647817099605267,0.06808270978932658
268.16806356910394,3.821879163159399,-0.028289965478489915,2.0004269767558096,5.3364516933030295,2.1114513484566,0.0036116054391338737,0.2821976063718793,0.8751501513129156,1.2029498142436859,-0.001212361772918629,0.08203934677823896
267.9679501070351,3.8195847219053682,-0.0273258798223107,1.9996937114669637,5.364471434960367,2.111797825055766,0.0035332036984251558,0.282938605189986,0.8785066361683973,1.2054115955042926,-0.0011888166967235945,0.08219689817750492
267.65969637881943,3.850456585768892,-0.026810865492488352,1.9985499791014631,5.372290817002288,2.1318293279098572,0.0034934133423233063,0.2831452650020914,0.8623850895313868,1.2318075552977636,-0.001040992731164321,0.08144106944329382
262.54273324823055,5.1919665065920215,-0.031913107940835635,1.9792750720851895,5.161727903785092,2.098166073165754,0.003911918076411889,0.2775345237602531,0.34848005275896016,2.281397274624416,0.0011952159585942057,0.051760866001892405
261.8278066612713,5.193136235368791,-0.028101894726798377,1.9766355240344697,4.650265855242995,2.061830429527019,0.004161483175507233,0.2634191244407062,0.31058741087645997,2.178032706155627,0.001100856263871904,0.04886636926665635
261.4936649179136,5.192869430817187,-0.027671982762546034,1.975379655289807,4.759180855672894,2.0647164646928133,0.0040805720728491444,0.2664880841918234,0.31612590536980345,2.1808870978514063,0.0011680365694504778,0.049298817675338814
263.12734757630966,5.1950171664944,-0.036553103962138456,1.981397919402679,4.48667006512161,2.125872088392025,0.0037479132696884407,0.25874925700122164,0.33410885360597287,2.05364039698123,0.000647834195637481,0.050691699670816846
262.2747988005645,5.183135970650138,-0.03058198035104112,1.9782856159582034,4.149123888734438,2.1427598847310176,0.004005731202555818,0.24881956582521775,0.31213594654219756,2.0833338369660317,0.0008374465155436539,0.04899331001234651
263.95100275975204,4.8891354858361895,-0.03275226239311286,1.9845640565820912,3.7790760097615212,2.3099145199899263,0.0040178165005209255,0.23746152677696564,0.4361730717738123,1.653709399837771,-0.00011960705587118918,0.05792377033080079
263.8082564291892,4.916050411315847,-0.033827063053111305,1.9840091715834958,3.8756421610364358,2.3154143250545456,0.003949897020039727,0.24047828114433661,0.44239291063483244,1.6595141101925366,-5.697257366768729e-05,0.05833540214676299
264.19370895184153,4.902736239377812,-0.02735956807688537,1.9855581431635354,5.11457934877375,2.262042542200629,0.0038575131357404236,0.27626459200915693,0.5195239593282728,1.773006716748565,0.00037930069466826644,0.06321545918256109
264.4133256930922,4.899270799600524,-0.02831098344150189,1.986370065187922,5.197020368912634,2.2561099161460363,0.003935862381173342,0.27848155626547755,0.5260093006163657,1.7765266793349725,0.0003477489432818346,0.06360899669094856
269.2605717888085,3.4436323114102407,-0.02639245939090286,2.004524368122741,5.110698944373612,1.923205611231182,0.003444857179710452,0.27616520722387466,0.9340489563874593,1.0520311286218254,-0.0015582610433261886,0.08475000763853699
269.68573118734344,3.438166384967842,-0.028837371954852354,2.0060729231396386,5.340063873973577,1.9484326212458176,0.0033112015332653214,0.2822967974040952,0.9661956643077458,1.0606965172551985,-0.001654680459204657,0.08619475838707792
269.487021955477,3.464101081727807,-0.028948996197572196,2.005331970812709,5.416895733953944,1.9633100145290066,0.003217794298835972,0.28432171190196587,0.9683775727155077,1.0748137940600317,-0.0015868828523061492,0.08629333725422147
269.3951582520237,3.635679570096334,-0.029048565127240803,2.004988637962056,5.07440680785784,1.9840862325432456,0.0032630534946210222,0.275184969655949,0.9037737344734713,1.0874082528935998,-0.00145610893263777,0.08336657241707988
269.55756320987354,3.555671434626869,-0.030544356016160575,2.005570805133347,5.468040672633663,1.9938520918719465,0.003292458548117635,0.2856601250952785,0.9668079196549297,1.096730306992761,-0.0014979711885761565,0.08622493884986991
262.7610970001456,5.072347660806361,-0.0282706916115803,1.980153576344124,4.410390636360844,2.198221957647753,0.004368040225684643,0.25653001021404936,0.37195858590951064,1.9907245348971654,0.000651942381286284,0.05348639885749557
262.77107304313745,5.073245346017528,-0.02820821611033695,1.9801920640737227,4.438226482825961,2.196755464546048,0.004348647881366898,0.25733883417090225,0.37285713213630034,1.9970658726332478,0.0007062152741885595,0.053550285206059846
262.7465941971283,5.075862829928154,-0.029504198746019488,1.980080922695446,4.573095360733486,2.2026191892914917,0.0042121081887920185,0.2612229177970784,0.38431638272985896,1.9935041151767212,0.0007712255732321378,0.05436621265333787
262.7939810072697,5.080145500112547,-0.0298417518696411,1.980254451790085,4.5663415673051935,2.198710926500743,0.004184114090135709,0.26103035252649165,0.3786205851047451,2.011637336405884,0.0007881194812462699,0.053961513201082036
263.12695911402744,5.165105420123584,-0.03207498745452046,1.9814740073131958,3.883731610957893,2.1579801510847716,0.00435501704072991,0.24072219937867734,0.30081621130130093,2.0737567671662176,0.0007586955293419215,0.04809776748725049
262.63678176355484,5.157818681893266,-0.03129874211492105,1.9796394508501405,3.996489923884059,2.161564803839366,0.004206957299390709,0.24419542348667023,0.3091421424124155,2.0695876311694974,0.000853787832229521,0.04875743560148586
262.6425604262774,5.163350964804808,-0.03150066987538107,1.9796580318618098,4.0221173664468,2.157469268641272,0.004187627750703004,0.24497768522480196,0.3084774933381127,2.0779648537906117,0.0008563937548805309,0.048704931830823465
262.2503722424437,5.092897757077639,-0.00589193219557586,1.9784210738540933,4.012827677322833,2.5005801384129307,0.003968041968336866,0.24469819176026006,0.41647050230161103,1.7602659201574336,-0.00048278712630143804,0.05659846433486166
262.09448976864064,5.083200004402428,-0.005223307459606608,1.9778348700808033,4.055672348424857,2.492607799953223,0.0039896947220559595,0.24600102732883772,0.41834842762171454,1.7669851481343666,-0.0004327695305036653,0.05672633901806823
262.0588099584391,5.076542873059478,-0.005096734873205816,1.9777005701221255,4.100517793087861,2.4848133737733518,0.004058487105339542,0.24735659843271768,0.42038455476426767,1.7659209192699181,-0.00043582681015754836,0.05686420138656717
261.799297697062,5.0851790114318245,-0.004070445709846011,1.9767234596436307,4.049040337829009,2.5083612812767964,0.0038139065111536604,0.2458025467629843,0.4146122780626683,1.7733961699562328,-0.0003575782630126483,0.056472978969171625
262.1513331795499,5.101975853723704,-0.005155539488048716,1.9780495155023305,4.020389192148447,2.497149413020086,0.003956198668644436,0.24492888218854622,0.40729017837031195,1.7807971640598441,-0.00038595574900638063,0.055971889464615454
261.8188018031614,5.097187440828831,-0.0045336907137811,1.9767960836018108,4.091260549821286,2.5006827730617127,0.0039527869050038685,0.2470788654893893,0.4124270723842028,1.7919582664962892,-0.00035083026708469545,0.05632399896616576
266.8302829272835,3.8060973903632975,-0.013176489275617433,1.9955871106916083,4.520637500896055,2.083615730769399,0.0035135999411088667,0.2597303527148206,0.8051468154225965,1.0925589419016195,-0.0017732149212497327,0.07867841349795594
266.6507658123371,3.8308593358044187,-0.012959752256671281,1.9949170963037497,4.5259936487560175,2.1081489667334603,0.0035772089583319166,0.25988333457024954,0.7945590984158424,1.1101187263090562,-0.0017244432603900457,0.07816021596809303
266.5002602521727,3.8682882929295275,-0.012589681750484718,1.9943563684990493,4.529335679295012,2.1499594192303024,0.003622340397120324,0.25997866011300247,0.7805667360508869,1.1300497858453362,-0.0016749789218452487,0.0774696970027321
266.3172284535914,3.8952964771367085,-0.011970598460365436,1.9936751770392591,4.562908794055412,2.130262878297948,0.0034950283108614137,0.26094233291340735,0.7919613911526137,1.1290105609162178,-0.0016324174368715992,0.07803426115806922
266.47336188878006,3.934779609641263,-0.012587171770529784,1.994255730756659,4.518285635153817,2.152070449507072,0.0035435225959618093,0.2596623624627921,0.7785904727466786,1.1314973756263766,-0.0016323724072202094,0.07737242947582107
266.0729738289902,3.963696976473006,-0.011901551021217616,1.9927610916618563,4.544888977476838,2.1741299681363118,0.0035852542838552366,0.26042524799768935,0.7690399328570537,1.1610601817897153,-0.0015688414514684356,0.07689753265032799
262.19589369081996,4.913890222278641,-0.008563650931647866,1.9782058061553909,3.923559452927557,2.492869577011933,0.004033535056704035,0.24195933427874067,0.4422240142179103,1.6716670578398272,-0.0005770772965854078,0.05832143832318766
262.0678592100153,4.90423480423735,-0.00859836859511791,1.9777225926002895,4.00345024249966,2.4952321075992057,0.004033835756400778,0.24441095896689083,0.4498116401033204,1.6775429918334654,-0.0005181041349744259,0.05882024402670933
262.01475813159436,4.904190245801717,-0.00849615660236238,1.9775226540138113,4.049560466022988,2.495448394145017,0.004125063101291842,0.24581331298330464,0.4479439976077577,1.6926432148991641,-0.0004984144452465858,0.05869816557237528
261.8682446808744,4.909720515991821,-0.007984034754938342,1.9769718053332674,4.040366000466502,2.5155055271259026,0.004038024944162315,0.24553546487374642,0.4441857769214584,1.7057980183689188,-0.00046650060153359817,0.05845165562937778
262.20273885091177,4.92974199993476,-0.008841206541000908,1.978230408031282,3.9750465386944813,2.4903987843975584,0.0040012955362116066,0.24354269122756989,0.44018918448540795,1.6832344587271852,-0.0004729186268262432,0.0581880313970163
261.8808266504348,4.92508835108261,-0.008657994951952887,1.9770164626546525,4.07710294270118,2.5081062242760246,0.004007536892985612,0.24664999974647203,0.44417474911324856,1.7200492954252806,-0.00042030249785257644,0.058451280440577
260.74671852589836,5.180429432056332,-0.012784662671655449,1.9727084477821586,2.9897606251830564,2.49597923124579,0.004082008493393523,0.21120281749976677,0.26999541254290965,1.9373811837590382,-0.00014471357849759933,0.04557265459430481
260.54199858465324,5.155090290515255,-0.012238872179420308,1.9719373103745907,3.103579525128295,2.5052874922335056,0.004021564578300777,0.21518807932351638,0.28158166970457427,1.937351284775267,-0.00013451163029112376,0.04654024871552211
260.6086779144717,5.141407297233957,-0.013078024152296567,1.9721842523460529,3.182538697009434,2.4948362263851522,0.004082600323696538,0.21790803092566813,0.2874537387380468,1.93252996659308,-0.00015314667423845305,0.047022964089617446
260.7039414083101,5.116522369377102,-0.014601024585366615,1.9725340081200535,3.3170155059015705,2.52504557670117,0.0039202678817953,0.2224687070526299,0.2981611262882161,1.9890075090256663,-0.00010588911405682962,0.04789087504723102
261.0901797667883,5.114699384199761,-0.01704352935221858,1.973975144938609,3.326062320668219,2.4832708647903434,0.003882964820400046,0.2227726280048938,0.29991848249794356,1.9356574835172997,-0.00021897983974610163,0.04803141990212205
260.76319279933114,5.1124448691479625,-0.016380218645330014,1.9727441903769365,3.3824338841289125,2.485584875492691,0.0038498933965897477,0.22465365820225247,0.3049952228792385,1.9308670202072091,-0.00022247967881537398,0.04843622200237731
264.5551122434705,4.442033348650071,-0.017366299064969462,1.9870284790321207,4.352394676316024,2.360202200371187,0.0036078483091216656,0.25484916716061545,0.6384850234865583,1.3470547669584942,-0.0013112933417461056,0.07006927834194386
264.4626951025232,4.417924923542624,-0.01668416823500926,1.9866872031212106,4.418496280243005,2.3513537053105154,0.003568284230826935,0.2567780618022435,0.6540104729171382,1.3333630708759856,-0.001312266821736799,0.07091634330292887
264.5136033117207,4.417085183928754,-0.016584149365046538,1.9868792601773726,4.419794692714166,2.3545664872310823,0.0036428448459189773,0.25681474772160506,0.6545356813650367,1.3322992010037944,-0.0013119080534889729,0.07094482894414024
264.2354500202769,4.42795382850918,-0.016157028315867822,1.9858377671163885,4.421284310898198,2.362710804177002,0.0035701683256669633,0.2568590507870685,0.6480161105432924,1.3459382138642517,-0.0012548897993051773,0.07059153322788138
264.5649176902197,4.429984462401384,-0.016947961087350458,1.987068917122499,4.3825433471295,2.352342141390731,0.0035767003024358424,0.25573091707539525,0.646627035799669,1.326294729808709,-0.0012720282473399195,0.07051550230746345
264.16472916500044,4.437951145293907,-0.01617942145117974,1.985571801279906,4.451542127205789,2.3677696004381996,0.0035601982495276152,0.25773678872088135,0.650264183829316,1.3507776410064765,-0.0012426007315162436,0.07071412961158799
266.8142181308167,3.0764537674253263,-0.03147029900030367,1.995322375814833,1.6557131297266723,1.4873005092284,0.005005063363590943,0.157121244920296,0.3042243369680617,1.1580612042473366,-0.0007932897592931121,0.048368976615227544
267.11346961394497,3.089258690626573,-0.03155283223203335,1.9964399870698208,2.0126184673670906,1.4853912557436806,0.0046005842107617574,0.17325679273094483,0.3734081552301676,1.0553103996925117,-0.001068238408343829,0.05358385289945455
267.7315912955135,3.1041147829329105,-0.03125977107011989,1.9987537934037,2.781711203424101,1.5060415517096861,0.00419233865862977,0.20371671988233475,0.5399823759775411,0.9659983959943532,-0.00141744962392307,0.06443369786847766
267.954576628945,3.1323892324085505,-0.03100090569205305,1.999590203787831,2.8366577040807868,1.5619284041336272,0.004074900831157992,0.20572206947964808,0.540268242261094,0.9820501717167134,-0.0014272142528562084,0.06445054394907009
266.31339798894635,4.573413533024977,-0.03304019015170579,1.9934229810781892,5.521924719145104,2.290358894294944,0.004029187142526783,0.2870549642557719,0.732602378544766,1.4946128539391181,-0.0003206608040689285,0.07506863585101003
266.7504554656449,4.522930214502569,-0.035141864462328115,1.9950225890798583,5.89829944764553,2.282263287929607,0.00391974977698282,0.2966798875485128,0.7834713889886337,1.4730920013933038,-0.00036484648222460394,0.07763098530396655
265.8710484138548,4.575961366125626,-0.03162020903028475,1.9917893376491262,5.490627789051092,2.29562600205073,0.003984822975757107,0.28624078968440503,0.7242165200502694,1.5103660223722142,-0.0002344964678125631,0.07463806883545139
267.3297310710752,4.321793172405138,-0.03228696786975289,1.9972364751929672,5.446600756998665,2.2522688841954532,0.003975522287167883,0.2850907642040769,0.7698266037110745,1.4012145038943338,-0.0005940582815333225,0.07695056984992342
267.8764732279517,4.248693651447885,-0.03481013200045428,1.9992359969611417,5.852880498458226,2.2487787242426194,0.0038467907683062837,0.295536169615341,0.8246114645058894,1.3960963637416726,-0.0006173880180117176,0.07964159681736033
266.9856705047699,4.317978265627274,-0.031031016176316668,1.995970398036404,5.477617982522301,2.25361149602753,0.003930601537219942,0.2859021557246602,0.7750708454358881,1.4068029969347677,-0.000529289712246609,0.07721271448945709
266.8167404344399,4.341077261419126,-0.030506715283736347,1.9953467743206568,5.3950538730181705,2.2578428789679568,0.0039513766935986286,0.28373857467187086,0.7608709690022444,1.4148685887639059,-0.0005106031070116448,0.07650224109251103
265.5502544029739,4.36124932768177,-0.014278702612251103,1.9907869678928276,4.467506382063788,2.301523849710445,0.0038044495674095023,0.25819513143315537,0.7197111270821253,1.2377202158988256,-0.0014011052658273679,0.07439271700326143
265.5091880382949,4.3517257586322575,-0.014266295239126722,1.9906331090595906,4.490338970790211,2.300954690722973,0.003862222659191198,0.25885337137999714,0.7158703084190312,1.2457841411668622,-0.0013581430720422723,0.07419467721839794
265.213463516127,4.372642096044891,-0.013685335181053599,1.9895282392634583,4.4711505160315115,2.304235770159558,0.0037779494954507512,0.2583008263423191,0.7089233755684108,1.2558305326130046,-0.0012832789631856624,0.0738350183195228
265.25786568759383,4.367337734532991,-0.014130579017685857,1.9896916718274513,4.537670791643193,2.310888493378525,0.003820625273449014,0.26021497372084046,0.7159259778309749,1.2621508465549494,-0.0012988323952533812,0.07419862492527173
267.89695233575816,3.7180766173551345,-0.014908824642681872,1.9995598771000442,5.038023934646796,2.053416362724561,0.0035712934718180743,0.27419269309596617,0.9295827177022378,1.0622111116606299,-0.001883886630734283,0.0845404474862758
267.79050067204645,3.7266199539933202,-0.014829161289047127,1.9991631349978332,5.0959502133437455,2.071911365677822,0.0036235387555339877,0.27576408100947947,0.9322088843998949,1.0727453720214788,-0.0018377936669101806,0.08466085333106883
267.6347791067073,3.727846377426852,-0.01437179677062058,1.9985850978501611,5.151823410609958,2.0720767539547222,0.003540500397184612,0.27727306321108675,0.9436433199479326,1.0757757275023367,-0.0018085631239020915,0.08517936292469622
267.71502770796667,3.7651929697689273,-0.014572954807172649,1.9988832660254696,5.037423019646114,2.0762457921602904,0.0035313687492675855,0.2741768546730924,0.9187836549575767,1.074280782220594,-0.0017830771502739416,0.08404990905689853
267.40059807592553,3.7216701712552096,-0.01313128559819193,1.9977190172705201,5.164863755137304,2.0854530909185005,0.003524425457570456,0.27762402122040275,0.9350806260471989,1.0860014567496765,-0.0017887524419695614,0.08479226531572387
263.76398361734255,4.760174628310768,-0.011643430925839016,1.9840968487959416,5.39720752247052,2.485714750122484,0.003993297563789995,0.28379462597245114,0.6383048782896998,1.6279580579912085,-0.0006867786671059885,0.07006829425901413
263.042405290873,4.830138101563937,-0.007588224788567426,1.9814006328761649,5.205616152110649,2.587073873558505,0.004285198104942499,0.27870665679445017,0.6024602234988093,1.7903287367126905,-0.0006977730402040895,0.06807218612850381
263.7316788377418,4.81045876719133,-0.010383543366671277,1.9839823325884982,5.172911013006734,2.519565283284608,0.0040309450227315035,0.27783336470270403,0.5996390974869125,1.6629259402508132,-0.0004095066088761526,0.06791495230466046
266.6107070043103,3.965777404642245,-0.017970454916563797,1.9947283891288343,4.483991081733605,2.1163104030680966,0.003767690127227543,0.25867169256990585,0.7944674643893653,1.1109181843596982,-0.001667875031244211,0.07815693430841984
266.8097044153484,3.9036422017418286,-0.018827968577297485,1.9954648335308203,4.715566070059853,2.133074270851343,0.0037221867153608714,0.26526916228856623,0.8354851012675516,1.1287165509044406,-0.0016663864689479145,0.08015005693962397
266.32938686050284,3.9937468674507395,-0.017667914101016893,1.993678339236601,4.491052940125138,2.1334462320430276,0.0037738412142733295,0.25887525764328956,0.7852241959553807,1.1287757803111869,-0.001569774584613951,0.07770277942575284
266.77222260764967,3.90813960898529,-0.020115824595165057,1.9953120853375632,4.75022134251444,2.12713386099951,0.003619808263487375,0.2662437285567752,0.8310477389581629,1.1255984918176074,-0.0016998144788399493,0.07993613416847425
263.62750630579177,4.711665593890638,-0.02130082905881691,1.9835032580683734,3.8668036637842507,2.4286963786835667,0.00402712920864874,0.24020255983129066,0.5430281180744603,1.4194368821395518,-0.0010624380580751154,0.06462205966368059
263.12722028206036,4.7998628663559195,-0.017904539427565907,1.981653696279007,3.5791320397115993,2.4338596269029664,0.004015597909421883,0.2310925272767495,0.493728609804358,1.4439799079310622,-0.0007571882578980205,0.06162255308774984
262.95465941629664,4.783463055489685,-0.018415125714340844,1.9809990641954838,3.6782978616192246,2.4345439539642433,0.00407738948981362,0.23427194236360738,0.5025195766461179,1.4548837893382096,-0.0007535724108575572,0.06216886144680255
266.3478600462276,4.089038002568157,-0.01742979632149361,1.9937495822996445,4.5847433761636704,2.155117036308125,0.0037260900128980702,0.2615628449677035,0.8056155887036525,1.1333434589101892,-0.0016127101923280286,0.07870477848176474
266.34936557441614,4.0782269041367165,-0.0175766052853909,1.993753928707461,4.636514076059337,2.1640845576052117,0.0037854040042041128,0.2630349279929878,0.8107258261402249,1.137002952854654,-0.0015891018407835837,0.07895458988627946
266.16188135738156,4.087264608287108,-0.017256499350164052,1.9930548428540376,4.676763418232623,2.171365634579556,0.0037025142486222995,0.26417556750452453,0.8156487649458075,1.1432208653651672,-0.0015607789334117885,0.07919460359099553
266.2668407374869,4.107442732085927,-0.017053488936182377,1.9934495553740201,4.570898050982705,2.1561503455513353,0.0036584178751248335,0.2611684800058041,0.8004717570008841,1.1290165607457054,-0.0015581635269775523,0.07845410875330974
266.09771689956756,4.097628830761207,-0.017310705235897988,1.9928141043266314,4.644088168184756,2.1675261617187553,0.003695945976503794,0.26325099954647035,0.8056330188234154,1.1474861750329262,-0.0015295350807331405,0.07870729057914035
261.67350894855014,5.002387352704685,-0.02702885366278317,1.9760678635856097,2.5243711753183766,2.5080094695879964,0.003725454130094143,0.19407035505891762,0.31871577816614965,1.554665733797741,-0.0007835607701875484,0.04950803838334466
261.54266391112617,4.998237633701165,-0.026917797566592447,1.975575177408837,2.5623735416418865,2.5107895398899243,0.00368848381279699,0.19552691964458077,0.32292489276780045,1.5559128672620917,-0.0007416180706831718,0.049834602830890744
261.75827267658394,5.006758672442371,-0.027308922519426015,1.9763841006864307,2.510125806757231,2.5117758656829587,0.003709703817374515,0.1935220979049835,0.3164047741690296,1.5571807043166566,-0.0007474667873024728,0.04932873575944538
261.314068132029,4.9968368410679584,-0.018951214095893034,1.974803996249786,2.974865926751691,2.534349796046145,0.003812903824662608,0.21068090978015164,0.37481100403331225,1.5704389237017333,-0.0007015915590993994,0.053690495795542977
261.79168591434023,4.946606235784066,-0.023493057131833434,1.9765593014131964,3.21636512183209,2.520865067632158,0.003671004467357239,0.21907070389667369,0.406471060809292,1.564325656586115,-0.0008139639939506987,0.055910982198315355
261.9101979162348,4.970261590699429,-0.021509710359965746,1.9770292774629883,3.4200619356857422,2.5413428913988545,0.0037642525240201693,0.22590159569059806,0.40041590368092106,1.653720871754184,-0.0007786767143000035,0.05549338698062763
261.4535468060188,5.015606483383932,-0.017193395357099777,1.9753470911537319,3.2156036071695535,2.5545089776632635,0.003974412197784681,0.21903946616256148,0.37391247960586016,1.6675140999748315,-0.0006149583852855322,0.05362715421599741
261.29420291503413,5.004826116014075,-0.017523084732790423,1.9747421142633386,3.333587734906427,2.565116277526433,0.0038934023040370835,0.2230243983020643,0.38595417032428475,1.671490110156026,-0.0005516905588372421,0.05448462049781589
261.72553123183343,4.934748183708074,-0.02627985401027252,1.9762744196311965,2.3591761548763768,2.4571728979492953,0.0037362675886561856,0.18761030010542043,0.3235942343653207,1.455329261380301,-0.00081138728150467,0.04988514878071616
262.2157509833395,4.843213457611264,-0.02741404788710531,1.978109298067959,2.3319033264908007,2.356443452950454,0.0037289447321896475,0.18652244431231596,0.3483613361253914,1.3362320026031758,-0.0009534511814399741,0.05175706247870472
262.274431890597,4.812089402058434,-0.028032909293751077,1.9783219949132842,2.403852356537871,2.3445107841671735,0.0036998290152368044,0.1893797894349348,0.36257459937540093,1.3286942495353384,-0.0008717350534013758,0.05280412349246456
262.34350629531946,4.821242749867993,-0.0283448215788287,1.9785780985130021,2.3115238555062416,2.310477176305283,0.003641420834781266,0.1857070168481417,0.3579543526561099,1.2941606426722563,-0.0009550581919696512,0.05246506346400017
262.1169802368907,4.82329352210465,-0.02802761990263107,1.977728036763791,2.3103376881572024,2.3420953049395346,0.0036729161256960816,0.1856587238703891,0.3465934239987381,1.330150514027185,-0.0009359564859675935,0.05162583894703436
261.2939879845061,5.007963166930389,-0.02627091270582525,1.9746442989994597,2.113343728715784,2.5218173899705136,0.0038644004000049827,0.17755987756732747,0.2608077459522547,1.587917960011528,-0.0006050101006615752,0.044786687678148925
261.30757314365337,5.010611780583036,-0.026118282533154236,1.9746976647862693,2.098825703052041,2.5133919653533257,0.0038542529402103036,0.17694886689731482,0.2590043952924673,1.5951748237046743,-0.0005329426749852949,0.04463247107605547
261.0754446722727,5.003583270557378,-0.02593180181802431,1.9738226793708797,2.16895071520463,2.529553813997613,0.0038352500241527997,0.17988243269327245,0.2653876372237433,1.6008279267007244,-0.0005327861074534607,0.0451791932444933
262.7091523358527,4.898328154821082,-0.014001496454140354,1.9801101187844976,3.953969723298106,2.5022420958151272,0.0040349576140968745,0.2428954355254823,0.4894643826939528,1.5586398225048834,-0.000770589278367305,0.061355658486168946
262.4665844504616,4.900209170010288,-0.013637711551875967,1.9791982520807438,3.9703783899143126,2.513595374861854,0.003948502246034533,0.2434004689476954,0.48411871465889333,1.5779597765450628,-0.0006951206247436819,0.06102054506539395
262.8135987400642,4.915720120637652,-0.014102034982788648,1.9805030064557974,3.900444804360364,2.5088491059295435,0.0039271831314880426,0.2412471167238742,0.48264758915548667,1.558454248378155,-0.0007416388375314718,0.06092720028500553
262.29077361305605,4.90115612355584,-0.012314974570110417,1.9785439108768466,3.9917575708969473,2.517863142806681,0.004064925050845147,0.24405316550241288,0.48939609087506947,1.5779326261458941,-0.0007082355657493807,0.061352128869396366
270.0222376649392,3.0264132663637997,-0.019827213470055397,2.0074335688439415,4.817366602193108,1.6488468120389015,0.003114663483981783,0.2681255171257769,0.9972593520044754,0.8820040274379831,-0.002416535222134539,0.087552190961563
270.01151690593645,3.0104614179135565,-0.01977843807921338,2.007394194913958,4.873015826769007,1.6366924939155567,0.0030605066237495296,0.2696705634718425,1.0102127849047167,0.8813309770843298,-0.0024117483911659673,0.08811952704076344
270.14092731185224,3.018095281910014,-0.02014622150709781,2.007871576755311,4.889913913032536,1.6307637562641237,0.0030390828876219068,0.27013802716751384,1.0216637262531936,0.8727277732017377,-0.002445998788311923,0.0886169782284228
270.0233602614656,2.9884422758196227,-0.019238936204858177,2.00744346625783,5.0089520515366965,1.6250276284371217,0.0030607229142531785,0.273406492893616,1.0478778494505083,0.8757584614210665,-0.0024431861794617297,0.08974758873206273
264.1615416066254,4.495828618826967,-0.018924166815302533,1.9855355580116503,3.8534375535979537,2.3158447884117455,0.003882122065081964,0.23978932934047478,0.6026942353041722,1.2705723844868264,-0.001239194867208556,0.06807770485570787
264.018770182094,4.495504397312083,-0.01886095989059004,1.9849994769838717,3.8966425152125606,2.3260582317832297,0.0038236060310874553,0.2411311335094543,0.6053549358671926,1.2807258934009427,-0.0011997146546875311,0.06822856523843195
264.2561476309413,4.515379470889035,-0.01913085456080116,1.9858891250106927,3.8146401677697765,2.335276571160003,0.003822723679689513,0.238579786781759,0.5924427192228005,1.2813385047861099,-0.00120653773732214,0.0674966366052239
263.82574429125583,4.502468542934991,-0.01796138493979708,1.9842820022970369,3.882798841147864,2.3308870032388342,0.003884933670914793,0.24070132695945448,0.6002167794606956,1.2867460530268784,-0.0011768453944650404,0.06793870167007303
262.89868491136076,4.734111638034469,-0.022155005793848832,1.9807498894470639,3.221887605348039,2.39639239853156,0.003989549577396196,0.2192531828750877,0.46495946162765,1.3739869571097503,-0.000924043802643798,0.059797636962846706
262.70399810184676,4.741654162210254,-0.022002710820098813,1.9800179484708007,3.247149106648153,2.411160721701215,0.00393543020529934,0.22011229958506157,0.46367065334293706,1.3912296306241405,-0.0008710940038148465,0.0597154798075317
262.9400497307353,4.759738712952819,-0.02228298661662136,1.9809042941791817,3.172013267624596,2.4092314386113594,0.003932247861433815,0.2175500379983729,0.4539045723248588,1.3886213018462117,-0.000883263592824025,0.05908293728898163
262.5589907942402,4.745998435041378,-0.02115773966970855,1.9794805524250014,3.235737736248571,2.4149968718939996,0.004013823066035755,0.21972364984846632,0.46040954014572194,1.3964553729977793,-0.0008652411137851998,0.059505152760830717
262.0473440834771,5.017968542648287,-0.020365827692102115,1.9775590060395274,2.964643695974005,2.5006693062520333,0.0037876477207712655,0.2103189651398315,0.38411958996528456,1.516312279602962,-0.0008181408152304704,0.05435160275707138
262.03021054587157,5.011712883003439,-0.02103089778186417,1.9774873871158427,3.0157623144021364,2.509307630515315,0.0038050073258098505,0.21212472686169356,0.3856651114278076,1.528187611113622,-0.0007845272206033077,0.05446135529282172
262.0094782895162,5.0054196348943,-0.021003834663158052,1.977409433357487,3.035072688170547,2.4965033692717493,0.0038416463416239394,0.21280233578168337,0.39009261250095556,1.5190685454769048,-0.0007816141317154198,0.05477318215333675
261.85630226338037,5.008761414855507,-0.020906368100054584,1.9768323000773962,3.0652817957068956,2.5055831058913065,0.003771451508356151,0.21386035330633307,0.39062622380812073,1.5301321823240652,-0.0007286291981215714,0.054811369310645376
262.15676613707626,5.018481146512725,-0.02091282544120271,1.977966179694887,2.9982485680396715,2.5094572944913085,0.0037363157250976313,0.21150890896664418,0.3842322742988167,1.5235228539823498,-0.0007867771804346916,0.05436003919139512
261.7592429869864,5.0121801665356,-0.020511785016412813,1.976469994615536,3.0859924141386763,2.5184839610368845,0.0038057692707088543,0.21458123028583986,0.38975008030592895,1.5435492743802668,-0.0007168602154309779,0.0547500105227969
262.7249467282566,4.827949454158124,-0.01829518713335702,1.9801346286915762,3.5230255763587817,2.466272445836838,0.003865269831427656,0.2292761020648844,0.4788163458328561,1.454768564996879,-0.000950028236688993,0.06068195865825553
262.6412831071002,4.809740231742594,-0.01862492809815047,1.9798162194773488,3.5921487003687593,2.4668950960754534,0.003847764222973805,0.23151534380572014,0.4860433229050715,1.4574890946569097,-0.0009075544177661784,0.06113894942306636
262.63642421767713,4.7935642239893745,-0.01816703515833997,1.9798021590421957,3.633384839831904,2.467031197557981,0.0038853276460577525,0.2328401355097223,0.4944179487369071,1.4505656121376258,-0.0009425547191598156,0.06166300820496264
262.5097362076934,4.809555509965161,-0.018693661704045475,1.9793196586974087,3.616696607342745,2.4664983434543655,0.003837852161357709,0.23230543960277272,0.48703515770634725,1.4664514160450417,-0.0008597449762290901,0.06120200265207565
262.71106902452647,4.8393710187508585,-0.018676198883916903,1.9800787689646588,3.494258482324671,2.468421896498961,0.003755380247065435,0.22833967853986215,0.47056199442139995,1.4564508013842774,-0.0008883139812532622,0.06015744798165971
262.42967579848363,4.805699220242868,-0.018157180016063208,1.9790227764295825,3.643318686206145,2.4700089021450045,0.0038697663752917614,0.23315856352941094,0.4907391027037506,1.471818234024014,-0.0008592807084798061,0.06143433739618479
263.0097964666382,4.774122302184951,-0.018990421384992233,1.9812013310473906,3.6190933860949217,2.4322044238822396,0.003871157687193511,0.2323818696318787,0.516806514672739,1.4015678835044314,-0.0010383069910795903,0.0630424987357268
262.8925692415169,4.755735134309667,-0.018673809940350297,1.9807627265763579,3.7217154569783957,2.444326880956054,0.003927056622341729,0.23565349588216353,0.5282415217937869,1.4071140471876982,-0.0010178326188090643,0.06373664831359394
262.86665103284327,4.751374259485751,-0.018759046134369094,1.9806642697399774,3.7094620599647325,2.434299460207253,0.003892790367467393,0.23526570416395778,0.5267380153222138,1.4058629084633862,-0.0010045802975276242,0.06364606590764092
262.810933983891,4.744725714988582,-0.019074016088524114,1.980451321138989,3.7653579428977735,2.4409612422398936,0.003832849719093921,0.23703308111967655,0.5341783647829144,1.408249940070505,-0.0009775272498075596,0.06409453007051256
263.39015441121774,4.753776072673022,-0.021341058345852388,1.9826096170765604,3.7136040396948737,2.431899611933895,0.0036295155890077265,0.23540125866737474,0.528222707845416,1.398570261776948,-0.0010842729170911591,0.06373441731946841
262.7611361184796,4.746133847801383,-0.018732222247129247,1.980266927870593,3.774843629054226,2.437350754254068,0.003882943566930754,0.23733072375196712,0.5363182243805167,1.4146589609581612,-0.0009650985734108847,0.06422299734262371
262.02647050568925,4.902876598502215,-0.022345673585974887,1.97745885273006,2.883873686968541,2.4821015123455714,0.0038889029077006317,0.2074313555961374,0.3810215646197336,1.487971825881785,-0.0008249626684713042,0.054131825657880016
261.98978222765373,4.893379757248465,-0.022742292873208125,1.9773158688596089,2.920058064161373,2.4756491811808794,0.0039030911025179802,0.2087288242226226,0.38650940023852964,1.4897476743429603,-0.0007990159423553436,0.05452073739530616
261.9677592031265,4.889754028140576,-0.02267353189930636,1.9772335386144337,2.9319057762062513,2.486912755892278,0.003961773523069869,0.20915088346723001,0.3837002705047497,1.498419195180914,-0.0007907099633149359,0.05432232800698201
261.84650510166625,4.891232794241612,-0.02255768826555053,1.9767771607498645,2.9519028014990587,2.4794509431783576,0.0038996198008070947,0.20986434602869494,0.38805905261581686,1.500125241255928,-0.0007564803214097853,0.054630553475409745
262.29378682549225,4.900016571296054,-0.02386073032840643,1.978449722569327,2.8870745178169037,2.4866188493449624,0.003732034377624726,0.20754935886297657,0.37819535447057323,1.5054525310834992,-0.0008089670414199375,0.05393088731622094
261.83927565737844,4.8835364410459485,-0.022374239669553375,1.9767519530299809,2.963952774630621,2.472682938773182,0.003925048723212279,0.2102919282959055,0.39136173756271764,1.4951074355656218,-0.0007563328017580601,0.054862581647436015
261.67712582085085,4.929408758385161,-0.025603925068963765,1.9761004991183657,2.3937440820577343,2.471354536234968,0.003793378037084739,0.18897918905495853,0.3212970238423042,1.4727895418324013,-0.0007709911096450164,0.049708360873464454
261.69220727558917,4.924284322895693,-0.026057252924618246,1.9761515274654897,2.418883636471549,2.456481080940399,0.0038058381934044975,0.18996909337706638,0.32579173437011094,1.4689916493534665,-0.0007441040498339948,0.05005533511573456
261.67712704104866,4.9203586020048355,-0.025999864659630428,1.9760953339463097,2.4339130220792495,2.4593825076205134,0.003838514482346988,0.19055793302196156,0.3277216826148909,1.4706531861579357,-0.0007431771678340818,0.05020342326785849
261.5875570005066,4.921212911259217,-0.02595157163038834,1.9757576803494559,2.4430713116249168,2.4638903340651606,0.0037810187886221777,0.1909174031268364,0.32610288537607823,1.4817385520457358,-0.0007062784737133012,0.05007978538671776
261.8569539415556,4.936606278692364,-0.026470424127716503,1.9767680850425655,2.3841634479457086,2.4618459647286968,0.0036232555900139684,0.18860382046169152,0.3203700184130368,1.474578679272308,-0.0007492649277206457,0.04963691528581774
261.5162215792649,4.922091270311074,-0.025700019445804485,1.975491507638215,2.4480373571645293,2.464966309054885,0.003795947854146428,0.19111112417215345,0.3254180815840412,1.4871515483461575,-0.0006883920105307713,0.05002741377109923
265.6099565806144,4.136136023012112,-0.026366102744721887,1.990887374711206,3.498919971366229,1.9018214751446763,0.003425323286280795,0.2284971625648313,0.670564556454752,1.0060162994046271,-0.0017969941165270672,0.071798048078976
265.49344858160777,4.147650031408137,-0.026610792123892665,1.9904473493520634,3.4998737516617187,1.9235072045300297,0.0034241741641496694,0.22852832799871092,0.6642522909598105,1.0158455514931974,-0.0017588350088352713,0.07146005532320035
265.6693873247531,4.12439223266684,-0.026566091604174547,1.9911074754937825,3.6241121925130186,1.898813073572865,0.0034420404871651775,0.23254973470466564,0.69967884617749,1.002471501920028,-0.0018162119079862483,0.07334061865638553
265.3240641136486,4.161698629792098,-0.026517984651820585,1.9898134221335106,3.5017640816841653,1.935814881581686,0.003422486819735002,0.22859007443783205,0.6602129975922345,1.025213481487545,-0.0017130574272433065,0.07124343446375415
265.46874088154897,4.19071356725041,-0.026842208080946138,1.9903516043711438,3.42023768490172,1.9316672980915004,0.0033033046091364123,0.22591461182028225,0.6472389981435914,1.0155994125861123,-0.0017551273218022433,0.07053850758462173
265.273571112324,4.173317351881506,-0.02648828527393153,1.9896244374932854,3.511058131593273,1.9368224253022388,0.003442291752750505,0.22889299538831742,0.6622888629889997,1.0272379683716464,-0.0016978514168607148,0.07135577773289463
262.8129340134187,4.992980878716709,-0.013735266783662126,1.9805030793018914,3.8571075718414702,2.5034121330689345,0.004158653220872137,0.2398988856421924,0.45827652237866756,1.6323308130916756,-0.0005917664659999751,0.059370479455257565
262.69345263725506,4.970652020992152,-0.012930249891572916,1.9800582337885384,3.9624976414804736,2.4897154551418446,0.004334053966379713,0.24315215775149654,0.46926744665176084,1.6347308603651964,-0.0005557803518990619,0.06007862097143519
262.4817400322446,4.984346189955234,-0.012692203534676875,1.9792616853004705,3.985476356255337,2.5100115587082588,0.004224290691280284,0.2438583135825183,0.464631345934165,1.655841664316512,-0.0004993053666093803,0.059781585547453726
262.8330154282295,5.000705239329636,-0.013257177259305431,1.980582003992292,3.907788141312112,2.504195420065127,0.004198313508789343,0.24146960533919928,0.45563079706160176,1.6495692555237556,-0.0005201339838210066,0.059199507985523994
262.3501874581363,4.984562426815181,-0.012189205424934896,1.9787687745021612,4.070833736753838,2.5193007373512164,0.004313751948409518,0.2464550750806135,0.46614403522898423,1.6787772237493717,-0.0004731243535790297,0.05987904058400831
266.9604688743456,3.835971002832994,-0.01634089926279695,1.9960504966248078,4.500358819553217,2.0952769191266225,0.003714260028883099,0.259144243410181,0.7998267461047472,1.1019022217796013,-0.0016875194973003144,0.07841980431957996
266.8773778484211,3.8461580108478306,-0.015787186052394573,1.9957442747645222,4.646879508995083,2.110513971232836,0.003833603270570369,0.26332814902319124,0.8236404041493176,1.112380853244966,-0.0016526279636821452,0.0795799235821879
266.65971891544035,3.8741494192034236,-0.01570527374904698,1.9949308632342457,4.648772068716985,2.12721323450826,0.0037702888862715905,0.2633826924149698,0.8146235025634899,1.1261311519665367,-0.0016002770523286102,0.07914400639631254
266.7995249252469,3.929929078644126,-0.01631221160089391,1.9954489152377557,4.554790332092375,2.142471843526575,0.0037303613201712564,0.2607067886717395,0.7943752176442299,1.125343234779099,-0.0015889107531635673,0.07815403994600527
266.5418001667304,3.895189886868248,-0.015104557282336117,1.9944943408627014,4.72306487450103,2.1488608495564594,0.003829775056687332,0.26547850838171966,0.8205208815265805,1.1397197133816022,-0.0015870066101694275,0.07943034998465813
266.54147924662885,4.013066906024434,-0.0163001970420613,1.9944837269599782,4.721530951613455,2.1526041230472197,0.0037957469438791368,0.26543587459732965,0.8306022043224225,1.1353142263855274,-0.0016232637489812093,0.0799162858268472
266.46050995261123,4.00118641208143,-0.0160425234627532,1.9941828336557017,4.741409640089099,2.1639205278018796,0.0039103704090188976,0.2659925131733892,0.8246292783145164,1.1472058351111485,-0.001555056258045304,0.07962966746706412
266.33057595380745,4.000606117033831,-0.015879740633792844,1.9936978349360166,4.823082404262045,2.1489867639891522,0.003775766876413434,0.26827606700136253,0.8454987686682444,1.1421684520376272,-0.0015459321459341294,0.0806315495067755
266.4660055773896,4.066370075602534,-0.016776741952064567,1.9941973577823324,4.674402557977817,2.1787821822542806,0.0037559146268339666,0.2641081132097115,0.8091192349517985,1.1493904792061511,-0.0015258221901125887,0.07887753787776337
266.2850174349068,4.003984562073635,-0.015411332390249406,1.9935309719517964,4.873463087596206,2.1683839471520145,0.0039005838618269887,0.2696720980826274,0.8486345381735231,1.154472431853357,-0.0015482180465212138,0.08078094457748439
265.7413286588131,4.152766419838682,-0.016559229418623457,1.9914854454316337,4.260467740068335,2.218749385615132,0.0038903991403898453,0.25213872281309163,0.7062767510604492,1.1974103938985678,-0.0014274477046262084,0.07369437209265668
265.7625656017302,4.120376178972918,-0.01606725134582134,1.9915690548350147,4.3706317726920005,2.2169455871206645,0.003979697519518673,0.2553771173144381,0.7253249550770118,1.197710512617037,-0.0014128915791208146,0.07468216968425113
265.4323760992558,4.159591667424735,-0.01596476397403225,1.990332228931649,4.330666730253242,2.245397772606441,0.003907409320071485,0.2542076887544056,0.7042208757345277,1.2215850374266528,-0.0013303239521503473,0.07358881638998349
265.7305889031173,4.181426080654477,-0.01646522380835654,1.9914459794302182,4.277202329747427,2.2338228209982542,0.003886101132008927,0.25263360615818853,0.7030047514201394,1.212733417382076,-0.0013356230175695218,0.07352513154175881
265.56131549097796,4.128381801553105,-0.015724973742100384,1.9908175328107671,4.483113744033488,2.2303105635331923,0.003993101790738096,0.2586429983035003,0.740542328001842,1.2086698230204294,-0.0013874426169772772,0.07546227169355964
262.525886433033,5.000079499252966,-0.012279240602554774,1.9794307345000866,3.9609427793051912,2.4993803040285445,0.004259258161595095,0.24310575407580645,0.44167667444447806,1.7110033031703893,-0.00043147197716333885,0.0582865911876399
262.28851848996493,4.974730181548183,-0.011499149557295946,1.9785403146947418,4.066536797152748,2.510872003479518,0.004444241031429172,0.2463226091604989,0.4449899259024131,1.7337014864823102,-0.00037633023011071057,0.058505194688817735
262.23498421161133,4.979267629153015,-0.01166487685064284,1.9783374127992082,4.050644800599454,2.505123347262139,0.004310835604415022,0.24584304297654158,0.44712984979404496,1.728546871643841,-0.00033108502395572136,0.05864597825714929
262.5657734183206,4.998062730898816,-0.012210314789037368,1.979581533755228,3.9700369588544953,2.5082807228048547,0.004275996462289256,0.2433844670931817,0.43826612477918864,1.7244954941783937,-0.00035355696335866567,0.05806163001837354
262.09010995555036,4.962868835954744,-0.011272892550043405,1.9777931155197432,4.152382086395671,2.5195564335294813,0.004394747058239631,0.2489107033336461,0.45536307482151545,1.7381460209586814,-0.0003350964152409285,0.05918344864601014
269.27284901040747,3.222985695804866,-0.019818457691947754,2.0046458478141984,4.5800580354268545,1.7324495014775299,0.0033136332931298076,0.26143468589692404,0.9285637996593459,0.9328035659728646,-0.0022781792275648302,0.08448436753817322
262.5909799432849,4.949064582096621,-0.01884238481218695,1.9796245406382114,3.364121585318761,2.472661531097519,0.0038972374677219146,0.22404370437539847,0.4465458038488997,1.4893463458380223,-0.0008550540870876437,0.05860236005847177
262.6224245392203,4.954229648592381,-0.01981344570526827,1.9797335949715906,3.3890064793894172,2.479547436555365,0.00390986527034044,0.22487085007424001,0.44548294171595415,1.5008633114293382,-0.0008134809069754359,0.05853315392294763
262.646693317848,4.939862253318131,-0.019393100906039146,1.9798292370564785,3.4191591609827534,2.4637405638824625,0.003951371788603166,0.22586857449479977,0.4556786115024256,1.4835523608432761,-0.0008371860129489097,0.05919897978901258
262.4118484636007,4.956778081638981,-0.018954677260265358,1.9789480724359667,3.3879136273515886,2.482924999861182,0.00390240405494614,0.22483470879223758,0.44109462877259364,1.5096729145733856,-0.0007563093491907169,0.05824485901872675
262.60263511550744,4.975084162373804,-0.01872363035000241,1.9796696039549997,3.2740352284498058,2.4765532079405594,0.003809064721570233,0.22102418072576635,0.4286441614573137,1.5010586354222009,-0.0008094712465348975,0.057416091270147504
262.311640730213,4.953929357379686,-0.0186482076895137,1.9785730615082888,3.4236856154282136,2.4944607945434756,0.0039033374190456335,0.2260189135048034,0.443619440627744,1.5149603066510324,-0.0007573541256909281,0.05841133152331259
262.31002307597686,4.923310911131508,-0.017785647317817867,1.9785749017999603,3.5959958604193623,2.483844851957074,0.003959392095000323,0.23163743915977225,0.45974498090165916,1.54072651672314,-0.0007649330775478535,0.05946355800384433
262.35167090180926,4.916069701994935,-0.018674356348175995,1.9787237930138202,3.6369519845815352,2.4847922037525434,0.003940002501177148,0.2329535185864471,0.46443322275464666,1.542560331393969,-0.0007288065931923619,0.05976647967639168
262.38827921924917,4.907962368372417,-0.01860397533367622,1.978862518095538,3.6629019139386805,2.493986834856244,0.004011467139603657,0.23378213351616114,0.46564715779726323,1.546067634290936,-0.0007328541137128328,0.059844499652625685
262.12946896468225,4.917381941452378,-0.017681247282726704,1.9778947159279623,3.6475956274471124,2.492641812596423,0.003909997238851853,0.23329474427081487,0.46239712012165746,1.5572003980285785,-0.0006704637320381649,0.05963599083101387
262.38190316654305,4.94227646941617,-0.017722806180210868,1.9788465606501595,3.525157231611779,2.476496092812032,0.003789579966212054,0.22934673776328598,0.44991813765855915,1.5306681991329523,-0.0007177773546993331,0.05882510983320614
262.11145447630497,4.91128812162828,-0.01758267496312168,1.9778276240313544,3.702448103659248,2.502045978884392,0.003970743101109651,0.23504181044406908,0.46951200154224926,1.5570028506131892,-0.0006896639576439822,0.06009288763838655
260.81932623674663,5.1104955689144385,-0.02551981620715816,1.9728594738876648,2.114830394291499,2.5388594888390768,0.003896710016020648,0.1776216439561081,0.22044272038213963,1.7985717334838809,-0.0003372627931423105,0.04117765762542993
260.8548713505257,5.108844028473199,-0.026021139112835833,1.9729873768306494,2.1345925391393825,2.5342998715512564,0.0038862029193382783,0.1784502383390911,0.22335550472081236,1.7969351356124037,-0.0003081503982854008,0.04144905680971774
260.83705408451095,5.105025754546685,-0.02594806189975348,1.9729209455915764,2.1504980401450307,2.541390402406154,0.0039231904208710585,0.17911335586920374,0.22202363294324773,1.8050562748805121,-0.0003064632621103884,0.041325297093093245
260.7196808881956,5.106623556717107,-0.025474433088466482,1.9724830985278834,2.169067867027353,2.5453629955296684,0.00384928387443036,0.17988699308932543,0.22594714935000998,1.801685788265198,-0.00026911290416548777,0.041689118163435505
260.8518915175472,5.1232479533211865,-0.025219703325325433,1.972986512943998,2.0926816880312695,2.5489725353442556,0.0037599848439174846,0.17669158881852962,0.21489321216415552,1.818883528470921,-0.00027319646310311946,0.040656488690584074
260.68282598496313,5.1096502242222925,-0.025337088881637986,1.972345426000164,2.1597800649062027,2.537711314250469,0.0038795832113481116,0.1795006189151314,0.22373095584845312,1.8089691914034045,-0.00025871952850241287,0.041484218889669126
261.1837991351743,5.084550629322093,-0.024402515121497912,1.974251801566783,2.4090454090264686,2.533711444680354,0.003918071268281837,0.18957993128176143,0.2718609992151241,1.6945183393830974,-0.0004736122323278927,0.045727608148189255
261.2138296494253,5.079142617828517,-0.024918586563954268,1.9743588679387065,2.40430998680177,2.52319282027823,0.003881708820187793,0.18939418159025842,0.2705270147149879,1.6980902840979073,-0.0004282387498227145,0.04561571711419527
261.2327907495306,5.074011263619351,-0.024906293054966035,1.9744306909651006,2.4264412377659808,2.5239489952439675,0.003946736152354681,0.19026288165567798,0.2743609129596067,1.6909301193331217,-0.0004455127211939704,0.045937676036593295
261.0960802638296,5.0767914904705815,-0.02439538803561065,1.9739202838237402,2.4263903432291736,2.530926152513721,0.0038681376231575366,0.19026249959872485,0.27404290775727647,1.6995625901681743,-0.00040649836316010115,0.045911405189172916
261.25155116974366,5.092772867866441,-0.024276511158128396,1.9745094413895548,2.35460301798303,2.525488199534883,0.003759186119819451,0.1874278451733598,0.2651743872703558,1.697556962617309,-0.00041729290773159295,0.04516225022772774
261.07469617031404,5.073095160916705,-0.02436851418491736,1.9738397685196645,2.4183803078303048,2.5215848060382764,0.003900550798990172,0.18994739845163366,0.27309103193879253,1.6986675345065656,-0.00039729089068058583,0.04583167469808628
262.0052471817971,5.096524981076674,-0.017005052348772084,1.9774318965605036,3.2803941210306142,2.529485694018626,0.0042176819780189966,0.22123136631764334,0.3762059444443268,1.652059890893829,-0.0005559190615815121,0.053792033186503975
261.8682503927917,5.0852906820341115,-0.016996786478289207,1.976914883953165,3.350207377686208,2.5394759376208618,0.004121628243145419,0.22357573072668618,0.38330049284240425,1.6585496864367213,-0.000521201518446253,0.05429727137282429
262.05448526576714,5.09986509425578,-0.017231874405347045,1.9776157454420733,3.2551765666390335,2.5276437283477997,0.004138919726890525,0.2203805667900503,0.370997394280563,1.658752271615377,-0.0004965900362812519,0.053418905905927634
261.92061886740925,5.08741788795463,-0.017037779355622784,1.9771122078033194,3.3411830643459592,2.53195765518887,0.004114020431652867,0.22327444721989578,0.38505484941013557,1.6522882053154224,-0.0005341733779968556,0.054421273771202795
263.79793871484213,4.641317444084239,-0.021099875841425256,1.9841465325487377,3.576511287528922,2.3198647825247116,0.003963319316167045,0.23100878248565443,0.5662409372373217,1.2635518161625992,-0.0011782254973567252,0.06598720559235363
263.62760460113753,4.645408642711739,-0.021371467663646032,1.9835028680470967,3.6254479645699464,2.3283978912993883,0.0038539394147901313,0.23258613630499306,0.5689949142151312,1.2769047762903716,-0.0011111590746412728,0.06614869069763854
263.7434810968761,4.6768739162720525,-0.021430664797511146,1.9839381526962707,3.5202189635328396,2.3267690574797677,0.00390632043813482,0.22918403566981027,0.5516595617855469,1.272031058989571,-0.0011032826366467676,0.06513307806392792
263.5835323371807,4.662055032349294,-0.021327933909385415,1.9833375132417286,3.603363490698273,2.3227983391466087,0.003847511025059921,0.23187656478436905,0.5650047102402433,1.2802758039930981,-0.0011110034033196886,0.0659162783400953
261.340709330779,5.184922595301463,-0.014277696224052913,1.974943986380996,3.526203250131977,2.5339735967507515,0.004422473283752373,0.2293694421359472,0.3385404517328721,1.8825254520656196,-0.00017925745241198284,0.05103062989801173
260.7640895133029,5.158351169896014,-0.01239545862292961,1.9727766443834875,3.640883848655021,2.5366515829824072,0.004337184309290071,0.23307238963934132,0.3477482829525137,1.8895881150031721,-0.00012367712624008635,0.05172012660377832
261.6299280511442,5.116671232842162,-0.01852385593289797,1.976001307193947,3.892395539018885,2.5394647303435476,0.0042070185830119095,0.24099327127721681,0.3702162381938172,1.8794276307454334,-0.0002928938855084517,0.05336413992605286
261.1815127800889,5.108738989203059,-0.01726559478023865,1.9743184731111802,3.964992224580966,2.53194844955732,0.004157609766838173,0.243231788028638,0.38077377539290597,1.8848887634908327,-0.00027243689290251417,0.05411981910190829
261.86319490261457,5.0071882722036,-0.01729778318615132,1.9768931890129318,3.3457960982328836,2.5179849378766033,0.004277639797521133,0.2234255065906048,0.3892727987532072,1.6437933647197513,-0.0004985948209753009,0.054718895707606685
262.0547473515129,4.935784569229003,-0.02075710763191646,1.9775828752106024,3.6752345651326075,2.508878859676047,0.004060811806460158,0.2341746293863998,0.4309718646033842,1.637648488854134,-0.0006181291965887593,0.05757417915657266
262.342470606735,4.943702178790627,-0.021321124535230624,1.978662344220368,3.6224195152716145,2.5190382717042756,0.004127625965651302,0.2324842481081017,0.423725764864411,1.6457304695663257,-0.0005997287609933292,0.05708825873950533
262.0030581075507,4.938557081059649,-0.020793179206917107,1.977387429991598,3.6598270321160924,2.5128620527255774,0.004041377169840976,0.23368344257136683,0.42616890133305463,1.6433837440375798,-0.0006079500924054404,0.05725253456949935
262.0775383114844,4.911552812159112,-0.02040988421205922,1.9776724921107613,3.0950147966731016,2.485413896194218,0.004249772735231087,0.21488645868996106,0.399928351883397,1.5172079853099165,-0.0006677242921622225,0.0554610321021368
262.36449496693314,4.8761112788527345,-0.024137500515979925,1.978713057936884,3.2983385062496793,2.480419852021049,0.0039769548869028155,0.2218402956158489,0.42619347908724503,1.5168818600388185,-0.0007568477888595205,0.05725241094503087
262.69159748152015,4.880323033175459,-0.024721405075614426,1.979939131336003,3.260726075527082,2.4696409763762777,0.004019171535091954,0.22057062276343004,0.4266177409714829,1.5072626104955689,-0.000760094145270991,0.05728086231404162
262.3734727998071,4.881393837960247,-0.024076669117078273,1.9787476585181094,3.302622214833719,2.47465124232098,0.003980198178893363,0.22198429426554472,0.42894802658346426,1.5137046095399513,-0.0007681207778484375,0.05743701067220354
261.38677364905175,5.084168805113219,-0.0219352490454019,1.9750478409242747,2.7201162707203697,2.540527264330053,0.0041521163746972645,0.2014485299992785,0.32043142185384127,1.6421769387634195,-0.00046731097841789783,0.049645127773356015
261.28295797493126,5.078611803689105,-0.022320685405734488,1.9746512169038621,2.7417521131905707,2.5396536090150925,0.0040472924590557215,0.20225056923270554,0.3212263148570834,1.6505407437685187,-0.00040662836091834276,0.049707205776656695
261.47505471316515,5.083951630753049,-0.022342792421303076,1.9753768138104006,2.699198890751123,2.5348204484216152,0.004116017723560136,0.20067289056154308,0.3176024175551977,1.6260505598301898,-0.00044501726014245383,0.049425676315995336
261.30730335663736,5.0758067984484105,-0.022227514126469256,1.9747442727955191,2.7302421685008067,2.53333099418445,0.004044047115962081,0.20182549094422195,0.32137152517439926,1.644727266601849,-0.0004244707104731764,0.049718291199553885
263.4324099770358,4.960248350032353,-0.012690743604504885,1.9828428983682462,4.1065133837025,2.4900090471087912,0.0038757915602929158,0.24754034574722214,0.49808832332032965,1.576944237788109,-0.0008349408063383705,0.061893065158994384
263.1054528792111,4.946934454224739,-0.012190087271886918,1.9816151139085956,4.209140242516883,2.4892602628275045,0.00395345980508004,0.2506139637966158,0.50098422273791,1.587989177179518,-0.0007458026691574091,0.06207389603263431
262.68950480960103,4.958214942865795,-0.010234567752302455,1.9800591232026794,4.1750701898843285,2.4971473653238405,0.0039138748287161,0.24959800085309158,0.49569549295400345,1.5998543602161908,-0.0006491382658839684,0.06174642396936116
262.8498396611006,4.969342950685418,-0.010448582704073013,1.980662202991662,4.13762576254999,2.510321925546674,0.003995560314265197,0.248474634307093,0.4818697652878847,1.6154329477179001,-0.0006422661291994613,0.060879208244143425
262.698069128496,4.949275022093235,-0.010284360964763505,1.9800911431875896,4.205518904388569,2.483308812098274,0.0039734718701534355,0.25050578914022775,0.5014613298558871,1.5982072751219611,-0.0006597712686640697,0.06210442453576338
268.2601701940605,3.488006157577554,-0.026653697269256052,2.0007930221906167,4.081542363618606,1.6045216295717684,0.0031989861564387934,0.24679608835665753,0.8482351822231262,0.8816107642439429,-0.0022540112720759466,0.08074531224960571
268.2110424016457,3.4896824144677137,-0.02631955612117816,2.000614197579661,4.0707604923567775,1.615209033112138,0.0032479727125146315,0.2464692069248528,0.8416755450780371,0.8863413808491069,-0.0022102542698482102,0.0804334634707077
267.91748926674984,3.5152786573697794,-0.025773194908429303,1.9995260035675626,3.969595272132473,1.6288326488813398,0.0032623580996463675,0.24338662175327663,0.8116088304665956,0.8967688319137943,-0.0021300357178298886,0.0789848580272435
268.0007803524889,3.528622076691182,-0.026041257524117113,1.9998333680481073,3.8717890023170107,1.6345320850388936,0.003261566644217097,0.24036900328452426,0.7889512504633188,0.8947032578700048,-0.002110224646212589,0.07787427511532469
267.97695971939044,3.5009362907565835,-0.025709900455358436,1.9997487632783668,4.071769695304363,1.6272661123397516,0.0032399650762417334,0.24649986743560906,0.8372752820858119,0.8942866721881908,-0.0021677884970779954,0.08022393524378944
264.36123541593383,4.6555689159094715,-0.01540287782218037,1.9863163978051501,4.382988539186377,2.4384045005959814,0.0038503960727900273,0.25573993399726236,0.6081430607537283,1.4124533390054164,-0.0010910999734771742,0.06838737489557065
263.7959411453449,4.631603182060936,-0.013683553359395856,1.9842040251151236,4.564299742176526,2.446329548166102,0.003931439345647384,0.26097590029268,0.6306236723136527,1.4397207048328047,-0.0009638349103619054,0.06964210183326752
262.66178464155007,5.002749141082902,-0.018702269251418383,1.979892767052948,3.467582293536612,2.4968524568221095,0.0038984353494009257,0.2274637593262949,0.41121941367453285,1.604135649971209,-0.0007212534256856027,0.056237941396630124
262.1029147171023,4.990520295716166,-0.016872654806372216,1.9778015864255898,3.5253504123507735,2.4987351110383567,0.003980343118364016,0.22934979224375532,0.41439797717065363,1.623735694719218,-0.0005243191986838182,0.056457079598970214
262.28744534194374,4.999386573051235,-0.016809755525094276,1.97849827452476,3.4645045786266264,2.5064837047050537,0.003999921247585671,0.22736099971544052,0.40611327079761755,1.6240292847872086,-0.0005454279008161536,0.05588963003375279
261.962088063804,4.993423394550887,-0.01646163943990097,1.9772736092475944,3.573117205707745,2.511141895103988,0.004013989281729876,0.23089823610829718,0.4195638900879653,1.6214809056187818,-0.0005688239106865357,0.05680749051398791
262.1500570994734,5.0175634429095775,-0.022841887621020743,1.9779195301035466,2.8752756526534387,2.4963115411565453,0.0038596152050459215,0.20712234391868745,0.35121536072803217,1.5752191110289253,-0.0006716970412859616,0.051973122323654856
261.9671650991869,5.006336279767748,-0.02223108207569642,1.9772363204830397,2.9181216731593054,2.4934268055626068,0.003958627737961741,0.20865853466778073,0.3566128745003595,1.57073449604116,-0.0006224408714318256,0.05237163855615599
261.8925552561532,5.01285107582494,-0.02118473689230928,1.9769661897016846,2.883078618825647,2.4947085295295985,0.003980062393807988,0.20740102040471792,0.35411637912223787,1.5763729649708906,-0.0005603333554346239,0.05218867859627147
261.64753922306573,5.009462605340838,-0.021131040426521284,1.9760416573831543,2.90732975539874,2.4941163623793274,0.003990125065954971,0.20827160230290598,0.35321921270428885,1.589976161753377,-0.0005387402574837458,0.0521227457631602
262.3218554368787,5.010071185777471,-0.021561298623358798,1.9785819882143953,3.1824493320849037,2.4974338990271665,0.0038539913703622857,0.2179091336153178,0.39522199741411007,1.5668556517440446,-0.0007217951466995665,0.05513300483960556
262.00787990732834,5.004950920972512,-0.020614474925365424,1.9774074985128183,3.1975503844907576,2.501327722265297,0.003935229748888973,0.21842423531092683,0.3929625334238102,1.5727381100164137,-0.0006358071391166579,0.05497621729372204
261.8984583126388,5.001709955353827,-0.020023624015922264,1.9770005736222596,3.1891273168232472,2.4876483896291983,0.003921047972645586,0.21813651816984378,0.39563818430283965,1.5697066316858654,-0.0005753602280990595,0.05516375267411839
261.96441908579004,5.009520096888324,-0.019952464141991078,1.9772502628518343,3.144720798822014,2.493987939231894,0.003938583471484798,0.21661167763059277,0.3866952362750889,1.560620542152203,-0.0005827709216453038,0.05453658513906507
261.77439435161233,4.990709351009456,-0.019598983943472106,1.9765364637514318,3.228132082892004,2.4949422742884684,0.0039380360230081195,0.21946655265971907,0.4000667389988261,1.569415807455892,-0.0005836010286404753,0.05547157707940611
262.32023353696366,5.0729930857816585,-0.012725878597216026,1.9786524248177764,3.7668277682475004,2.5446590839870336,0.00401255589619328,0.23707637876647097,0.4243144258736481,1.6852900519679728,-0.0006412025515036471,0.05712745383257449
262.27404462314064,5.041810061992178,-0.013531509943887653,1.9784728650371977,3.9100676610453,2.532601618068283,0.00406143894501082,0.24154238455241678,0.44244270151547527,1.6798203174314628,-0.0006134551815811571,0.05833548721844258
262.1573099014485,5.05406916776933,-0.012024297060175763,1.9780422357601675,3.841353344320941,2.5321051908555745,0.004181370829021916,0.2394079116127543,0.43130276181819194,1.6867671190243319,-0.0005852452624917333,0.05759662351588295
262.03446737377953,5.049537730232922,-0.012541190522228624,1.9775755151571164,3.907851690196781,2.5356572574343645,0.004044015596288129,0.24147420269598094,0.43832782002842835,1.6907086493553387,-0.0005284912359148707,0.05806438804267812
262.1668755608634,5.068729953592002,-0.01199458154765438,1.9780785048173426,3.8086813945625315,2.5402549580862286,0.004038848934865887,0.23838976207652293,0.4248734384570844,1.6924855854958467,-0.0005398962426439455,0.057166123980446924
261.5080857604516,5.05989959536201,-0.009585703792066752,1.9756046851284519,3.8817397459536336,2.5422151375760094,0.00410050978332383,0.24066491214597074,0.4299012319824534,1.7069576265881148,-0.0005058240087745619,0.05750371027841009
265.23529224354957,4.271293528171563,-0.013847367665949602,1.9896089956411862,4.934237838118262,2.355544357613307,0.0037274099018141517,0.27135115124660997,0.7634504535662145,1.2925999517440574,-0.0013540482298411908,0.07662155277762552
265.30106036636545,4.2216701784116095,-0.015628986252968532,1.9898424695662924,5.13285163354263,2.3498704875997993,0.0036640603272951947,0.27676036662731995,0.7885146477807347,1.2972702527098907,-0.0014916497721565347,0.07786701658326367
265.34175140590804,4.214668148299188,-0.014815962885487644,1.9900012902239912,5.128069121671931,2.3350978595355407,0.003692180937246651,0.27663100494974835,0.7943785866604718,1.2857935712811923,-0.0014322460942739266,0.07815723372726478
265.1724552513049,4.21186750165914,-0.015307265776676444,1.9893625931906322,5.22132049880963,2.3489134285945292,0.0036230718879775026,0.27913622131272353,0.8025736709486343,1.297955531031471,-0.0014443251123115862,0.07855926137414829
265.4719706933325,4.2315043121446365,-0.015940013349969768,1.990480880410026,5.135673842882133,2.351369147866843,0.003649492112797944,0.27683664787839146,0.7909029031895505,1.2887507485978935,-0.0014648535269330975,0.07798540049405463
265.4147908128289,4.245435739830801,-0.01677996894089783,1.9902595863086605,5.153471933496179,2.3457810709121327,0.003632537319924946,0.2773162386470335,0.7949078455823858,1.2979259406814103,-0.0014346555805568918,0.07818323029022461
263.10729210791806,4.7062299591727506,-0.013057071832829522,1.9816165173788183,4.444138941194751,2.4850749380800434,0.0040634872818676535,0.257514892829989,0.5937159055716258,1.4873665421731885,-0.000948991587305549,0.06757325537845034
263.4964599191436,4.627335926911604,-0.01646341341888322,1.9830562119835164,4.806128801297475,2.4697133210252016,0.003945055885775717,0.2678016098253802,0.6463110698349578,1.471683549784456,-0.0010823217795306519,0.0705014339831511
263.19575062212897,4.645062369306194,-0.015864151880812607,1.9819291395229073,4.791444853817334,2.4689637622997016,0.0037363683629532403,0.26739510438158254,0.6414285111656157,1.4838443386925588,-0.0010065971321111212,0.07023569059045666
263.5945059967531,4.657186150670298,-0.017104870129711888,1.9834197189647835,4.711704733027863,2.4653615081252913,0.00378899119644613,0.26515956476230523,0.629821836614937,1.4704418576674387,-0.0010237320652316736,0.06959694915177715
263.1121124225839,4.649338958507559,-0.01592485138032523,1.9816136992806974,4.833742869670568,2.4859837435085184,0.0038679139803599978,0.2685711362128717,0.6364543920987009,1.5000570949118197,-0.0009949061538116208,0.06996294146109755
262.9185707614956,4.733472999290385,-0.023737397545191736,1.9808064793203344,3.5518466515987814,2.4552534867662663,0.00391475281503494,0.23021144911021207,0.4803325513984777,1.4620642808352875,-0.0010174097056669731,0.060776892463164846
262.75884798277735,4.732645074767485,-0.02345303924271614,1.9802080207492074,3.5912935630702143,2.457887090020014,0.003884060472359707,0.23148717143284983,0.48185786260428276,1.4702563709807954,-0.0009606843494042838,0.06087426409157386
262.1219657041933,4.789623067659981,-0.01955835674635028,1.9778487342362887,3.4267652122376115,2.467634884936538,0.004021406469726118,0.2261185037240153,0.4527529299380312,1.498969530052018,-0.0007576229937087186,0.05900966745438044
262.6136422760131,4.7769014005222585,-0.022348350263206713,1.9796734964066767,3.4852085748518418,2.4753021325026463,0.003900126725037147,0.22804128451259248,0.4572357113854388,1.5055597471224307,-0.0007760956450223389,0.059300889162286326
262.40847685501825,4.763266986079257,-0.022736458706008482,1.9788955212737795,3.5964082976110596,2.46711069795735,0.0039156975096407845,0.23165146901811928,0.47154737388031887,1.5019782630265028,-0.0008673272633478955,0.06022072097546924
261.84542860071167,5.0297629162969235,-0.02144570979087019,1.9767854731647854,3.5776895211262207,2.5276077369571412,0.003925613559647284,0.23104748563826807,0.3945683988023328,1.7180116954841587,-0.0006207995157260878,0.055088620759735744
261.6737972127081,5.023908412364859,-0.020999546170262243,1.9761422220925504,3.619937155175589,2.529690823469161,0.003946234623439849,0.2324077021015257,0.3986796788323875,1.7215421034134137,-0.0005900315636167578,0.0553752528030624
261.7396414840181,5.021893332343343,-0.02110511473611346,1.9763897356863287,3.6361154847054116,2.5379725678479863,0.0040987032748116175,0.23292398116167112,0.39693109458724884,1.7296609667816647,-0.0005843438674037729,0.055253729778669554
261.5023396079338,5.017487464104023,-0.020434908042761175,1.9755005463632624,3.6700803983429418,2.534584534153784,0.003918410579784965,0.23401274631263377,0.40428188300103235,1.7227037279636812,-0.0005387472599163913,0.055763522035999595
261.78643535001913,5.029904802202585,-0.020829459331002553,1.976569341745627,3.589905270652877,2.5372479763012072,0.003939052517919263,0.23144148190557218,0.39146830902413043,1.736393094733527,-0.0005331410223500949,0.05487267485234605
261.4329389339292,5.020662398972305,-0.02023705620267025,1.9752403966983922,3.659305653573885,2.536418155135409,0.003964555140422308,0.23366810778256858,0.39977100683099226,1.7326456454137886,-0.000535475880012176,0.055451554140434685
261.92605081307306,4.987869560143917,-0.019065319660873714,1.9771141989203342,4.001506619074947,2.5365038719451656,0.003949440022899021,0.24435298507013137,0.4435243405423614,1.7205285783312159,-0.0006680218876777807,0.05840615929195555
261.7431740533651,4.979664091640847,-0.018839225046704634,1.9764259717251154,4.0212164653327935,2.5266854591559302,0.003923451093113635,0.24495461361345464,0.4449373885155379,1.7165661574791484,-0.0006047468972600729,0.058499825448146615
261.6629592705432,4.978932232625109,-0.01809067086818979,1.9761300640830701,4.018071779544542,2.5358314511144173,0.004075391602091049,0.24485630842089137,0.43759122160707636,1.7330843744093567,-0.0006059685857058605,0.05801481812543732
261.64685704306027,4.974372299701094,-0.01876278718834209,1.9760629870044297,4.056212865936842,2.540983262080883,0.003952771109735806,0.24601801994350903,0.4445014450272038,1.7312676296608183,-0.0005609025514877353,0.05847159372851384
261.8707702322017,4.984953477861047,-0.018986283941421735,1.9769062900683163,3.975962223361208,2.528833154149831,0.0039416272326574095,0.2435717211139639,0.4358618996752036,1.707715109622853,-0.0005723575465091903,0.05790039939840109
261.47849582753526,4.974306452370876,-0.017953572921804748,1.9754345815663514,4.060391721007539,2.533992083681412,0.003962878208184633,0.24614458576999473,0.44520453880357036,1.7288840103137706,-0.0005556182018276446,0.05851787408051321
262.4148351197993,5.083724113886375,-0.01428091048736594,1.9789985815411566,3.715183135712948,2.5432126368742822,0.0040274155972494265,0.23544484383075123,0.4292353638491338,1.6622057214445891,-0.0006416181066372212,0.057457800317732476
261.9136886968833,5.057848723112573,-0.01121520439706772,1.977127651918215,3.7621089106369228,2.5367954152218073,0.004106911956604465,0.23692617528972684,0.4384083983942464,1.6543054302967584,-0.0006385637624323847,0.05806861916441328
262.42945396518456,4.992614501235821,-0.017698695158975205,1.9790260933242128,4.154914739978613,2.536329764598471,0.003875129597789763,0.24899525338066594,0.47691462432299164,1.6688161111621913,-0.000710511905835042,0.06056458706278323
262.64221884910694,4.998313700099771,-0.017815969402854265,1.9798271915460415,4.075919647252968,2.5271055958667796,0.0039022642513375744,0.24661588337838927,0.4690004998145694,1.6643328074475807,-0.0007105219970272158,0.06005989769314884
262.3955595574767,4.99625066951853,-0.01757099878542317,1.9788994151264745,4.16115084044872,2.540598175648197,0.0039028788770956615,0.24918165361517275,0.47719612206424755,1.6720671713696673,-0.0007251406017053415,0.0605822876062135
265.08896924216185,4.405870513539897,-0.017503672610389938,1.9890312720464973,4.906867728421814,2.405443613418966,0.0037815122337443614,0.27059662217536234,0.7226832633821314,1.3533084179145531,-0.0013821661837079549,0.07454657364800217
264.32725111611734,4.536885793112271,-0.012687401825648184,1.9862079151776328,4.486088806334016,2.431765566345398,0.0039900124031470524,0.2587288718896514,0.6510889505027369,1.370590827546545,-0.00114815217649327,0.07076057015675015
264.2175864305661,4.526832918577075,-0.01273824634185204,1.9857955089102168,4.53263024297656,2.418579207208629,0.0039225160289518566,0.260068859197654,0.6593781831623329,1.374876078067695,-0.0011129976648726163,0.07121025984138432
264.3607382955839,4.550611365152326,-0.012452373590217529,1.9863352183153997,4.391728623069758,2.405335288513606,0.0039016561428520547,0.25599407314109673,0.6406863701361314,1.358040223764296,-0.0010888199633310417,0.0701938114397723
263.91294145061846,4.493077116119636,-0.01085910105177662,1.9846614839949361,4.632042735176761,2.4129408833577677,0.003950799123747806,0.26290560546126024,0.677268634104419,1.3702404608860501,-0.0011046582977138036,0.07217020475186028
262.50860809329276,4.933689380790225,-0.016690346536588758,1.9793333117739549,4.071641381066723,2.5390372700855006,0.0039013377668422255,0.2464864021507513,0.48808164713730534,1.6376662762267353,-0.0005787442737694067,0.06127103119594188
262.01157432526816,4.922198125479346,-0.015185860136545243,1.9774705818214708,4.144557577213294,2.5248193544033093,0.004077785910126842,0.2486814025589519,0.49310466190492047,1.63338144423982,-0.0005761370792392132,0.06158555715384841
262.5830358794657,4.907500806961589,-0.018296973164241465,1.9795997095420035,4.20907530981367,2.522171271560503,0.003961417836920466,0.2506119045819235,0.49728284106444726,1.6308114562361218,-0.0007144809784363519,0.0618444996786628
262.41333422980085,4.886850422297483,-0.018279990909665828,1.9789600225207533,4.331502258357735,2.522235687239533,0.00396705744096115,0.2542312921208466,0.5188015086382693,1.6304701523558467,-0.0007103747525252156,0.0631686330657073
263.38803465262566,4.771684358629161,-0.026044222713417223,1.982545433217383,3.3953020015679725,2.407380308346139,0.0037549774809800445,0.22508231698925452,0.4948889508368715,1.3739894653294318,-0.0011374684484622886,0.06168909343546316
262.84700476479776,4.827274307252958,-0.022232002093452163,1.9805543066116886,3.164773413355755,2.399584314763755,0.0038908916164116653,0.2173022895469948,0.4627025570837095,1.3690763602171425,-0.0009525529999734762,0.05965184893938912
262.5857703049493,4.807122406833501,-0.02130098078377871,1.9795799730710697,3.2372616475582974,2.4032394708276383,0.00389314534783346,0.21977757265598966,0.47190812754221395,1.3749088182696831,-0.0009364871137593859,0.06024272164702765
262.83568305398086,4.822860920084215,-0.021513971420968257,1.9805195761795504,3.156368215045169,2.397901477715272,0.003877193513194,0.21701368788476078,0.4631304938053005,1.369359487533868,-0.000907427478375411,0.059680137695989476
262.77540723934015,4.808767871403825,-0.022202837005169066,1.9802848374921127,3.2474033305932983,2.409406155364825,0.0038309243992352858,0.22012276221466281,0.4742722925902498,1.3691284012327223,-0.0009482295784029353,0.06039328824635256
261.64524005628715,5.06105904504656,-0.01916812065780752,1.9760529901324635,3.056609197929876,2.5461105033930638,0.004118454347469648,0.2135510972547585,0.3498672280920036,1.6797443194079735,-0.0005187249441922819,0.051875016090318096
261.387277111981,5.037261910141471,-0.018099728442660747,1.9750886165670407,3.1174072034907607,2.5365267081858596,0.00414916178670382,0.21566467068161732,0.35734964022308735,1.6838181131976633,-0.00047856209573480374,0.05242722922920843
261.75409313095065,4.997095312107544,-0.022700657732054933,1.976426621343607,3.352879950955641,2.538409809563838,0.003966686968445325,0.22366772171485955,0.3807790136211223,1.6903135142565866,-0.0005518461931300975,0.05411806354006232
261.93471748746566,5.002831581107864,-0.02243997396154133,1.9771114897506192,3.3090876281299835,2.5364367812843795,0.004035468564952111,0.22220054585326945,0.37635170074316315,1.691202861352656,-0.0005562568221501839,0.05380245032512486
261.72013341994307,4.999528332738018,-0.022442434556100566,1.9763013396721785,3.3511519486891794,2.5348025852232348,0.003981687332755026,0.22360979278645596,0.3805652852847523,1.6907200373497318,-0.0005647907942859155,0.05410273821887264
263.02969751197435,4.8766685464756225,-0.017032977265079515,1.981294086818316,3.6372893449790253,2.4701736378557646,0.003768909791091913,0.23296715646269828,0.5135462386546964,1.417928242141515,-0.0010607497499885363,0.06284290327417331
263.0358920524758,4.86469485288436,-0.017839992852962835,1.9813103167497819,3.690348234563598,2.481524766378391,0.0038529657539432935,0.2346592829004865,0.5124980175597809,1.4308997052689596,-0.001021044288289935,0.06277937488800676
262.87003503842715,4.876278763357551,-0.017783441343987422,1.9806860195388016,3.681251628012363,2.4830077979106058,0.003762822727743522,0.23437127664148147,0.5076156425246974,1.4400426966452404,-0.0009681607541539314,0.06248038393353995
263.08677459642576,4.889830726409984,-0.017355182663974608,1.9815062642326655,3.596923663455105,2.4818293547959955,0.0037964429157867135,0.23167005597174173,0.4995870491232366,1.4315218716353353,-0.0009892456635617727,0.06198385833396546
262.7667229446296,4.861180858331695,-0.016956201102993826,1.9803039853712943,3.7606950881412073,2.490766704730985,0.0038051538754939854,0.23688667805287658,0.52212674690055,1.4341320283574666,-0.0009877610616301838,0.06336705705354967
264.3755070148402,4.420073162623157,-0.019947367963895315,1.9863295779615848,3.6996338923396,2.2732574465757933,0.0037326949844125653,0.23495634337410315,0.5985753795307873,1.2270545659308867,-0.0013573339046320247,0.0678423440121434
264.2425682960965,4.4147267159624235,-0.019784321728459897,1.9858316923662562,3.7599549925649742,2.2910646492286926,0.0037895336086325947,0.23686361195283268,0.6031624657315778,1.237303716836623,-0.0013367714888794643,0.06810230772040556
264.1185311033355,4.419085933237409,-0.019774259737655543,1.9853656104253996,3.7901656082410224,2.2876836229059903,0.003672866159935995,0.2378153611482384,0.6066610847093028,1.2422635386302026,-0.0012836743581723653,0.06830062890395132
264.0083293323016,4.431189121146777,-0.01945870813923578,1.9849544540197388,3.7673810196011313,2.295992687273467,0.0037533683932634994,0.23709803812439645,0.5987583494097254,1.2518385476568081,-0.001269680109463392,0.06785441304305508
264.99825983973994,4.244704821256916,-0.019513249334236003,1.988672205557326,3.910089604237655,2.212912335142542,0.0037415359127098893,0.24154822963731115,0.6577595534706078,1.1764594583525616,-0.0014977342559748929,0.07111572023785816
265.00665433459903,4.2318663413281445,-0.019726655097845047,1.9887016010710397,3.9754337232321135,2.2114107625901696,0.003788547369846616,0.2435579573712548,0.6686761612963102,1.1780849019801494,-0.0014779859543272405,0.07170410264915948
264.89048889741093,4.236241767025122,-0.019760341720222424,1.988265303077942,4.004101030766079,2.208334904604663,0.0036955874229660742,0.2444361769160444,0.6721492574974655,1.1803886530215022,-0.001446817780199984,0.07189078955010547
264.9658155701379,4.290756603679553,-0.01982890587828449,1.988547329011208,3.877261278841813,2.224237437756548,0.0037005750198870475,0.24053248651797413,0.6483839852276065,1.1808126376574153,-0.0014280690814908888,0.07060828376213323
264.68220357838896,4.254274172196097,-0.019148165116386073,1.987489370587021,4.012038035345311,2.2326046902167933,0.00374282860002304,0.24467765721601406,0.6665938551524676,1.19568766186341,-0.001409420533358644,0.07159370484473139
261.5204969528454,4.963184495877013,-0.026886742617224724,1.9754918634020329,2.226412010149042,2.4858331928388013,0.0038735297382546333,0.18224989923067544,0.28969056121776093,1.5178089341136969,-0.000665631316041914,0.04720112146332351
261.4812730894832,4.952277993191535,-0.02705363024990932,1.9753414058309138,2.2678186429374443,2.493705782100179,0.003900678631110002,0.18393701137357957,0.2935604014965265,1.521019447684571,-0.000655288131954021,0.04751555042354857
261.399126679657,4.95465893674147,-0.026993134838544163,1.9750318664145736,2.274619265953146,2.488603233240022,0.003811911486523946,0.18421457763624924,0.2944223708311322,1.5260443639777443,-0.000614410542311146,0.04758581687454029
261.5580127844475,4.965346413322866,-0.026648263115428228,1.9756368105383733,2.2416778411342064,2.4797231722908477,0.003821185231282781,0.18287503046974976,0.2962539721116309,1.5072207461323617,-0.0006209243086492739,0.04773354335845953
261.3440301073004,4.952649576382326,-0.026735964653468416,1.9748271706594103,2.2958504701269566,2.4899089792915983,0.003861624278735188,0.1850716423042652,0.2982786149288692,1.5223732320654864,-0.0006128816684297702,0.047896505719402196
262.2464429653321,4.867517695845286,-0.02505249526986942,1.978256400694484,2.6316774628284487,2.4209442869498554,0.003873031382101268,0.19815087113063726,0.375797435207375,1.3981568905396429,-0.0008891334051510924,0.05375833836143968
262.2873917046646,4.8477746972396805,-0.025333383682318803,1.9784072910533526,2.691284458641239,2.4125847726413174,0.0038687968661595077,0.2003832756660291,0.3863118603471619,1.3897947799916426,-0.0008905249994548887,0.05450538193796567
262.14468730427933,4.854307456918289,-0.025306274952076754,1.9778692741549553,2.719171079589634,2.4333308213604097,0.003799214261175855,0.20142047798063495,0.38594233901561403,1.4042852592649009,-0.0008410111477231961,0.05448008740307266
262.2957558976862,4.872308007008344,-0.025085311130363063,1.978442002053426,2.657830974171304,2.4252394998769957,0.00380026910301238,0.1991348210942196,0.38129659411129513,1.3963274474897165,-0.0008453730804651148,0.05415104863516369
262.1257440104469,4.846384875964299,-0.025037315294296925,1.9778012211322482,2.725654723812384,2.411899661268527,0.0038278907119351133,0.2016600134903844,0.39194940825024577,1.391141302718537,-0.0008465973115506075,0.054902447314039544
261.94264506538997,5.078826174842215,-0.01736752354586276,1.9771924758403678,3.1446283894422606,2.5229135136206486,0.003962608385753368,0.21660805575049358,0.38052802954560877,1.6107633453933008,-0.0006764235283901794,0.05409880904440147
262.432542733878,4.988566109850235,-0.021953063842473405,1.9789951202268363,3.510415895238,2.50944770423068,0.0038262304065863543,0.2288659587050468,0.42907621260334805,1.5888731140143175,-0.0008341190807189034,0.05744467334883336
261.63289568762815,5.052263194768052,-0.017374622927617468,1.9760229540242649,3.3295663705211225,2.522250643960449,0.0038635257737361503,0.22289031747506405,0.4052811936957486,1.5932489679384039,-0.0006754123433353207,0.055830918512773206
261.9659222874852,5.039358549477053,-0.017798513881849568,1.9772764985005964,3.2010126797341365,2.523005602546634,0.003870136560361609,0.21854365855762653,0.392842608576833,1.5835531624366335,-0.0006996645846713957,0.05496705094227586
261.6786478622729,5.021744236972298,-0.017334087494837235,1.9761960909893683,3.331149581625398,2.5141521630577732,0.0039168938532759805,0.22294238810635145,0.4088517644692308,1.5895372652248352,-0.0006769328094285068,0.0560763348910372
263.902815607371,4.614278789717036,-0.01944852390901095,1.9845578220494424,3.905397089041149,2.3350503028174714,0.0038248985648341367,0.24140190335336562,0.615435341740371,1.282467461130104,-0.0012951977827629262,0.06879273563459296
264.42984084932584,4.57233569387215,-0.023016041342928253,1.9865005170822763,4.078741891002837,2.333257598289709,0.0036776581420557004,0.24670472122037626,0.6402744946386126,1.2816500374707902,-0.0013981404373097559,0.07016575819881504
263.80209607670946,4.591530309205371,-0.020128937712686742,1.9841722564912019,3.9781293725886324,2.331555333067459,0.003752040232911204,0.24364110379122716,0.623163522811258,1.2852653051320695,-0.001240002909105304,0.06922447510001077
264.0262137322797,4.625609953319633,-0.020214733965628753,1.9850141364053062,3.878167740107318,2.348870767764248,0.0037904553850990914,0.240559209024702,0.6072897270842076,1.2815188479490571,-0.0012733207350625851,0.06833621363095081
263.70652108591753,4.5999155032721015,-0.01988595055471077,1.9838152066494212,3.9541235351280686,2.3427066921133117,0.0037910373212493966,0.24290409057289428,0.6161256169199912,1.2961746045679166,-0.001230233231936428,0.06883250938805377
262.64989573866114,4.919556263657807,-0.019838751685469527,1.9798368926564427,3.5937022703396386,2.5015069219217683,0.00405533879072252,0.2315618741196282,0.4643681417084068,1.5271615736935475,-0.0008555093240420381,0.059760611880424086
262.925505835379,4.876224133605238,-0.02193301667176856,1.9808534079796858,3.773554974980725,2.4792409208039032,0.0038529905282080326,0.2372906877828921,0.4933529498569142,1.5122267681966337,-0.0009506040606877757,0.06159642070061243
262.25431934479826,4.935224380703856,-0.017313883858952203,1.9783689751247466,3.5483519025372106,2.4934291222544407,0.003949796604699927,0.23009753424157614,0.4620200253754372,1.52762796588487,-0.000761357846969336,0.05961057397328539
261.89609761089304,4.974665125776914,-0.024605787634311045,1.9769399420523517,2.5432231831450003,2.475467688490061,0.00400892564540138,0.19478830428822738,0.335376446529141,1.5014437210961078,-0.0007455625118783002,0.05078644460873209
262.49235056681,4.925568870892521,-0.028996307674271526,1.9791299834164067,2.712184639636021,2.4695080551163158,0.00392004581757789,0.2011591434574864,0.3573966036662496,1.5028688234689254,-0.0008447739814302271,0.05242605268859018
261.75011378483737,4.960417694713112,-0.024897459146830375,1.976385142809881,2.5988158342797325,2.468012151559631,0.003911216264961148,0.19690860423393022,0.34122869782423876,1.5068563883313908,-0.0007004849792939685,0.05122836575475849
261.83094012286745,4.98515511529389,-0.02375645274888346,1.9767043558404411,2.504028829009543,2.479151306936211,0.003931319443951791,0.1932824599892922,0.3306499972470458,1.5084091735797243,-0.0006820137233073001,0.05042813078596299
261.44682808493906,4.955473150443266,-0.022653407415392575,1.975266636959878,2.6320612416093927,2.4830877211261124,0.0040217277624040836,0.19816236234267312,0.3460001190412083,1.5113872045031387,-0.0006987819809651384,0.051585376619572555
261.99315551353584,4.937183746837433,-0.02487073445783592,1.9773029740652208,2.695579547224498,2.4930758962010064,0.004214988477095628,0.20053619231382516,0.35822736037185665,1.4956041067230412,-0.0008112892047370414,0.05248749269692532
261.7293248105169,4.969365127971109,-0.02347648382118979,1.9763240340845383,2.5597764799456,2.4868506925867093,0.003799139433504364,0.1954256524697576,0.33615874597308143,1.5080681946850072,-0.0007227448045612602,0.050845984575310574
262.37621688678723,4.928357387373167,-0.02809332293586149,1.9787050573077298,2.737323448324672,2.4723372973825266,0.0039054385077362352,0.20208988447137674,0.3596144557093767,1.5037953466576168,-0.0008476022474820884,0.05258846465098925
261.8102327057056,4.946850502745929,-0.024823533032042745,1.9766130642403938,2.674864558763902,2.469868693189949,0.003960166355297342,0.19976903840630608,0.35330388832582893,1.5011105986638222,-0.0007118835861636289,0.052126916652059346
261.9458381021773,4.968289264795876,-0.02426996006239898,1.977131847828549,2.572556826627077,2.473822354278635,0.003948743351718623,0.19591012728446444,0.33893908355698865,1.5057411761984694,-0.0006960360262530084,0.05105623618637885
261.82453618108093,4.939415312737415,-0.02530396281837174,1.9766609743936303,2.736616727840209,2.491200037513149,0.003864313125533455,0.20206457599670374,0.35979624569527807,1.5110346993105495,-0.0006333824046867083,0.052604774071890556
265.1305445985602,4.383060008354569,-0.02515160709780016,1.9891052521426802,3.9478431324683947,2.1969584577206316,0.003597063345292872,0.24271401476465354,0.6785732313569934,1.1655189042766454,-0.0016382952202719497,0.07222956511105907
265.20217709687165,4.39073093948273,-0.025535200495083354,1.9893690966592188,3.9344702200375403,2.192699147797313,0.0036113569961418895,0.2423022786120876,0.6764353817615976,1.1641596250375605,-0.0016077765823575062,0.07211632370646087
264.42504962696665,4.459261866468527,-0.02212894384137792,1.98649259791982,3.7420102825614157,2.204972116233244,0.0036579438220870203,0.2362996385666239,0.635686190044754,1.178133502091404,-0.0014258796981173123,0.06991323649110752
264.50441565136174,4.502030233839587,-0.02142292712092575,1.9867984692634597,3.6124517798540188,2.204605238614932,0.003626727333131917,0.23217243073401486,0.6176538826196343,1.1652528249936054,-0.0014264903411716414,0.06891406850393664
264.2854996373235,4.428337974033075,-0.02009796703947986,1.9859898710215855,3.8647934831226216,2.199247663741351,0.0036442037570509826,0.24014621504763048,0.6665853190526139,1.170093497211533,-0.0014655982012332606,0.07159211827596905
264.3550464789689,4.408277940070259,-0.023849357983280826,1.986209686001232,3.3654182214943416,2.1487039544198305,0.00367381753483278,0.2240906641821375,0.5827104489526701,1.142391990556744,-0.0014406079047019963,0.06693513813933309
264.17732907175224,4.4186225254695035,-0.02411216153299788,1.9855386709133522,3.347004824104074,2.1709593203747266,0.003617152410688126,0.22347754269856335,0.5680072196232634,1.16247058175816,-0.0013776112960159042,0.06608622013635992
264.21986823083955,4.443607615936244,-0.0238850954321594,1.9857012930107456,3.2826927435351356,2.168255689293877,0.00366150046799647,0.2213187915585498,0.5599216309985878,1.1596569353355868,-0.0013643919752799364,0.06561423552673382
264.09182038108054,4.444058032588501,-0.02414835180706553,1.9852168188932544,3.3154751147515444,2.1901536968330575,0.003633076923486533,0.22242190530007372,0.5556664706567244,1.1772466023279937,-0.0013459966657181574,0.06536471341301867
263.0622377520438,4.729209579545954,-0.018546509022079653,1.9814030591991496,3.7874713870609096,2.433025222881007,0.003790185827817423,0.2377289594872002,0.5428610660538584,1.3933115429065486,-0.001012415883367723,0.06461291951567855
262.953503016738,4.721242235210372,-0.019181007459847875,1.9809874402570997,3.8300035167673205,2.4312546631942125,0.003700332642552494,0.23906178935973135,0.544432658718026,1.404578975439286,-0.0009552872738510625,0.06470727126702701
263.1248647053092,4.742047643233448,-0.018924097262191932,1.981635351216065,3.72245659550492,2.4249056348876787,0.003715430749647322,0.23568039638161914,0.532508301481328,1.3888256048355607,-0.0009672837281240505,0.0639943908939825
262.96144453396994,4.72516484224755,-0.01935483992054029,1.9810156662134557,3.831058674861917,2.4341365894223648,0.003692841319925382,0.23909484131784506,0.5445496368108087,1.4057184794933726,-0.0009619307223739168,0.06471412557833488
260.97165303284703,5.144037617295944,-0.010774079492388865,1.9735711839730556,3.9778516220312747,2.5286268176927273,0.004134346679048413,0.2436264084809927,0.37263970232598126,1.9174117373180062,-0.0001943682711619255,0.05353897150335034
260.8641340885709,5.130669924398156,-0.01163549737257307,1.9731596878702644,4.070375796222207,2.529823438503192,0.0039940498112600725,0.24644659689608314,0.3812710489950609,1.9220252147209607,-0.00013765602825423112,0.054155657819445015
261.09397840690764,5.156957151203543,-0.011194973629795936,1.97403133800221,3.912815526465554,2.5196077372678305,0.003975503786783935,0.24162869678068685,0.36425088595616534,1.9110153483090588,-0.000149502422228647,0.0529330477206466
260.851562277012,5.1363562600316905,-0.011402636646635933,1.9731134988982264,4.069546332396592,2.528282693696625,0.003997066320477104,0.24642142958615898,0.3820044756360659,1.9263882395559058,-0.00013515428431025732,0.05420772730663691
260.89657251993555,5.051815989578965,-0.022923426813926378,1.973183521832296,2.5391663281283634,2.54794584741296,0.00400822182149602,0.19463283139097562,0.2750852328852436,1.7507809363042663,-0.0003598982712469097,0.04599902962234927
260.7991528140065,5.04737920219266,-0.02339810440660425,1.9728094681382553,2.5766320208739777,2.5557522107228636,0.003915987492443762,0.19606595671702332,0.27280135004573114,1.781127510399851,-0.0003066671689727598,0.04580805473577955
260.9641197952322,5.0537686302905085,-0.022990288659601652,1.9734381949386595,2.53214516454713,2.5630108917047836,0.00398013558482685,0.1943640139837557,0.27111346681673576,1.770774720675647,-0.0003169405369495631,0.045666045974866495
260.85776129343515,5.047745311519564,-0.023691139013262436,1.9730276612917348,2.5855246151496147,2.552462851764714,0.003919617953668734,0.19640406366517982,0.2787272558560187,1.7598260191813448,-0.0003251030102753803,0.04630280901100685
261.06774096863023,5.027176900961022,-0.02717299184255191,1.9737768556266215,2.0688317843332036,2.5270564267525657,0.003926674226367835,0.17567773781231186,0.24318027097652453,1.6488421194540706,-0.00043543843867802475,0.04324844346813316
261.00046640541404,5.02053223657194,-0.027584670977646785,1.9735167684267578,2.1124117218618053,2.5388523946865154,0.0038093035701352493,0.1775218926454623,0.24613579402075672,1.6568666271257464,-0.0004045809697308929,0.04351078689172445
261.11855949711685,5.027199929332658,-0.02732592094945504,1.9739668758206288,2.073919266214454,2.51653432624642,0.003819630242112003,0.17589607535001098,0.24839723373364186,1.628269563910397,-0.00040928663416488464,0.043710186870434896
261.0215921767675,5.0227132717419245,-0.02776106146726504,1.9735941788576872,2.097583965002062,2.5319887228749893,0.003819787288671935,0.17689723735352408,0.24490011005560844,1.65543252835129,-0.00039923428914185054,0.04340147016415608
261.4627165652966,4.958827299252579,-0.024154820910752012,1.9753088746013767,2.6352231122855834,2.5103524463183398,0.003890031774566471,0.1982840283428327,0.3317681663636764,1.561878538609064,-0.0006027595885183154,0.050514349437170585
261.4045852358633,4.949666394732747,-0.02453665854852911,1.975084536433029,2.6926995532108995,2.516348832018582,0.003845916741889196,0.20043641010237234,0.33799577482801907,1.56844686864823,-0.0005846704206431562,0.05098652429001505
261.5239248948123,4.962926218032667,-0.024400562926138385,1.9755370852348046,2.5993252528632693,2.491860444562566,0.0038424701101819904,0.19692926323916174,0.32842706153877893,1.5458988272331269,-0.0005721138837882315,0.05025967267641859
261.3825073226055,4.959395815885595,-0.024821190233285717,1.9749975597685192,2.6546129245601717,2.506519612441121,0.0037847977324736784,0.19901448121278884,0.332048145361071,1.5744580193991033,-0.0005541220340683642,0.0505362192051288
266.2246740525032,4.292546870758756,-0.03557695213636684,1.993047133982346,4.080989077740231,2.1060416982068833,0.0037275432903880303,0.24677193957865184,0.6750488942949717,1.2023043277269512,-0.0010221650808340075,0.07205302894963221
266.5301360512623,4.30274030636816,-0.03624570205994102,1.994178522898733,4.0330840934864876,2.0999560151936816,0.00382093143909412,0.24531751967674062,0.6741547486942248,1.192413153886354,-0.0010284892485973624,0.07200519404217909
266.3884083593218,4.320425827790931,-0.03714741107568144,1.993631476294726,4.090493477479884,2.1080200012378274,0.003716127836647204,0.2470593690772024,0.6779342243950663,1.2047313161783972,-0.000970797318416595,0.07220759102587049
266.57925710515894,4.343768853020774,-0.037254833111718996,1.9943437415792618,3.98747046378276,2.1065603742959293,0.0038025250762462534,0.24392627028902722,0.6635843153633151,1.196947912542879,-0.0009502695823353055,0.07143942693838501
266.1955211357574,4.336511793234321,-0.036500348276673984,1.992921273962886,4.057777083654166,2.115460052978776,0.0037469498457869507,0.24606868438775042,0.6674062649514833,1.2139481505311374,-0.0009446813977631691,0.07164497137159984
263.51768840714,4.990191785595926,-0.03602987236837455,1.982877120567323,4.196699771610175,2.2862272052557944,0.004288886703614575,0.2502377179301234,0.41397083211511554,1.8324840764134775,0.0002564682927795257,0.056429825804134096
262.8427908334949,4.978661742079605,-0.03293335856401291,1.9803893866489557,4.250083142687995,2.287465939753742,0.00440624371203673,0.25182267922664825,0.42088186132754685,1.835234499881536,0.0003510023564446973,0.056898414536684934
263.4434089351205,4.996850601760874,-0.03637187959129091,1.982591300422536,4.249493365462131,2.290772078465374,0.004210826699725731,0.25180854443382167,0.41548470073965726,1.8480366266483688,0.00041194287679567794,0.05653199503468883
263.80445773264023,5.004041122514511,-0.03623994036404775,1.9839522758577688,4.071166693054472,2.2831114117759634,0.0042901271941603375,0.2464655691867438,0.4007912764133943,1.8313999980385138,0.0004071959443609548,0.055523364541672615
263.2122114278927,4.996270314571785,-0.0354378808322305,1.9817377792420336,4.266280738604751,2.2922152609810396,0.0042102883266738255,0.2523055793907066,0.4184754640338421,1.8526048855243704,0.00041526030121278505,0.05673508253199066
265.24655041304544,4.661119393196801,-0.03722248105005379,1.9893512069045574,4.001153538182864,2.2830217089268503,0.004223574204648371,0.2443376167233674,0.5218682149794107,1.4990626141226484,-0.00038142931550254013,0.06335791502357287
264.9647548380735,4.661669516425465,-0.036320812525578686,1.988310496874561,4.006130179034114,2.282457007749475,0.0041092611617919075,0.24449151666158483,0.5220627840861555,1.5007560999247451,-0.0003291997409017497,0.06337001812706143
264.98960045236487,4.664759830135644,-0.035975524174056986,1.9884100243985225,3.973289106626855,2.283845952870202,0.004189236129236378,0.24348567265369328,0.5185964251721998,1.501631722400233,-0.0003169474240229276,0.06315934463629105
264.90890178228966,4.665144300064478,-0.03680548470378405,1.9880919400273054,4.036401493235728,2.285180803993181,0.004072050186680133,0.2454143777649968,0.5219870738949687,1.5112716743947237,-0.000265883712245835,0.06336572014629845
264.649877645133,4.636942696912229,-0.036104524452336625,1.9871322646270992,4.2182787096502805,2.2831608787796034,0.0040186880306324856,0.25088490164343497,0.5453911579087094,1.5066712139850713,-0.0003216256881066586,0.06477046515360621
263.89505177429515,4.922069642622659,-0.04250269001738656,1.9841687522424958,3.0650166841922775,2.3098440543963905,0.0038909807289429564,0.2138489605854529,0.37444686592495136,1.5800055223414666,-0.00019661858622687612,0.05366863002021348
264.070590114788,4.926011570350918,-0.04257390701030733,1.9848273359935795,2.9650805462012424,2.318850897102515,0.004114283333174175,0.21032832951850786,0.3613299596695516,1.5997574267465762,-0.0001456613945439846,0.05272039463988732
263.42359007063845,4.928294253118083,-0.03906661733281968,1.9824654280967433,2.9014466306105327,2.310239304948049,0.004031619158340828,0.20805989435295813,0.3565484649715895,1.584320461306619,-0.00013495070083361605,0.05237043333876284
263.25293198911487,4.923422439130333,-0.03938640950109545,1.9818165781398938,3.0024192763043596,2.314298312716314,0.003903599383676828,0.2116529941115751,0.3667140031414513,1.5908261186824646,-0.00010196168355688865,0.053111830612934244
263.95415219463337,4.940834155399505,-0.04204388843282235,1.98440079704319,2.8750479113928833,2.303012402391389,0.0037446724172030326,0.20711624824020458,0.35008109642693586,1.5736873528531834,-0.00014547923670000154,0.0518932591650218
263.4206838777446,4.930468418218578,-0.03987937169777321,1.9824383051909293,2.9337345842779636,2.316919885710667,0.003972295806298146,0.2092159272461338,0.35724399914032645,1.5965454193062532,-8.175545205277301e-05,0.052421599352403925
264.4670597290266,4.620184923774089,-0.015600143121811108,1.9867124058929626,4.149958269110546,2.353123712357402,0.0037529431005740594,0.24884853038836732,0.6450823716264777,1.288082207441058,-0.0012854538625764723,0.07043095695645225
264.36022985062266,4.613779292019317,-0.015469076065540965,1.9863121054061552,4.1841113244236565,2.3543832158980487,0.003794616126071251,0.24987001348910926,0.6475925151517357,1.2896806040995357,-0.0012516314358896445,0.07056850788086196
264.10573007845346,4.61033622566037,-0.015497483172021773,1.9853554836226335,4.207676654838626,2.3641952316749215,0.003736143534812955,0.25057371237533343,0.6407758227152686,1.306960671714165,-0.0011834596211665119,0.0701971809508225
264.3397659662332,4.56975426045244,-0.015941350732771333,1.9862314856591812,4.328237827555361,2.3590751264660006,0.0037174937006051938,0.25413922332250194,0.6649190828383401,1.2951408226013406,-0.0012971769153551093,0.07150580051806853
264.427627145309,4.527502952397585,-0.018015487518411272,1.9865438440614056,4.520053808967756,2.3568041992925655,0.0035776950019074786,0.2597127062439557,0.6924357155949211,1.303133331926599,-0.0013395393459131623,0.07297009124182419
264.4764206856203,4.430000540694888,-0.024232643698155004,1.986661028697115,3.723687290486505,2.254641029410021,0.0037010102100443654,0.2357195892782193,0.5984609916506046,1.2325278833080289,-0.0013717707272222792,0.06783556835976222
264.2543405809629,4.485731681480378,-0.022842366044272856,1.985843111086638,3.5965782525560606,2.265633238452692,0.0035371816071780816,0.23166303281379985,0.5814947833086225,1.2324339109866675,-0.0013234738714482228,0.06686766940452842
263.85662063260503,4.501444368532708,-0.020613714082942082,1.9843723420004273,3.5674313076081194,2.2725715917917366,0.003897356109743933,0.2307163930293857,0.5699477016199475,1.2410091252511752,-0.0012097355384419254,0.06620233854865884
263.669262127552,4.50828939683728,-0.02082134538133828,1.9836654437891632,3.603223871237066,2.280140182957326,0.0037651922534296515,0.23187342256504315,0.5715829794697403,1.2511193100244564,-0.0011575433217222778,0.06629820693823907
264.0459947397231,4.508680638954119,-0.02240405799506365,1.985065000019048,3.5989586882161406,2.266936329116623,0.003700791164306565,0.2317371473489242,0.5754177531629964,1.2343935208912156,-0.0012153152009915574,0.06651927102658571
263.579776991239,4.51430983063403,-0.02051293593503964,1.9833319797040088,3.5754672247472072,2.283528073760021,0.0038205530910956965,0.23097745741303774,0.563179943272234,1.2623463823711734,-0.001128272152844397,0.06580942494609363
261.44300176477054,5.019093233551893,-0.015465717020321852,1.9753215349140292,3.5723931197220025,2.5251030385367503,0.003835938096751648,0.2308778592097478,0.38926177270631407,1.722822435933235,-0.0005223943849363188,0.05471789864949764
261.6428653056857,4.978769342999802,-0.017796093223070103,1.9760568543663337,3.795211227679599,2.5231412043500727,0.004034528930012197,0.23796778410747815,0.4111864948583202,1.7255467728090836,-0.0005293632486434789,0.05623782367697632
261.47766237814415,4.974088286228135,-0.01761931452361664,1.9754344426078665,3.8542200549245154,2.5170875513532756,0.003963382994201025,0.23981235176029028,0.4230409388252931,1.7155890997396166,-0.0004924580139527139,0.05704312888500564
261.9001302951269,4.991634322168507,-0.018698649371705654,1.9770198605718803,3.712082216617251,2.509503474398289,0.003920362373598255,0.23534834383776077,0.4039325814046764,1.7167517216061072,-0.0004974835903660234,0.05573980815530505
261.4596191912037,4.975204045315578,-0.017579548290710033,1.9753666331772466,3.8325728501567045,2.5139463044396426,0.00398057867890804,0.2391374810573745,0.41831509887638046,1.7258421537794213,-0.00047988342415484944,0.05672370020365786
261.82759785748306,5.089185687143459,-0.017082912131951844,1.9767606757017648,3.8055715532985372,2.513559931431788,0.004002468799708694,0.23829300381226803,0.3764345454127981,1.8299416174105958,-0.0004686367971196221,0.05380920672971867
261.3756371618006,5.1240344816371675,-0.013345364514995144,1.975082482862085,3.559119942206725,2.5182431035412254,0.0037689033122961526,0.2304495357666991,0.3514407813318922,1.8377414780029666,-0.0004186336952884184,0.05199245494741626
261.5586025337945,5.081510956019047,-0.0157054139775062,1.9757563309482673,3.813673693198463,2.508663995466035,0.004035449546671536,0.23854605012557936,0.37699823347771727,1.8272234222306707,-0.00042586454615797987,0.05384983798262889
261.31711660424554,5.0762861300463635,-0.01544484492866232,1.9748460518405702,3.8721257542085468,2.520323182845471,0.003920055483663472,0.24036962135346926,0.38245771661873923,1.8332268139257644,-0.00036835642602785424,0.05423879376490749
261.6300727007274,5.082003312516872,-0.015819792552123985,1.976025352161105,3.78795422573982,2.5139607708711074,0.003966897770118682,0.23774123318642923,0.374757076389779,1.83891565977714,-0.0003512631080469931,0.05369006757016388
261.3135441580795,5.077279711429594,-0.015460873686818019,1.9748324265612935,3.847634785366278,2.5078233105174554,0.003942539248017568,0.2396076819312998,0.3784376643075676,1.8368484150414044,-0.0003633395918668994,0.053953006779539556
261.07282116319413,5.177582814160658,-0.02061057135979904,1.9738754964385856,3.197227287275619,2.4966871833129414,0.004029384715303652,0.2184114793610014,0.2872831000025165,1.9513321901461131,-0.00023813459569616642,0.04700865124563446
260.578380773344,5.210042440288229,-0.015940048752258705,1.972048548750012,2.9883384448486754,2.4972426726855677,0.004192818069575468,0.21115038862777508,0.26719210411189787,1.9531120820304058,-6.973157289603084e-05,0.0453356263361561
260.40159993249114,5.203504120070649,-0.01603235057348794,1.971378707276614,3.058865687661448,2.518501866538298,0.0041195930773778155,0.21362991529516143,0.27022922695421464,1.9741069747542572,-2.1456945750879147e-05,0.045592607962100004
260.6368327829732,5.20464837149043,-0.016972038787575482,1.9722611215898402,3.044579428853356,2.4952209384698767,0.004073929903956813,0.21313115001771632,0.26961367229882305,1.963411718811341,-3.809636198535906e-05,0.04554063980713013
260.3531989651457,5.203161271978321,-0.01574483733993503,1.9711977935681566,3.0541819540703172,2.507593467775516,0.004136379811852872,0.2134659121421584,0.2705149408679071,1.9730423866016373,-1.684667304172327e-05,0.045616706114229355
261.63428298431836,5.111382649624831,-0.01457580078531523,1.9760508202738294,3.444564599171319,2.527655715422496,0.003928477170512585,0.22670681285539454,0.3786406524081916,1.7151522043447338,-0.0005491212016452456,0.05396590469033054
261.60249914986,5.099174848714742,-0.01470711142409622,1.9759298098763625,3.504835684572622,2.5317982432672395,0.003925172982466932,0.2286822541952332,0.3864579667211115,1.7091957272817746,-0.0005376382952935915,0.0545203130514291
261.5532273831445,5.100552343623662,-0.01427527218843263,1.9757468789764556,3.5066140437848343,2.5417983032866704,0.003968053124361927,0.22873954095426294,0.38208514771704544,1.7188440994761431,-0.0005321316506348539,0.05421100770882923
261.43019457865205,5.089457277706795,-0.01475402336898368,1.9752785933788872,3.5575273501964935,2.529773786732947,0.0038821427744746965,0.23039607658278322,0.3884686407304324,1.7166467614599277,-0.0004577071256393271,0.05466270042266626
261.6657918276008,5.111636334287878,-0.014881844319864937,1.9761675309107951,3.4509753959952185,2.5284458040318043,0.0038868284594302323,0.22691846118626435,0.3741165955350665,1.7212267122750902,-0.00047539309568206314,0.0536432098877289
261.37232704257275,5.099240876414047,-0.014356473373480992,1.9750628850166712,3.5424413847086624,2.5253116225209062,0.003912638914340994,0.2299063955830494,0.3861217144128075,1.723207395161208,-0.0004553412609591796,0.05449733661639568
261.9723440947301,4.963671201327308,-0.013136593943871667,1.9773372035108385,3.8665868243836092,2.5164692690161927,0.0039880570877648906,0.24019647480941064,0.45705629563474715,1.6316645125656366,-0.0006508027744174892,0.05929075909851075
261.8577356006678,4.952430721444728,-0.013336839869407929,1.9769032704339797,3.9000476526856294,2.523822905577415,0.003934523664506252,0.24123471139437602,0.4563223667548241,1.6397143241020178,-0.0005911261169669578,0.059243755973722875
261.96177976380477,4.94454833620099,-0.01310090062030181,1.97729756898411,3.9004488159050053,2.5168965383319124,0.004014445106942353,0.24124580452147718,0.46097617504653005,1.629351860731015,-0.0006241777066984095,0.05954478129501746
261.78833670614165,4.938742591977144,-0.013586524539755795,1.9766395761254212,3.9705681484965263,2.5273343145813407,0.0039286686667120915,0.24340660782751386,0.4627953582666305,1.6504625904797547,-0.0005624191196970229,0.05966278554587018
262.05870842074256,4.958575707942756,-0.013661611091740675,1.9776595679393656,3.8534851454064385,2.5182876714113407,0.003896144601480989,0.2397905830511845,0.45384691459557785,1.6223072101170513,-0.0005942830793857023,0.05908279732625421
261.8447309581263,4.941011009908631,-0.013920827480599224,1.9768501519766517,3.9723805277472874,2.5259387741186674,0.003960136939573339,0.24346165801536038,0.4667654364856169,1.6417804564586094,-0.0005574223905851562,0.05991821624397828
261.70880378828195,4.987391511987797,-0.01388183805223118,1.976337229232685,3.739938669623505,2.541014799721708,0.004014075972023177,0.23622842195156202,0.4226907464694578,1.6840814291066686,-0.0005650112958424832,0.057018839367088674
261.74133961902163,4.966890304890128,-0.014117140126679103,1.9764584146516981,3.763830550041548,2.5215432523025187,0.00401963727986749,0.23698189359082425,0.4315155756177474,1.6670142587188406,-0.0005511091041053758,0.05761116958047591
261.81413789829384,4.973544809538558,-0.01426558675498882,1.9767322006303918,3.731620559821495,2.519208918075393,0.0040632027006457195,0.23596465759702354,0.4251434840145164,1.6738435608986852,-0.0005408716388812091,0.05718428062229699
264.27269048680273,4.54800506490652,-0.015078244701977226,1.9859861936239906,5.202622188178192,2.3346347345994727,0.003651008164046031,0.27863551025467204,0.8737204290184077,1.2663075963375594,-0.0013668485323296911,0.08196986093775165
261.86620708899983,4.991663109345662,-0.01438016214587704,1.9769279357152303,3.6719094588847017,2.52199277340439,0.003946461384304149,0.2340705966837059,0.4138162875059687,1.67619071687268,-0.0005042989654188763,0.05641762042250499
261.5631098659859,4.963978547188834,-0.013731379511777633,1.9757880610383964,3.8376623561589094,2.5305801990938495,0.004069427618942181,0.23929476046936682,0.4339847408955651,1.6934813329435467,-0.0004923507557559669,0.05777630787328335
260.8432192207106,5.162782357809064,-0.018811574512757744,1.9730252155238328,2.871297982661053,2.5491590456169706,0.00405318666209697,0.20697527738583346,0.28291945261878315,1.8525506870400428,-0.0003311796191222975,0.04664969240780506
260.81129978943665,5.152436359604766,-0.019088658818956824,1.972901819683638,2.882948196354148,2.53201097500264,0.003989137422669978,0.20739615314693677,0.28587570014009883,1.845356307461227,-0.0002762208089282871,0.04689315034518628
260.78337451831305,5.153080575349793,-0.01872790108703975,1.9727996445751899,2.8871183239443385,2.542020410752738,0.004039466260162843,0.20754517816648732,0.2843351123174485,1.8495030770048777,-0.0002796472984134185,0.04676660099965755
260.7017145011418,5.144858158146152,-0.01916535052360427,1.9724865158038447,2.912233976069503,2.531608290796372,0.003969582312484772,0.2084476460974564,0.28609032584781,1.8592035068574464,-0.00022492617691212326,0.04691102452972929
260.90598773144967,5.157367334642925,-0.019041842866312657,1.9732604055452585,2.8521360145172716,2.540487990347582,0.003952359439002654,0.20628517421615972,0.2816765633118535,1.8564175093265336,-0.00023245576459275172,0.04654770412194433
260.63051871420674,5.143430167947942,-0.019015349623962674,1.9722185879059564,2.9379653663967,2.547683325270711,0.00397851134018063,0.20936666591585332,0.2901625824618158,1.8531272953265632,-0.0002442630842491221,0.04724362603184226
260.5551678232989,5.136642181289515,-0.023621734997204366,1.9718836465359726,2.2302112333423536,2.5491625216509592,0.003882285603828552,0.18240521561757927,0.2233213159059307,1.8431959986980078,-0.00025695395713852423,0.04144623325301562
260.5650111325541,5.127191247548152,-0.023851933573025338,1.9719181276535342,2.264264679085294,2.554392284818667,0.0039139141058607925,0.18379248212753485,0.2281251116004578,1.8350115578000303,-0.00025389096287849254,0.04188966567247489
260.53340588690537,5.134265368818365,-0.023640993671499293,1.9718010549337142,2.2376673018464968,2.5492893263989056,0.003937385709105456,0.1827088296287907,0.22287101434292433,1.8454699693435344,-0.0002298888960965649,0.04140458391431976
260.4491371856944,5.126606766800232,-0.02400597787792394,1.9714776864160775,2.2946940891821295,2.5581180147221936,0.0038401293864167856,0.18502545477981297,0.22900156016694756,1.8478006811264995,-0.00019530203064982145,0.041970374312596946
260.61806914543286,5.140310433381762,-0.023831408193675883,1.972119162608406,2.2190977784431953,2.5523605103239007,0.0038724452805105687,0.18195017596136934,0.22080142101302486,1.8519951872181604,-0.0002042221475212169,0.04121202206450713
260.42973967236384,5.128552035042511,-0.02393641083125612,1.9714051050259926,2.2792884041686086,2.553781622884659,0.0038819376737590176,0.18440217046678534,0.2282408069311458,1.8462391772173126,-0.00019860340602381133,0.04190058557516928
261.97566557430684,4.895625680726475,-0.023133335557977187,1.9772580533649402,2.9072916771192485,2.4571468514582464,0.0038532199467348743,0.20827281576666254,0.39853190821496126,1.4553074152979983,-0.0008151937895674976,0.05536213075991079
261.95870483260234,4.889792525829306,-0.02329635180475328,1.9771921240498012,2.9036775535604558,2.4494072803729243,0.003838442458071,0.20814354976352162,0.39516966244677026,1.4593358143031991,-0.0007871668862769051,0.055128459097811486
261.93260751426163,4.8939893305096245,-0.022929659823895,1.977097907008729,2.8807733408145104,2.4534463642574074,0.0038902304595969744,0.20731976059713522,0.39100964309407393,1.4638762389985354,-0.0007863199091177038,0.05483747064133754
261.848435337398,4.885590872393045,-0.023325615793800367,1.9767755354866565,2.9415808486407857,2.4482315829753056,0.003805105588372013,0.2094987182352659,0.39904966614643755,1.4648960769989738,-0.0007359310697944153,0.05539919874846178
262.01621358867453,4.901469144461736,-0.023259616114339212,1.9774096048398924,2.8554841878331962,2.442800722076028,0.0038221782533298648,0.20640871574617384,0.3874269512052795,1.4498758456250156,-0.0007532002637099701,0.054586078869309114
261.8272647835677,4.886063684682489,-0.023074543229627823,1.976698557972379,2.9295860630789043,2.4469432507955835,0.0038374521144307998,0.20907041656305686,0.39644496020644954,1.4696573242830642,-0.0007312760027033407,0.05521812974359562
263.2410606381842,4.651482218470212,-0.021422366658214346,1.9820474607102672,3.15929143534218,2.369317875681209,0.003931382980002668,0.2171132141082951,0.46103909781623736,1.3520881855866627,-0.001064983196062212,0.05954259323693037
263.2625683076288,4.643018470207585,-0.021180016926464915,1.982131042886913,3.204585255682479,2.355421462332117,0.003876982273544014,0.21866549725614848,0.4718713617592315,1.338015414924362,-0.0010538165292338962,0.06023843604014762
263.3071755342791,4.64505562903597,-0.021110421474860284,1.9822997235282978,3.2176134218101167,2.356743459472591,0.003926056501913726,0.2191088017467186,0.4731398086378449,1.3390716128152829,-0.0010545065554122953,0.06031935846348564
263.08145192237714,4.655888058571766,-0.021259949384113165,1.9814481697017792,3.202636576730213,2.363386702780961,0.00389308309122719,0.21859869584558655,0.46565160306169884,1.3530816396867256,-0.0009924894162420587,0.05984104254544336
263.82892070953443,4.586865934162885,-0.024881548421752945,1.984219240347464,3.3861739213265243,2.3530111881750746,0.00381468002978702,0.22477846313604105,0.4977508325083696,1.3415215931856326,-0.0011337769645969507,0.06186733473773732
263.07226472618834,4.658244814988706,-0.02055700381370603,1.9814209855367364,3.23226996903943,2.3685343340967813,0.0039054934523884447,0.21960779239291764,0.4716961831327659,1.3518565249398031,-0.000997781393812816,0.06022820444139534
262.5805906446995,4.854431639776359,-0.013770615875461781,1.9796271526080058,3.9026578765045175,2.4880388910158873,0.003934526139492324,0.24131544610014738,0.49164302343477756,1.5467229341605073,-0.0007891022873801022,0.061491842781110424
262.5399797345981,4.845544208536041,-0.013753132720505164,1.979474175521937,3.9629339102521115,2.4963609431082463,0.003879486343929074,0.24317322406651384,0.5026085786043251,1.5374199437403668,-0.000780166749566592,0.06217403939958185
262.5945651641463,4.8429203628028805,-0.013717265976001581,1.9796802026427727,3.90837046001411,2.4886332278614622,0.004009549138794962,0.24149080930462083,0.49341855963955394,1.5471528785043707,-0.0007613617398418593,0.06160314691753845
262.42155137297163,4.846878124842431,-0.013757772562585174,1.9790276138611698,3.9896823172823113,2.4985939721436194,0.003909695219589346,0.24399223667190773,0.5023643669521551,1.5525518669170622,-0.000728007487019018,0.06215956313670641
263.1089566785618,4.7890716106698346,-0.01833149235202412,1.9815810126763724,4.227957451398384,2.4810573051075444,0.0038280301821563413,0.25117561335270855,0.5377209672754205,1.5273620590383006,-0.0008771581878133607,0.06430820885704565
262.4009047915133,4.847995085044835,-0.013245566827721829,1.9789532510289674,3.9339284664243706,2.4956001327317017,0.003900114319623004,0.24228111637813157,0.49830225822746427,1.5460379394590666,-0.0007290425733718743,0.06190769573311244
266.8346423593932,3.841217228793324,-0.018800419913806557,1.995558354594039,4.316438310130584,1.9972143998823422,0.0034802312096493507,0.25379586360052464,0.8037028520996826,1.0431765405374136,-0.001853808447986365,0.07860593505438503
267.38666282530824,3.7873584151418713,-0.02175694774500662,1.9975916372060114,4.521548360087039,2.0162853825144613,0.003363759851568513,0.2597585061915596,0.8342887980040531,1.0475031772599743,-0.001917084743896161,0.08008702094957358
261.6959115357085,4.887280600837808,-0.02606099513876658,1.9761654667388078,2.378919491994778,2.4444598805653115,0.0038198901301704623,0.18839232870247757,0.32457413895012405,1.453637111643608,-0.0007435318161632431,0.049961698391953586
261.6344802849442,4.894494209338886,-0.02606431408374895,1.9759334236229245,2.3643353382317813,2.4386948568889815,0.003808200364800913,0.187813963133121,0.32139421979545685,1.45964810856439,-0.0007029106050864159,0.049716889945742575
261.7121802632931,4.883750108302938,-0.026011962157175664,1.9762275481464648,2.3562588278016716,2.4361624891686673,0.003847070914186567,0.18749197916544674,0.3204229865713729,1.4539704078876494,-0.0007195621553211958,0.049641458829287104
261.6325065174916,4.881971167003607,-0.026126402037126958,1.975925149128821,2.368018054141124,2.4242706344485723,0.003798735721170384,0.187960428425249,0.3233111385837877,1.4569686219270177,-0.0006790380592831002,0.04986529520268453
262.1654965813889,4.859437557457334,-0.02973162984751629,1.9778862175591205,2.428842602649962,2.4146919074431787,0.0036946133197573957,0.1903621074728933,0.3344797204015394,1.4483441633421483,-0.0007603303264995313,0.05071826913411273
261.5909018965948,4.886194030497992,-0.025941320816834163,1.9757704490214545,2.3470327617730975,2.427699633474181,0.003754479916500148,0.1871262771726977,0.3231220770179807,1.4427740714736035,-0.0007027954197606492,0.04985038131446754
262.28276131711806,4.721314002366175,-0.027973361900622162,1.978354258059953,2.3053161890263594,2.325332114920139,0.003934578821345832,0.18545140442532343,0.34522417308070047,1.3344878446236856,-0.0008873934594778068,0.05152458728614243
262.28801438414837,4.710483581563294,-0.027913133294074924,1.9783749241069561,2.338203603275761,2.309725698976808,0.003909823524219632,0.18677064684508446,0.3546967079407179,1.3224865783236093,-0.0008842740946034971,0.05222694969318247
262.3360725709441,4.712483817910968,-0.027926742211276785,1.9785560054709213,2.3468533654720223,2.312095693340952,0.003950865677747457,0.18711507911341782,0.3563422558307694,1.3182780850951934,-0.0008933616282887769,0.05234783835673069
262.2555461366752,4.7098632982335475,-0.027950138036324377,1.9782519233961817,2.341762624402737,2.3097527125173714,0.00389879733472243,0.18691302881441318,0.35282603852482913,1.3300207171814347,-0.0008523027976756954,0.052089538586284935
262.75442931198285,4.692037364413992,-0.030937818901881943,1.9800885716402796,2.412014220791797,2.3095232005461934,0.003828117443698848,0.1896985971678786,0.3626826242238786,1.3322527060740097,-0.000920025898268741,0.052811172042761895
262.17188592474025,4.728130579204175,-0.027453486398186788,1.9779432572351268,2.348674030769904,2.31823628716907,0.0038879320808662137,0.18718899610896575,0.3531449561718467,1.3303683262091779,-0.0008421611107243534,0.05211324618102334
264.2041437696211,4.456304945987108,-0.022938887565252013,1.9856533526360032,3.4474822199317408,2.2009405414937944,0.003680478570475208,0.22680699412482008,0.5797952621623205,1.1811998904072913,-0.0013765505981491095,0.0667687701215584
264.0050422962939,4.478661692850943,-0.02281122841749664,1.9849063991721148,3.4443605622092193,2.2120204066140245,0.0036930883668250293,0.22670405311430233,0.5760655812765643,1.1915574104950577,-0.0013305875654747031,0.06655451328691407
264.10555502059236,4.4664491938184945,-0.022798986252374937,1.9852844032422896,3.44105669047974,2.2159713929336147,0.003746010943525894,0.22659440082181673,0.5749964679015702,1.1899577445137666,-0.0013447051384003269,0.06649241702013667
264.63364495520244,4.418393210754944,-0.026218480270200194,1.9872263298744028,3.6193199145149744,2.2009581996261316,0.0035967476348119838,0.23239355331655154,0.6072792093764757,1.1777417071606253,-0.0014296312789060831,0.06833253023320278
263.19379254219837,4.831055993542985,-0.016765307625404156,1.9819143485003443,3.733478756407111,2.457276967614718,0.003825939664017841,0.236027383398943,0.5328430048971807,1.3993062782563968,-0.001134801967317588,0.06401175337278227
263.0854374542215,4.819676334442579,-0.016137660276216045,1.9815115180419898,3.7636609036348165,2.4625410884297203,0.0038373902190933034,0.23697957248281862,0.5364641605564421,1.3944955961175924,-0.001113805047123535,0.06422932996079525
262.90164705977844,4.809427877323503,-0.01620357712228237,1.9808186752161685,3.8042550654732983,2.44804196399301,0.003663116043964088,0.23825723059583356,0.5448642682835139,1.3909372778237135,-0.0010625093916281155,0.0647312496092388
263.20351656193185,4.833145160269559,-0.0167629870312508,1.981950982547247,3.7068514306140052,2.4618950525585857,0.0037341800415019114,0.23518545162243892,0.5267262946932487,1.3961968680726875,-0.0010803094854612597,0.06364411724444945
262.89712569384,4.825227187457543,-0.016313936446770115,1.9808007351575263,3.767663824148946,2.45632872642237,0.0037191709811539133,0.23710747813459296,0.5332657886913273,1.4048502400563456,-0.001048178061929145,0.06403862780498436
261.12936329177273,5.094231403877936,-0.02308513868375774,1.974061868288643,2.4150744664891337,2.558811812288674,0.003973379972369095,0.18981596300399625,0.2809940000255838,1.6666381307264677,-0.0005382534259313841,0.04648873617489056
260.979139405546,5.102831846690766,-0.02300889855484542,1.973494774883117,2.3942024438120417,2.553436789653453,0.00394858855048234,0.18899410964756164,0.276206002981749,1.6686924781822539,-0.00047401167638935526,0.04609161392627422
260.92979526504814,5.0983982507183,-0.02328527815826791,1.9733049313311517,2.4194188458116344,2.5554234912885847,0.0038527545549303386,0.18998917159749962,0.27839804300885673,1.6750538228819118,-0.000452574025165357,0.04627438367511968
261.01189599619596,5.105246785329524,-0.022877102008008555,1.973620170763728,2.3617922843452783,2.555410205931114,0.0038607826141423642,0.18771181493778533,0.27348113577821337,1.6708888221025775,-0.00044683777429773016,0.045863944231294106
260.86545160091606,5.0964943246971615,-0.02341174150021742,1.9730600835652912,2.4290545562482158,2.5560051928498413,0.0038362273371742367,0.19036761535372168,0.28122155506614926,1.668077734554236,-0.00044492168216357577,0.046508545193059005
261.1780604595329,5.052711704432471,-0.025912322498710644,1.974210869791123,2.1976292869255065,2.541328915459653,0.00391841797797358,0.18106651573065916,0.270693986733708,1.5885736424879386,-0.0005702048806434613,0.04562824018968109
261.133245878535,5.052875256904071,-0.025625882394336257,1.9740451987396233,2.149214496760194,2.520020720070028,0.003906437802102211,0.1790602358245737,0.2645228216606745,1.5901575977735645,-0.0005278316630362676,0.0451055687203569
261.0690096393052,5.051015693414623,-0.02596443263616137,1.9737979204858025,2.2043563299367426,2.5296805944106286,0.0037972635144537946,0.1813461373592675,0.27128241527011665,1.5906308971281418,-0.0004981517432030692,0.04567865644489636
261.1509016634418,5.059490081369575,-0.025553597033540352,1.9741128806053134,2.1512907216195876,2.5265495561123466,0.0038050532497925374,0.17914892773990335,0.2652910158707929,1.5902570541197296,-0.0004944856384987913,0.04517140252456572
260.96541839544966,5.044116990404242,-0.02562755987027061,1.9734106194310645,2.22957333975784,2.535258081041933,0.00386995393947907,0.182379377898771,0.2735211003358575,1.594390489588367,-0.00050568409735938,0.0458666845075558
263.2414904002417,4.650276600000131,-0.01596068666976068,1.982100584012162,4.3107147998875535,2.5034177835082687,0.0037943728286162124,0.2536230068405286,0.5826341730269473,1.4905455435327628,-0.000906979289158671,0.06694011293346878
263.5337417001931,4.606017406930578,-0.01963655999908634,1.983167626266749,4.5047226763213555,2.4626658111335926,0.0037901120778901553,0.2592687830441674,0.6128633097335984,1.4615856964540885,-0.0010328873679005673,0.06865323222895005
263.8198329233399,4.625875470275447,-0.01983927938892282,1.9842418828384665,4.384398563759546,2.4520606500654005,0.0037369954913860828,0.2557827582117722,0.6027952333647894,1.444020845545919,-0.0010600880605888406,0.06808643494707427
263.53774352835666,4.6155926986975135,-0.0200212890397846,1.983178838411916,4.483021234112735,2.4653733261537423,0.003754902544972724,0.2586438968835869,0.6075559772377878,1.4713355118946427,-0.0010133995598226046,0.06835554504607438
262.0752715536758,4.915219948673342,-0.025491661423854565,1.9776049636914073,3.204278413902618,2.534613811542052,0.003921176543903884,0.218654236931924,0.38139046354431416,1.640057673700235,-0.0007015030377993912,0.054159770032586756
261.5097322869288,4.901260139389151,-0.02329495315200365,1.9754968179671601,3.2484108603589656,2.5279082152484884,0.003851128025173243,0.22015656473836043,0.38634195762707924,1.6429244298610894,-0.0006203768486243821,0.05451124971124479
261.74946792071194,4.906233246368947,-0.023218526790072976,1.9764031411739447,3.1965607367602145,2.5253788473486254,0.00384422724259585,0.2183920412002165,0.3832441692185007,1.635548080530833,-0.0006219481393660221,0.0542922209107666
261.20032057237194,5.074359759336731,-0.026692855024907293,1.97428461444632,2.6169450380080796,2.5681599088431466,0.0037921805967872837,0.19759681305785534,0.27697970330218036,1.7888970131271293,-0.0004744488970779717,0.04615612636008924
261.0715776580394,5.0667878668114925,-0.025895617674603282,1.9738085338500466,2.6474757013459396,2.5674828542747705,0.0038489192325692435,0.19874543649451923,0.2816609428114903,1.7795240767353526,-0.00046219643709513315,0.04654469906944292
266.4648406437399,4.070445718733874,-0.022276795548269505,1.994139142128067,4.082658046853427,1.9996164103810308,0.0036857772162541096,0.2468230333163171,0.760691932436755,1.0509067618665793,-0.0017823962026885757,0.07647417516479857
266.3984164148365,4.086942874550334,-0.022175659715149426,1.9938916739637134,4.1461502284418685,2.012006957008952,0.0037246426710403767,0.24873473072220675,0.7708928065067785,1.0560014459584814,-0.0017601980455369051,0.07698601410826024
266.2529739152003,4.0960235643703875,-0.022167721976574333,1.9933473294715423,4.175159309672148,2.0175291716998096,0.0036212662037404743,0.24960508212615234,0.7719647590699178,1.063857920432723,-0.0017075044814768277,0.07704073521734928
266.4960631593866,4.112042098459358,-0.022902775440337152,1.9942488922801267,4.163004026020233,2.021653750274342,0.003601173226472051,0.24924168993058948,0.7718573715077439,1.0571821780043336,-0.0017602786295632512,0.07703418601737617
266.142664345975,4.129371214887932,-0.021916550332147806,1.9929370881062762,4.210489111635541,2.0300755114400126,0.003669919412334111,0.2506584384390323,0.7790183459854008,1.070851197368135,-0.0017296639991888256,0.0773915827317301
263.9056560926844,4.684960529595885,-0.01913337072874806,1.9845715667537938,3.766485013105553,2.363002259645252,0.004085601960988823,0.2370643416502625,0.5681766384130809,1.3363136904328978,-0.001099688820488899,0.06610128751206407
263.5228426583227,4.761578593143216,-0.018922436877387618,1.9831335551285976,3.6978410658917507,2.396736891963133,0.004172877671273426,0.23489198537161174,0.5308563220391402,1.3967014102009014,-0.000943786598575719,0.06389537883437421
263.34839852295204,4.766659773213003,-0.018704756131529,1.9824790653071036,3.7250762540439175,2.403616340784462,0.0041149157793047885,0.23575669770668412,0.5312686168677735,1.4078594598388396,-0.0009022405260939093,0.06392079184621163
263.67930404790377,4.77287483061454,-0.019559919826691675,1.9837160608946418,3.6731531524484886,2.398911508053042,0.004052291987381934,0.23410843707452578,0.5267968744402574,1.3909544029597376,-0.0009727852117973022,0.06365011656291093
263.3538115116143,4.761645370456161,-0.01870137638160197,1.9824994733113694,3.7531151003927516,2.414388233361706,0.004094930616642578,0.23664292685962313,0.5347556602150746,1.4108671344279216,-0.000924479372350822,0.06412994945006267
267.27988848051933,3.6600698653417467,-0.024286788008397814,1.997163543328803,3.727246483029522,1.75217820689522,0.003655731685741093,0.23583294966706958,0.7343930773643219,0.951619326202727,-0.0019489095898930484,0.07513573896354193
267.19689130272343,3.6762297478405346,-0.024305027322431578,1.9968531665279199,3.7740893523289367,1.7537232932788087,0.0035714430904303864,0.23731189734199343,0.742262846992127,0.9559477078295803,-0.0019185844984351346,0.07553828990091124
267.2300973431943,3.713634733296148,-0.02458060965855905,1.9969738879612013,3.7423250403909964,1.7735638589870957,0.0035525663643046178,0.23631118655282335,0.7349131136496208,0.9601899999394391,-0.0019173887398351455,0.07516316529873612
266.99169341482013,3.733620419874072,-0.024339985309523755,1.9960857228830435,3.7552688709765176,1.7894284181554496,0.0035821440785336538,0.2367191529277957,0.7313627065474033,0.9696270035627722,-0.0018818050834157735,0.07498216976768274
264.99831359004247,4.566594996717383,-0.009772601114147203,1.9887441279779068,4.841785105047282,2.4218717599330644,0.003987692711445773,0.26879275964189026,0.682480806608183,1.3997606017984165,-0.0011386435951616935,0.07244691745883795
264.7906110536567,4.571381645032536,-0.00924898140502031,1.9879670844321358,4.847247202071055,2.4284835022810234,0.0040097119083102005,0.2689440376280017,0.6722026449365883,1.4123014795734308,-0.0010601869554344825,0.0719003865083827
264.63455014301445,4.555826417931756,-0.009356583153756199,1.9873806528874396,4.94229136824979,2.42085306300623,0.003949755462557537,0.2715694059379376,0.6877858432965919,1.41253910283036,-0.0010086739515766858,0.07272993132067511
264.90632260843915,4.576320194619837,-0.009437124776443626,1.9884005258623505,4.8285672976486245,2.4262466385208303,0.003900413522929826,0.26842681571700583,0.6748086045044168,1.4036422035885396,-0.001052332852252057,0.07203976689879568
264.5896691476523,4.569795168317454,-0.00882666233557671,1.9872145403929624,4.892133218547796,2.4189702840900336,0.003953540969938105,0.2701874964232572,0.6812799675989113,1.4135279522312194,-0.0010099323840132282,0.07238504798614119
269.47269288118724,3.2297892210941663,-0.014740219021010201,2.0054334236536504,5.046683654406252,1.8913083381220408,0.0033254225752444144,0.27443137247338395,0.9779432022102689,0.9757968581545193,-0.0021705963196853853,0.08670598900087026
269.34117768232153,3.2478660772176657,-0.014502958893588968,2.004945695407088,4.971400184170847,1.902816927062924,0.0033711111089642677,0.27237591369045394,0.9546458616651814,0.9852286577648548,-0.0021026823174823636,0.08566801288805832
269.19654512603694,3.2446057655916993,-0.014660381660329664,2.004406135414611,4.9583203730839,1.9170612393794404,0.0033429727186879555,0.2720176579217267,0.9409648106784371,0.9976693281741994,-0.0020438161346097144,0.08505300504379902
269.2993401018891,3.2770776647365696,-0.014664721694638349,2.0047887873256647,4.953451984667373,1.9036474406625183,0.003303616799639211,0.2718845440443076,0.9509705261496868,0.984059749355457,-0.0020813927545441555,0.085503366586705
269.1704268851254,3.242777206494726,-0.014107097827799344,2.0043128617503365,5.0973157770903645,1.8980150190447649,0.0033062572297407,0.2758050192068726,0.9819848432678471,0.9862384031785326,-0.0020885340499813927,0.0868870967930273
263.0219553360638,4.909116728919152,-0.012690112343481845,1.9812975008716158,4.273659946593989,2.495612055611486,0.004186501404054939,0.25252414252530975,0.5203481351293031,1.5901420576040395,-0.0006592379665863711,0.06326328609736069
262.8802090115997,4.899559421047106,-0.012307462304622993,1.9807659466731486,4.298216039762938,2.4969864120916507,0.004216424241127817,0.2532482970762801,0.5190085382337626,1.597879716231682,-0.0005957939802701674,0.06318242161046074
262.71263546967583,4.884349404186985,-0.012197279365030157,1.9801351817145694,4.391355727589833,2.5056723649578276,0.004183798411452572,0.2559787464433338,0.5295038496744806,1.603343489350115,-0.0005703148217841838,0.06381834592780979
263.1213271172983,4.911164198646849,-0.012736322586900063,1.981671459377742,4.228143766133922,2.4828063850398574,0.004100922118017354,0.25117684171299537,0.5168102018016504,1.5766144581472634,-0.000609447836231746,0.06304832800413376
262.6094715218364,4.8998144576475475,-0.011621289635726952,1.9797498065915773,4.336507973972946,2.497620637427211,0.004140959488123523,0.2543754156086123,0.5211211541666717,1.611194478018363,-0.0005307050686684005,0.06331147301201134
265.7631883615196,4.288354685975679,-0.011897961601241661,1.9916006603167735,4.916613092403477,2.336172239335773,0.003902866112679054,0.27086353131669905,0.7620931152544247,1.2807352284145421,-0.0013612096815143542,0.07655326146500419
265.70235355739516,4.280496762155311,-0.011751593744227785,1.9913735635379495,4.9147516059175285,2.3451764714339056,0.0039635553388251265,0.2708113583473461,0.7545190275312148,1.2896651775524024,-0.001323841318729888,0.07617243572076259
265.5489331065531,4.254458497968577,-0.011775628585944439,1.9907983942653542,5.010810488733635,2.3331431884461478,0.0038501482029210617,0.27344723916794494,0.7738316214750998,1.2865460324447175,-0.0012735789431408964,0.07714226423368342
265.8037319455089,4.28402596171925,-0.011923841635827213,1.9917524198013064,4.900266883402906,2.332740543282857,0.0038127190445365056,0.27041408037686965,0.7605120077934765,1.2819169860173525,-0.0012687512902149626,0.0764753727536238
265.37833694603506,4.2860042578602675,-0.011275594413031264,1.990161692340028,4.946582387662207,2.3493431996960967,0.003883181632004511,0.27168825660298274,0.7556413605133772,1.2984568837875587,-0.0012614363441147637,0.0762301425189055
263.51070249158835,4.790332495866553,-0.014538053270996614,1.9831248585459857,4.060544263824967,2.4626674445025265,0.004124041114861107,0.2461465631507522,0.5332075769478036,1.487165446025572,-0.0008409298469981918,0.06403818847176083
263.40577074452204,4.7845672250176925,-0.014278825531017536,1.9827318349284655,4.0802541600047935,2.4595786408655878,0.0041403013958179,0.24674313308645257,0.5340834392104514,1.4897446781135697,-0.0007993283349711724,0.06409130379377233
263.24236044954654,4.773913981264447,-0.014357080084262439,1.9821161239247054,4.139494127169642,2.4602133298118427,0.004082166820533237,0.24852933498767726,0.5408341356943858,1.4973475838775967,-0.0007504455281990279,0.06449573174849411
263.55045849511265,4.794147712409081,-0.014561311414865769,1.9832742878817227,4.006645010649324,2.4507868300761624,0.004082386587885185,0.24450768069834375,0.5259423323408016,1.490813151907143,-0.000756425180192096,0.06360139990379274
263.2614503288035,4.775842955148439,-0.014194711781704379,1.982189165594263,4.107764279351855,2.4441346684757557,0.0040397512105096066,0.24757543300446638,0.543277727385537,1.4821458112336952,-0.0007500674655828765,0.06464129361502817
